# -*- coding: utf-8 -*-

# Resource object code
#
# Created by: The Resource Compiler for PyQt5 (Qt v5.15.2)
#
# WARNING! All changes made in this file will be lost!

from PyQt5 import QtCore

qt_resource_data = b"\
\x00\x00\xa1\x32\
\x89\
\x50\x4e\x47\x0d\x0a\x1a\x0a\x00\x00\x00\x0d\x49\x48\x44\x52\x00\
\x00\x04\xb0\x00\x00\x04\xb0\x08\x06\x00\x00\x00\xeb\x21\xb3\xcf\
\x00\x00\x20\x00\x49\x44\x41\x54\x78\x01\xec\xdc\x09\x6e\x24\x4b\
\x72\x68\x51\x2e\x41\x6b\xd1\xfe\x37\xf0\x57\xa5\x8f\xea\x6e\xf6\
\x63\x91\xcc\x8c\xc9\x07\x1b\x8e\x00\xe1\x55\x15\x73\xf0\x38\x71\
\xd3\xdd\x92\x80\xf4\xf1\xe1\x7f\x08\x10\x20\x40\x80\x00\x01\x02\
\x04\x86\x09\xfc\xbf\xff\xf9\xdf\xff\xf3\xbf\xff\x18\x0c\x83\xf5\
\x42\x04\x08\x10\x20\x40\x80\x00\x01\x02\x04\x08\x10\x20\x40\x80\
\x00\x01\x02\xbf\x0b\xf8\x65\xd4\x3f\xbf\x8c\x5a\x65\xf1\xfb\x9d\
\xf0\xaf\x04\x08\x10\x20\x40\x80\x00\x01\x02\x04\x08\x10\x20\x40\
\x80\x00\x81\xa6\x02\xab\x7e\x29\xe3\x7d\xc6\xfc\x22\xac\x69\xa6\
\x2e\x9b\x00\x01\x02\x04\x08\x10\x20\x40\x80\x00\x01\x02\x04\x08\
\x10\xe8\x20\xe0\x17\x48\x63\x7e\x81\x14\xd5\xb1\x43\xc3\xae\x91\
\x00\x01\x02\x04\x08\x10\x20\x40\x80\x00\x01\x02\x04\x08\x10\x48\
\x2e\x10\xf5\x17\x2b\xd6\x15\xe3\x17\x67\xc9\xf3\xb6\x7c\x02\x04\
\x08\x10\x20\x40\x80\x00\x01\x02\x04\x08\x10\x20\x40\x20\x9b\x80\
\x5f\x0a\xc5\xf8\xa5\x50\xf6\xfb\x90\xad\x7b\xeb\x25\x40\x80\x00\
\x01\x02\x04\x08\x10\x20\x40\x80\x00\x01\x02\x04\x02\x0a\x64\xff\
\x05\x89\xf5\xe7\xfc\x45\x5b\xc0\x8f\x82\x25\x11\x20\x40\x80\x00\
\x01\x02\x04\x08\x10\x20\x40\x80\x00\x01\x02\x11\x04\xfc\xb2\x27\
\xe7\x2f\x7b\xba\xdc\xb7\x08\x9f\x11\x6b\x20\x40\x80\x00\x01\x02\
\x04\x08\x10\x20\x40\x80\x00\x01\x02\x04\x16\x0b\x74\xf9\xc5\x87\
\xeb\xac\xf9\x8b\xb9\xc5\x1f\x17\x6f\x47\x80\x00\x01\x02\x04\x08\
\x10\x20\x40\x80\x00\x01\x02\x04\x08\xcc\x16\xf0\x4b\x9c\x9a\xbf\
\xc4\x71\x5f\x7f\xde\xd7\xd9\x9f\x25\xaf\x4f\x80\x00\x01\x02\x04\
\x08\x10\x20\x40\x80\x00\x01\x02\x04\x08\x0c\x12\xf0\x8b\x8d\x9f\
\xbf\xd8\x60\xd2\xcf\x64\xd0\xc7\xc9\xcb\x10\x20\x40\x80\x00\x01\
\x02\x04\x08\x10\x20\x40\x80\x00\x01\x02\x23\x04\xfc\x72\xa6\xdf\
\x2f\x67\xdc\xf3\xeb\xf7\x7c\xc4\x67\xcd\x6b\x10\x20\x40\x80\x00\
\x01\x02\x04\x08\x10\x20\x40\x80\x00\x01\x02\x27\x05\xfc\xf2\xe2\
\xfa\x2f\x2f\x98\x31\xfb\xad\x81\x93\x1f\x39\x0f\x23\x40\x80\x00\
\x01\x02\x04\x08\x10\x20\x40\x80\x00\x01\x02\x04\xce\x08\xfc\xf6\
\xe5\xdb\xbf\xf9\xa5\x8c\x06\xc6\x35\x70\xe6\x73\xe8\x31\x04\x08\
\x10\x20\x40\x80\x00\x01\x02\x04\x08\x10\x20\x40\x80\xc0\x7f\x04\
\xfc\x52\x62\xdc\x2f\x25\x58\xb2\xbc\xdb\x80\x0d\x89\x00\x01\x02\
\x04\x08\x10\x20\x40\x80\x00\x01\x02\x04\x08\x10\xf8\x26\x70\xf7\
\x4b\xb6\xe7\xf9\x05\x8d\x06\xe6\x37\xf0\xed\xe3\xea\xaf\x04\x08\
\x10\x20\x40\x80\x00\x01\x02\x04\x08\x10\x20\x40\xa0\x8f\x80\x5f\
\x3c\xcc\xff\xc5\x03\x63\xc6\xa3\x1b\xe8\xb3\x43\xb9\x52\x02\x04\
\x08\x10\x20\x40\x80\x00\x01\x02\x04\x08\x10\x68\x29\x30\xfa\x8b\
\xb4\xd7\xf3\xcb\x19\x0d\xec\x6f\xa0\xe5\x66\xe6\xa2\x09\x10\x20\
\x40\x80\x00\x01\x02\x04\x08\x10\x20\x40\xa0\x96\x80\x5f\x30\xec\
\xff\x05\x83\x7b\xe0\x1e\xac\x6a\xa0\xd6\xee\xe5\x6a\x08\x10\x20\
\x40\x80\x00\x01\x02\x04\x08\x10\x20\x40\xa0\xb4\xc0\xaa\x2f\xcb\
\xde\xc7\x2f\x66\x34\x10\xb7\x81\xd2\x9b\x9c\x8b\x23\x40\x80\x00\
\x01\x02\x04\x08\x10\x20\x40\x80\x00\x81\x9c\x02\x7e\x91\x10\xf7\
\x17\x09\xee\x8d\x7b\xb3\xbb\x81\x9c\xbb\x9a\x55\x13\x20\x40\x80\
\x00\x01\x02\x04\x08\x10\x20\x40\x80\x40\x19\x81\xdd\x5f\x8c\xbd\
\xbf\x5f\xce\x68\x20\x57\x03\x65\x36\x3f\x17\x42\x80\x00\x01\x02\
\x04\x08\x10\x20\x40\x80\x00\x01\x02\x71\x05\xfc\xb2\x20\xd7\x2f\
\x0b\xdc\x2f\xf7\x2b\x72\x03\x71\x77\x3a\x2b\x23\x40\x80\x00\x01\
\x02\x04\x08\x10\x20\x40\x80\x00\x81\x94\x02\x91\xbf\x04\x5b\x9b\
\x5f\xd2\x68\x20\x7f\x03\x29\x37\x46\x8b\x26\x40\x80\x00\x01\x02\
\x04\x08\x10\x20\x40\x80\x00\x81\xfd\x02\x7e\x29\x90\xff\x97\x02\
\xee\xa1\x7b\x98\xb1\x81\xfd\xbb\x9f\x15\x10\x20\x40\x80\x00\x01\
\x02\x04\x08\x10\x20\x40\x80\x40\x68\x81\x8c\x5f\x76\xad\xd9\x2f\
\x69\x34\x50\xb3\x81\xd0\x9b\xa5\xc5\x11\x20\x40\x80\x00\x01\x02\
\x04\x08\x10\x20\x40\x80\xc0\x7a\x01\xbf\x00\xa8\xf9\x0b\x00\xf7\
\xd5\x7d\xad\xd2\xc0\xfa\x5d\xd1\x3b\x12\x20\x40\x80\x00\x01\x02\
\x04\x08\x10\x20\x40\x80\x40\x08\x81\x2a\x5f\x6c\x5d\x87\x5f\xd2\
\x68\xa0\x57\x03\x21\x36\x50\x8b\x20\x40\x80\x00\x01\x02\x04\x08\
\x10\x20\x40\x80\x00\x81\x79\x02\xbe\xe8\xf7\xfa\xa2\xef\x7e\xbb\
\xdf\x95\x1b\x98\xb7\x53\x7a\x65\x02\x04\x08\x10\x20\x40\x80\x00\
\x01\x02\x04\x08\x10\xd8\x22\x50\xf9\x4b\xac\x6b\xf3\x4b\x1a\x0d\
\xf4\x6e\x60\xcb\xa6\xea\x4d\x09\x10\x20\x40\x80\x00\x01\x02\x04\
\x08\x10\x20\x40\x60\x8c\x80\x2f\xf5\xbd\xbf\xd4\xbb\xff\xee\x7f\
\xc7\x06\xc6\xec\x9e\x5e\x85\x00\x01\x02\x04\x08\x10\x20\x40\x80\
\x00\x01\x02\x04\xa6\x0b\x74\xfc\xd2\xea\x9a\xfd\xb2\x46\x03\x1a\
\xf8\xda\xc0\xf4\x8d\xd6\x1b\x10\x20\x40\x80\x00\x01\x02\x04\x08\
\x10\x20\x40\x80\xc0\x3d\x81\xaf\x5f\xde\xfc\xd9\x97\x79\x0d\x68\
\x40\x03\xff\x6e\xe0\xde\x8e\xea\x59\x04\x08\x10\x20\x40\x80\x00\
\x01\x02\x04\x08\x10\x20\x30\x54\xc0\x97\x54\xbf\xa8\xd0\x80\x06\
\x34\x70\xdc\xc0\xd0\x8d\xd7\x8b\x11\x20\x40\x80\x00\x01\x02\x04\
\x08\x10\x20\x40\x80\xc0\xb1\x80\x2f\xab\xc7\x5f\x56\x19\x31\xd2\
\x80\x06\x7e\x6b\xe0\x78\x87\xf5\x08\x02\x04\x08\x10\x20\x40\x80\
\x00\x01\x02\x04\x08\x10\x78\x24\xf0\xdb\x97\x31\xff\xe6\x4b\xba\
\x06\x34\xa0\x81\xeb\x0d\x3c\xda\x8c\x3d\x99\x00\x01\x02\x04\x08\
\x10\x20\x40\x80\x00\x01\x02\x04\x7e\x0a\xf8\x72\x7a\xfd\xcb\x29\
\x33\x66\x1a\xd0\xc0\xd9\x06\x7e\xee\xba\xfe\x85\x00\x01\x02\x04\
\x08\x10\x20\x40\x80\x00\x01\x02\x04\x4e\x0b\x9c\xfd\xf2\xe5\x71\
\xbe\xa8\x6b\x40\x03\x1a\x78\xde\xc0\xe9\xcd\xd9\x03\x09\x10\x20\
\x40\x80\x00\x01\x02\x04\x08\x10\x20\xd0\x5d\xc0\x97\xd0\xe7\x5f\
\x42\x19\x32\xd4\x80\x06\x9e\x34\xd0\xfd\x1c\x72\xfd\x04\x08\x10\
\x20\x40\x80\x00\x01\x02\x04\x08\x10\x78\x29\xf0\xe4\xcb\x96\xe7\
\xfa\xb2\xae\x01\x0d\x68\x60\x7c\x03\x2f\x37\x6c\x3f\x20\x40\x80\
\x00\x01\x02\x04\x08\x10\x20\x40\x80\x40\x37\x01\x5f\x3a\xc7\x7f\
\xe9\x64\xca\x54\x03\x1a\x18\xd9\x40\xb7\x73\xc9\xf5\x12\x20\x40\
\x80\x00\x01\x02\x04\x08\x10\x20\x40\xe0\xbf\x02\x23\xbf\x5c\x79\
\x2d\x5f\xd6\x35\xa0\x01\x0d\xcc\x6f\xe0\xbf\x1b\xb8\x3f\x10\x20\
\x40\x80\x00\x01\x02\x04\x08\x10\x20\x40\xa0\xba\x80\x2f\x99\xf3\
\xbf\x64\x32\x66\xac\x01\x0d\xcc\x6c\xa0\xfa\x39\xe5\xfa\x08\x10\
\x20\x40\x80\x00\x01\x02\x04\x08\x10\x68\x2c\x30\xf3\xcb\x94\xd7\
\xf6\x65\x5d\x03\x1a\xd0\xc0\xfa\x06\x1a\x1f\x69\x2e\x9d\x00\x01\
\x02\x04\x08\x10\x20\x40\x80\x00\x81\x6a\x02\xbe\x54\xae\xff\x52\
\xc9\x9c\xb9\x06\x34\xb0\xb2\x81\x6a\xe7\x96\xeb\x21\x40\x80\x00\
\x01\x02\x04\x08\x10\x20\x40\xa0\x91\xc0\xca\x2f\x4f\xde\xcb\x97\
\x75\x0d\x68\x40\x03\xfb\x1b\x68\x74\xc4\xb9\x54\x02\x04\x08\x10\
\x20\x40\x80\x00\x01\x02\x04\xb2\x0b\xf8\x12\xb9\xff\x4b\xa4\x7b\
\xe0\x1e\x68\x40\x03\x3b\x1b\xc8\x7e\x8e\x59\x3f\x01\x02\x04\x08\
\x10\x20\x40\x80\x00\x01\x02\xc5\x05\x76\x7e\x61\xf2\xde\xbe\xb0\
\x6b\x40\x03\x1a\x88\xd5\x40\xf1\x23\xcf\xe5\x11\x20\x40\x80\x00\
\x01\x02\x04\x08\x10\x20\x90\x4d\xc0\x97\xc6\x58\x5f\x1a\xdd\x0f\
\xf7\x43\x03\x1a\x88\xd4\x40\xb6\x33\xcd\x7a\x09\x10\x20\x40\x80\
\x00\x01\x02\x04\x08\x10\x28\x26\x10\xe9\x0b\x92\xb5\xf8\xc2\xae\
\x01\x0d\x68\x20\x6e\x03\xc5\x8e\x3f\x97\x43\x80\x00\x01\x02\x04\
\x08\x10\x20\x40\x80\x40\x06\x01\x5f\x12\xe3\x7e\x49\x74\x6f\xdc\
\x1b\x0d\x68\x20\x72\x03\x19\xce\x38\x6b\x24\x40\x80\x00\x01\x02\
\x04\x08\x10\x20\x40\x20\xb9\x40\xe4\x2f\x45\xd6\xe6\x4b\xbb\x06\
\x34\xa0\x81\x3c\x0d\x24\x3f\x0e\x2d\x9f\x00\x01\x02\x04\x08\x10\
\x20\x40\x80\x00\x81\xa8\x02\xbe\x18\xe6\xf9\x62\xe8\x5e\xb9\x57\
\x1a\xd0\x40\x96\x06\xa2\x9e\x79\xd6\x45\x80\x00\x01\x02\x04\x08\
\x10\x20\x40\x80\x40\x32\x81\x2c\x5f\x82\xac\xd3\x17\x76\x0d\x68\
\x40\x03\x79\x1b\x48\x76\x34\x5a\x2e\x01\x02\x04\x08\x10\x20\x40\
\x80\x00\x01\x02\x51\x04\x7c\x11\xcc\xfb\x45\xd0\xbd\x73\xef\x34\
\xa0\x81\x8c\x0d\x44\x39\xff\xac\x83\x00\x01\x02\x04\x08\x10\x20\
\x40\x80\x00\x81\x04\x02\x19\xbf\xf4\x58\xb3\x2f\xeb\x1a\xd0\x80\
\x06\xea\x34\x90\xe0\xa8\xb4\x44\x02\x04\x08\x10\x20\x40\x80\x00\
\x01\x02\x04\x76\x0a\xf8\x02\x58\xe7\x0b\xa0\x7b\xe9\x5e\x6a\x40\
\x03\xd9\x1b\xd8\x79\x1e\x7a\x6f\x02\x04\x08\x10\x20\x40\x80\x00\
\x01\x02\x04\x02\x0a\x64\xff\x92\x63\xfd\xbe\xa8\x6b\x40\x03\x1a\
\xa8\xd9\x40\xc0\x23\xd3\x92\x08\x10\x20\x40\x80\x00\x01\x02\x04\
\x08\x10\x58\x2d\xe0\x0b\x5f\xcd\x2f\x7c\xee\xab\xfb\xaa\x01\x0d\
\x54\x6b\x60\xf5\xf9\xe8\xfd\x08\x10\x20\x40\x80\x00\x01\x02\x04\
\x08\x10\x08\x22\x50\xed\xcb\x8d\xeb\xf1\x85\x5d\x03\x1a\xd0\x40\
\xfd\x06\x82\x1c\xa1\x96\x41\x80\x00\x01\x02\x04\x08\x10\x20\x40\
\x80\xc0\x6c\x01\x5f\xf0\xea\x7f\xc1\x73\x8f\xdd\x63\x0d\x68\xa0\
\x72\x03\xb3\xcf\x49\xaf\x4f\x80\x00\x01\x02\x04\x08\x10\x20\x40\
\x80\xc0\x46\x81\xca\x5f\x66\x5c\x9b\x2f\xeb\x1a\xd0\x80\x06\xfa\
\x35\xb0\xf1\x48\xf5\xd6\x04\x08\x10\x20\x40\x80\x00\x01\x02\x04\
\x08\xcc\x10\xf0\xc5\xae\xdf\x17\x3b\xf7\xdc\x3d\xd7\x80\x06\xba\
\x34\x30\xe3\xdc\xf4\x9a\x04\x08\x10\x20\x40\x80\x00\x01\x02\x04\
\x08\x2c\x14\xe8\xf2\xe5\xc5\x75\xfa\xa2\xae\x01\x0d\x68\xa0\x77\
\x03\x0b\x8f\x56\x6f\x45\x80\x00\x01\x02\x04\x08\x10\x20\x40\x80\
\xc0\x48\x01\x5f\xe6\x7a\x7f\x99\x73\xff\xdd\x7f\x0d\x68\xa0\x63\
\x03\x23\xcf\x51\xaf\x45\x80\x00\x01\x02\x04\x08\x10\x20\x40\x80\
\xc0\x44\x81\x8e\x5f\x58\x5c\xb3\x2f\xea\x1a\xd0\x80\x06\x34\xf0\
\xd9\xc0\xc4\x23\xd6\x4b\x13\x20\x40\x80\x00\x01\x02\x04\x08\x10\
\x20\xf0\x54\xe0\x73\x70\xf7\x5f\x5f\xe2\x34\xa0\x01\x0d\x68\x40\
\x03\xff\xfb\x7f\x4f\xcf\x55\xcf\x27\x40\x80\x00\x01\x02\x04\x08\
\x10\x20\x40\x60\xb0\x80\x2f\x2a\xbe\xac\x6a\x40\x03\x1a\xd0\x80\
\x06\x7e\x36\x30\xf8\xb8\xf5\x72\x04\x08\x10\x20\x40\x80\x00\x01\
\x02\x04\x08\xdc\x11\xf0\x65\xe5\xe7\x97\x15\x26\x4c\x34\xa0\x01\
\x0d\x68\xe0\x7b\x03\x77\xce\x58\xcf\x21\x40\x80\x00\x01\x02\x04\
\x08\x10\x20\x40\x60\x80\xc0\xf7\xe1\xdc\xdf\x7d\x61\xd3\x80\x06\
\x34\xa0\x01\x0d\xbc\x6e\x60\xc0\xd1\xeb\x25\x08\x10\x20\x40\x80\
\x00\x01\x02\x04\x08\x10\xb8\x22\xe0\x0b\xca\xeb\x2f\x28\x6c\xd8\
\x68\x40\x03\x1a\xd0\xc0\xbb\x06\xae\x9c\xb7\x1e\x4b\x80\x00\x01\
\x02\x04\x08\x10\x20\x40\x80\xc0\x0d\x81\x77\x03\xb9\x9f\xf9\xc2\
\xa6\x01\x0d\x68\x40\x03\x1a\x38\xd7\xc0\x8d\x23\xd8\x53\x08\x10\
\x20\x40\x80\x00\x01\x02\x04\x08\x10\x38\x23\xe0\x4b\xc9\xb9\x2f\
\x25\x9c\x38\x69\x40\x03\x1a\xd0\xc0\xd9\x06\xce\x9c\xbf\x1e\x43\
\x80\x00\x01\x02\x04\x08\x10\x20\x40\x80\xc0\x09\x81\xb3\x43\xb8\
\xc7\xf9\xc2\xa6\x01\x0d\x68\x40\x03\x1a\xb8\xde\xc0\x89\xa3\xd8\
\x43\x08\x10\x20\x40\x80\x00\x01\x02\x04\x08\x10\x78\x27\xe0\x8b\
\xc8\xf5\x2f\x22\xcc\x98\x69\x40\x03\x1a\xd0\xc0\x9d\x06\xde\x9d\
\xc7\x7e\x46\x80\x00\x01\x02\x04\x08\x10\x20\x40\x80\xc0\x2f\x02\
\x77\x06\x6f\xcf\xf1\x85\x4d\x03\x1a\xd0\x80\x06\x34\xf0\xac\x81\
\x5f\x8e\x64\xff\x44\x80\x00\x01\x02\x04\x08\x10\x20\x40\x80\xc0\
\x6f\x02\xbe\x7c\x3c\xfb\xf2\xc1\x8f\x9f\x06\x34\xa0\x01\x0d\x3c\
\x69\xe0\xb7\xb3\xd9\xbf\x11\x20\x40\x80\x00\x01\x02\x04\x08\x10\
\x20\xf0\x45\xe0\xc9\xc0\xed\xb9\xbe\xb0\x69\x40\x03\x1a\xd0\x80\
\x06\xc6\x35\xf0\xe5\x78\xf6\x47\x02\x04\x08\x10\x20\x40\x80\x00\
\x01\x02\x04\xfe\x08\xf8\xc2\x31\xee\x0b\x07\x4b\x96\x1a\xd0\x80\
\x06\x34\x30\xaa\x01\x53\x0a\x01\x02\x04\x08\x10\x20\x40\x80\x00\
\x01\x02\xff\x11\x18\x35\x64\x7b\x1d\x5f\xd8\x34\xa0\x01\x0d\x68\
\x40\x03\x73\x1a\x30\xb4\x10\x20\x40\x80\x00\x01\x02\x04\x08\x10\
\x68\x2b\xe0\x4b\xc6\x9c\x2f\x19\x5c\xb9\x6a\x40\x03\x1a\xd0\xc0\
\x8c\x06\xda\x0e\x2c\x2e\x9c\x00\x01\x02\x04\x08\x10\x20\x40\xa0\
\xaf\xc0\x8c\xc1\xda\x6b\xfa\xc2\xa6\x01\x0d\x68\x40\x03\x1a\x98\
\xdb\x40\xdf\xc9\xc5\x95\x13\x20\x40\x80\x00\x01\x02\x04\x08\xb4\
\x13\xf0\xe5\x62\xee\x97\x0b\xbe\x7c\x35\xa0\x01\x0d\x68\x60\x76\
\x03\xed\x86\x17\x17\x4c\x80\x00\x01\x02\x04\x08\x10\x20\xd0\x4b\
\x60\xf6\x40\xed\xf5\x7d\x69\xd3\x80\x06\x34\xa0\x01\x0d\xac\x69\
\xa0\xd7\x04\xe3\x6a\x09\x10\x20\x40\x80\x00\x01\x02\x04\x5a\x08\
\xf8\x32\xb1\xe6\xcb\x04\x67\xce\x1a\xd0\x80\x06\x34\xb0\xb2\x81\
\x16\x43\x8c\x8b\x24\x40\x80\x00\x01\x02\x04\x08\x10\xe8\x21\xb0\
\x72\x90\xf6\x5e\xbe\xb8\x69\x40\x03\x1a\xd0\x80\x06\xd6\x36\xd0\
\x63\x9a\x71\x95\x04\x08\x10\x20\x40\x80\x00\x01\x02\xa5\x05\x7c\
\x89\x58\xfb\x25\x82\x37\x6f\x0d\x68\x40\x03\x1a\xd8\xd5\x40\xe9\
\x81\xc6\xc5\x11\x20\x40\x80\x00\x01\x02\x04\x08\xd4\x14\xd8\x35\
\x3c\x7b\x5f\x5f\xdc\x34\xa0\x01\x0d\x68\x40\x03\xfb\x1a\xa8\x39\
\xd5\xb8\x2a\x02\x04\x08\x10\x20\x40\x80\x00\x81\x92\x02\xbe\x38\
\xec\xfb\xe2\xc0\x9e\xbd\x06\x34\xa0\x01\x0d\xec\x6e\xa0\xe4\x70\
\xe3\xa2\x08\x10\x20\x40\x80\x00\x01\x02\x04\x6a\x09\xec\x1e\x9a\
\xbd\xbf\x2f\x6e\x1a\xd0\x80\x06\x34\xa0\x81\x18\x0d\xd4\x9a\x70\
\x5c\x0d\x01\x02\x04\x08\x10\x20\x40\x80\x40\x09\x01\x5f\x16\x62\
\x7c\x59\x70\x1f\xdc\x07\x0d\x68\x40\x03\x1a\x88\xd4\x40\x89\x21\
\xc7\x45\x10\x20\x40\x80\x00\x01\x02\x04\x08\xd4\x10\x88\x34\x28\
\x5b\x8b\x2f\x6e\x1a\xd0\x80\x06\x34\xa0\x81\x58\x0d\xd4\x98\x76\
\x5c\x05\x01\x02\x04\x08\x10\x20\x40\x80\x40\x6a\x01\x5f\x12\x62\
\x7d\x49\x70\x3f\xdc\x0f\x0d\x68\x40\x03\x1a\x88\xd8\x40\xea\x61\
\xc7\xe2\x09\x10\x20\x40\x80\x00\x01\x02\x04\x72\x0b\x44\x1c\x90\
\xad\xc9\x17\x37\x0d\x68\x40\x03\x1a\xd0\x40\xdc\x06\x72\x4f\x3e\
\x56\x4f\x80\x00\x01\x02\x04\x08\x10\x20\x90\x4e\xc0\x97\x83\xb8\
\x5f\x0e\xdc\x1b\xf7\x46\x03\x1a\xd0\x80\x06\x22\x37\x90\x6e\xe8\
\xb1\x60\x02\x04\x08\x10\x20\x40\x80\x00\x81\x7c\x02\x91\x07\x62\
\x6b\xf3\x85\x4d\x03\x1a\xd0\x80\x06\x34\x90\xa3\x81\x7c\x13\x90\
\x15\x13\x20\x40\x80\x00\x01\x02\x04\x08\xa4\x11\xf0\xa5\x20\xc7\
\x97\x02\xf7\xc9\x7d\xd2\x80\x06\x34\xa0\x81\x0c\x0d\xa4\x19\x80\
\x2c\x94\x00\x01\x02\x04\x08\x10\x20\x40\x20\x8f\x40\x86\x41\xd8\
\x1a\x7d\x61\xd3\x80\x06\x34\xa0\x01\x0d\xe4\x6a\x20\xcf\x24\x64\
\xa5\x04\x08\x10\x20\x40\x80\x00\x01\x02\xe1\x05\x7c\x19\xc8\xf5\
\x65\xc0\xfd\x72\xbf\x34\xa0\x01\x0d\x68\x20\x53\x03\xe1\x07\x21\
\x0b\x24\x40\x80\x00\x01\x02\x04\x08\x10\x88\x2f\x90\x69\x00\xb6\
\x56\x5f\xd8\x34\xa0\x01\x0d\x68\x40\x03\x79\x1b\x88\x3f\x15\x59\
\x21\x01\x02\x04\x08\x10\x20\x40\x80\x40\x38\x01\x5f\x00\xf2\x7e\
\x01\x70\xef\xdc\x3b\x0d\x68\x40\x03\x1a\xc8\xda\x40\xb8\x81\xc8\
\x82\x08\x10\x20\x40\x80\x00\x01\x02\x04\xe2\x0a\x64\x1d\x7a\xad\
\xdb\x17\x36\x0d\x68\x40\x03\x1a\xd0\x40\xfe\x06\xe2\x4e\x48\x56\
\x46\x80\x00\x01\x02\x04\x08\x10\x20\x10\x46\xc0\xe0\x9f\x7f\xf0\
\x77\x0f\xdd\x43\x0d\x68\x40\x03\x1a\xc8\xde\x40\x98\xc1\xc8\x42\
\x08\x10\x20\x40\x80\x00\x01\x02\x04\xe2\x09\x64\x1f\x76\xad\xdf\
\x17\x36\x0d\x68\x40\x03\x1a\xd0\x40\x9d\x06\xe2\x4d\x4a\x56\x44\
\x80\x00\x01\x02\x04\x08\x10\x20\xb0\x5d\xc0\xc0\x5f\x67\xe0\x77\
\x2f\xdd\x4b\x0d\x68\x40\x03\x1a\xa8\xd2\xc0\xf6\x01\xc9\x02\x08\
\x10\x20\x40\x80\x00\x01\x02\x04\xe2\x08\x54\x19\x72\x5d\x87\x2f\
\x6c\x1a\xd0\x80\x06\x34\xa0\x81\x7a\x0d\xc4\x99\x98\xac\x84\x00\
\x01\x02\x04\x08\x10\x20\x40\x60\x9b\x80\x41\xbf\xde\xa0\xef\x9e\
\xba\xa7\x1a\xd0\x80\x06\x34\x50\xb1\x81\x6d\xc3\x92\x37\x26\x40\
\x80\x00\x01\x02\x04\x08\x10\xd8\x2b\x50\x71\xb8\x75\x4d\xbe\xb4\
\x69\x40\x03\x1a\xd0\x80\x06\xea\x36\xb0\x77\x72\xf2\xee\x04\x08\
\x10\x20\x40\x80\x00\x01\x02\xcb\x05\x0c\xf7\x75\x87\x7b\xf7\xd6\
\xbd\xd5\x80\x06\x34\xa0\x81\xca\x0d\x2c\x1f\x9a\xbc\x21\x01\x02\
\x04\x08\x10\x20\x40\x80\xc0\x1e\x81\xca\x43\xad\x6b\xf3\xa5\x4d\
\x03\x1a\xd0\x80\x06\x34\x50\xbf\x81\x3d\x13\x94\x77\x25\x40\x80\
\x00\x01\x02\x04\x08\x10\x58\x22\x60\xa0\xaf\x3f\xd0\xbb\xc7\xee\
\xb1\x06\x34\xa0\x01\x0d\x74\x69\x60\xc9\xf0\xe4\x4d\x08\x10\x20\
\x40\x80\x00\x01\x02\x04\xd6\x0a\x74\x19\x66\x5d\xa7\x2f\x6e\x1a\
\xd0\x80\x06\x34\xa0\x81\x3e\x0d\xac\x9d\xa6\xbc\x1b\x01\x02\x04\
\x08\x10\x20\x40\x80\xc0\x54\x01\x83\x7c\x9f\x41\xde\xbd\x76\xaf\
\x35\xa0\x01\x0d\x68\xa0\x5b\x03\x53\x87\x28\x2f\x4e\x80\x00\x01\
\x02\x04\x08\x10\x20\xb0\x46\xa0\xdb\x10\xeb\x7a\x7d\x71\xd3\x80\
\x06\x34\xa0\x01\x0d\xf4\x6b\x60\xcd\x54\xe5\x5d\x08\x10\x20\x40\
\x80\x00\x01\x02\x04\xa6\x08\x18\xe0\xfb\x0d\xf0\xee\xb9\x7b\xae\
\x01\x0d\x68\x40\x03\x5d\x1b\x98\x32\x4c\x79\x51\x02\x04\x08\x10\
\x20\x40\x80\x00\x81\xb9\x02\x5d\x87\x57\xd7\xed\x8b\x9b\x06\x34\
\xa0\x01\x0d\x68\xa0\x6f\x03\x73\xa7\x2b\xaf\x4e\x80\x00\x01\x02\
\x04\x08\x10\x20\x30\x54\xc0\xe0\xde\x77\x70\x77\xef\xdd\x7b\x0d\
\x68\x40\x03\x1a\xe8\xde\xc0\xd0\xa1\xca\x8b\x11\x20\x40\x80\x00\
\x01\x02\x04\x08\xcc\x11\xe8\x3e\xb4\xba\x7e\x5f\xdc\x34\xa0\x01\
\x0d\x68\x40\x03\x1a\x98\x33\x65\x79\x55\x02\x04\x08\x10\x20\x40\
\x80\x00\x81\x21\x02\x06\x76\x03\xbb\x06\x34\xa0\x01\x0d\x68\x40\
\x03\x1a\xf8\x77\x03\x43\x86\x2b\x2f\x42\x80\x00\x01\x02\x04\x08\
\x10\x20\x30\x56\xc0\xb0\xea\x0b\x8b\x06\x34\xa0\x01\x0d\x68\x40\
\x03\x1a\xf8\xbb\x81\xb1\xd3\x96\x57\x23\x40\x80\x00\x01\x02\x04\
\x08\x10\x78\x24\x60\x58\xfd\x7b\x58\xe5\xc1\x43\x03\x1a\xd0\x80\
\x06\x34\xa0\x81\xcf\x06\x1e\x0d\x59\x9e\x4c\x80\x00\x01\x02\x04\
\x08\x10\x20\x30\x46\xe0\x73\x38\xf3\x5f\x83\xba\x06\x34\xa0\x01\
\x0d\x68\x40\x03\x1a\xf8\xbd\x81\x31\x53\x97\x57\x21\x40\x80\x00\
\x01\x02\x04\x08\x10\xb8\x25\x60\x48\xfd\x7d\x48\xe5\xc2\x45\x03\
\x1a\xd0\x80\x06\x34\xa0\x81\xef\x0d\xdc\x1a\xb6\x3c\x89\x00\x01\
\x02\x04\x08\x10\x20\x40\xe0\x99\xc0\xf7\xa1\xcc\xdf\x0d\xea\x1a\
\xd0\x80\x06\x34\xa0\x01\x0d\x68\xe0\x7d\x03\xcf\xa6\x2f\xcf\x26\
\x40\x80\x00\x01\x02\x04\x08\x10\xb8\x24\x60\x38\x7d\x3f\x9c\xf2\
\xe1\xa3\x01\x0d\x68\x40\x03\x1a\xd0\xc0\xab\x06\x2e\x0d\x5d\x1e\
\x4c\x80\x00\x01\x02\x04\x08\x10\x20\x70\x4f\xe0\xd5\x30\xe6\xdf\
\x0d\xea\x1a\xd0\x80\x06\x34\xa0\x01\x0d\x68\xe0\x5c\x03\xf7\xa6\
\x30\xcf\x22\x40\x80\x00\x01\x02\x04\x08\x10\x38\x25\x60\x28\x3d\
\x37\x94\x72\xe2\xa4\x01\x0d\x68\x40\x03\x1a\xd0\xc0\x51\x03\xa7\
\x86\x2f\x0f\x22\x40\x80\x00\x01\x02\x04\x08\x10\xb8\x26\x70\x34\
\x84\xf9\xb9\x41\x5d\x03\x1a\xd0\x80\x06\x34\xa0\x01\x0d\x5c\x6b\
\xe0\xda\x34\xe6\xd1\x04\x08\x10\x20\x40\x80\x00\x01\x02\x6f\x05\
\x0c\xa3\xd7\x86\x51\x5e\xbc\x34\xa0\x01\x0d\x68\x40\x03\x1a\x38\
\xdb\xc0\xdb\x21\xcc\x0f\x09\x10\x20\x40\x80\x00\x01\x02\x04\xce\
\x09\x9c\x1d\xbe\x3c\xce\xa0\xae\x01\x0d\x68\x40\x03\x1a\xd0\x80\
\x06\xee\x35\x70\x6e\x2a\xf3\x28\x02\x04\x08\x10\x20\x40\x80\x00\
\x81\x97\x02\x06\xd1\x7b\x83\x28\x37\x6e\x1a\xd0\x80\x06\x34\xa0\
\x01\x0d\x5c\x69\xe0\xe5\x30\xe6\x07\x04\x08\x10\x20\x40\x80\x00\
\x01\x02\xaf\x05\xae\x0c\x5c\x1e\x6b\x40\xd7\x80\x06\x34\xa0\x01\
\x0d\x68\x40\x03\xcf\x1b\x78\x3d\x99\xf9\x09\x01\x02\x04\x08\x10\
\x20\x40\x80\xc0\xaf\x02\x86\xd0\xe7\x43\x28\x43\x86\x1a\xd0\x80\
\x06\x34\xa0\x01\x0d\x5c\x6d\xe0\xd7\xc1\xcc\x3f\x12\x20\x40\x80\
\x00\x01\x02\x04\x08\xfc\x14\xb8\x3a\x68\x79\xbc\xe1\x5c\x03\x1a\
\xd0\x80\x06\x34\xa0\x01\x0d\x8c\x6b\xe0\xe7\x74\xe6\x5f\x08\x10\
\x20\x40\x80\x00\x01\x02\x04\xfe\x12\x30\x7c\x8e\x1b\x3e\x59\xb2\
\xd4\x80\x06\x34\xa0\x01\x0d\x68\xe0\x6e\x03\x7f\x0d\x68\xfe\x42\
\x80\x00\x01\x02\x04\x08\x10\x20\xf0\x8f\xc0\xdd\x01\xcb\xf3\x0c\
\xe7\x1a\xd0\x80\x06\x34\xa0\x01\x0d\x68\x60\x7c\x03\xff\x4c\x69\
\xfe\x44\x80\x00\x01\x02\x04\x08\x10\x20\xf0\x2f\x01\x43\xe7\xf8\
\xa1\x93\x29\x53\x0d\x68\x40\x03\x1a\xd0\x80\x06\x9e\x34\x60\x4c\
\x25\x40\x80\x00\x01\x02\x04\x08\x10\xf8\x22\xf0\x64\xb0\xf2\x5c\
\x83\xb9\x06\x34\xa0\x01\x0d\x68\x40\x03\x1a\x98\xd7\xc0\x97\x91\
\xcd\x1f\x09\x10\x20\x40\x80\x00\x01\x02\x7d\x05\x0c\x9c\xf3\x06\
\x4e\xb6\x6c\x35\xa0\x01\x0d\x68\x40\x03\x1a\x18\xd1\x40\xdf\x49\
\xd5\x95\x13\x20\x40\x80\x00\x01\x02\x04\x3e\x3e\x3e\x46\x0c\x54\
\x5e\xc3\x60\xae\x01\x0d\x68\x40\x03\x1a\xd0\x80\x06\xe6\x37\x60\
\x78\x25\x40\x80\x00\x01\x02\x04\x08\xb4\x14\x30\x68\xce\x1f\x34\
\x19\x33\xd6\x80\x06\x34\xa0\x01\x0d\x68\x60\x64\x03\x2d\x87\x56\
\x17\x4d\x80\x00\x01\x02\x04\x08\xf4\x15\x18\x39\x48\x79\x2d\x83\
\xb9\x06\x34\xa0\x01\x0d\x68\x40\x03\x1a\x58\xd7\x40\xdf\x09\xd6\
\x95\x13\x20\x40\x80\x00\x01\x02\xed\x04\x0c\x99\xeb\x86\x4c\xd6\
\xac\x35\xa0\x01\x0d\x68\x40\x03\x1a\x18\xdd\x40\xbb\xe1\xd5\x05\
\x13\x20\x40\x80\x00\x01\x02\xfd\x04\x46\x0f\x50\x5e\xcf\x50\xae\
\x01\x0d\x68\x40\x03\x1a\xd0\x80\x06\xd6\x36\xd0\x6f\x82\x75\xc5\
\x04\x08\x10\x20\x40\x80\x40\x2b\x01\xc3\xe5\xda\xe1\x92\x37\x6f\
\x0d\x68\x40\x03\x1a\xd0\x80\x06\x66\x35\xd0\x6a\x88\x75\xb1\x04\
\x08\x10\x20\x40\x80\x40\x1f\x81\x59\xc3\x93\xd7\x35\x98\x6b\x40\
\x03\x1a\xd0\x80\x06\x34\xa0\x81\x3d\x0d\xf4\x99\x64\x5d\x29\x01\
\x02\x04\x08\x10\x20\xd0\x42\xc0\x50\xb9\x67\xa8\xe4\xce\x5d\x03\
\x1a\xd0\x80\x06\x34\xa0\x81\xd9\x0d\xb4\x18\x66\x5d\x24\x01\x02\
\x04\x08\x10\x20\x50\x5f\x60\xf6\xd0\xe4\xf5\x0d\xe6\x1a\xd0\x80\
\x06\x34\xa0\x01\x0d\x68\x60\x6f\x03\xf5\x27\x5a\x57\x48\x80\x00\
\x01\x02\x04\x08\x94\x17\x30\x50\xee\x1d\x28\xf9\xf3\xd7\x80\x06\
\x34\xa0\x01\x0d\x68\x60\x45\x03\xe5\x87\x5a\x17\x48\x80\x00\x01\
\x02\x04\x08\xd4\x15\x58\x31\x2c\x79\x0f\x43\xb9\x06\x34\xa0\x01\
\x0d\x68\x40\x03\x1a\x88\xd1\x40\xdd\xa9\xd6\x95\x11\x20\x40\x80\
\x00\x01\x02\x65\x05\x0c\x92\x31\x06\x49\xf7\xc1\x7d\xd0\x80\x06\
\x34\xa0\x01\x0d\x68\x60\x65\x03\x65\x87\x5b\x17\x46\x80\x00\x01\
\x02\x04\x08\xd4\x13\x58\x39\x24\x79\x2f\x43\xb9\x06\x34\xa0\x01\
\x0d\x68\x40\x03\x1a\x88\xd3\x40\xbd\xc9\xd6\x15\x11\x20\x40\x80\
\x00\x01\x02\x25\x05\x0c\x90\x71\x06\x48\xf7\xc2\xbd\xd0\x80\x06\
\x34\xa0\x01\x0d\x68\x60\x47\x03\x25\x87\x5c\x17\x45\x80\x00\x01\
\x02\x04\x08\xd4\x12\xd8\x31\x24\x79\x4f\xc3\xb9\x06\x34\xa0\x01\
\x0d\x68\x40\x03\x1a\x88\xd5\x40\xad\x09\xd7\xd5\x10\x20\x40\x80\
\x00\x01\x02\xa5\x04\x0c\x8e\xb1\x06\x47\xf7\xc3\xfd\xd0\x80\x06\
\x34\xa0\x01\x0d\x68\x60\x67\x03\xa5\x06\x5d\x17\x43\x80\x00\x01\
\x02\x04\x08\xd4\x10\xd8\x39\x1c\x79\x6f\xc3\xb9\x06\x34\xa0\x01\
\x0d\x68\x40\x03\x1a\x88\xd9\x40\x8d\x49\xd7\x55\x10\x20\x40\x80\
\x00\x01\x02\x25\x04\x0c\x8c\x31\x07\x46\xf7\xc5\x7d\xd1\x80\x06\
\x34\xa0\x01\x0d\x68\x60\x77\x03\x25\x86\x5d\x17\x41\x80\x00\x01\
\x02\x04\x08\xe4\x17\xd8\x3d\x14\x79\x7f\x83\xb9\x06\x34\xa0\x01\
\x0d\x68\x40\x03\x1a\x88\xdd\x40\xfe\x89\xd7\x15\x10\x20\x40\x80\
\x00\x01\x02\xe9\x05\x0c\x8c\xb1\x07\x46\xf7\xc7\xfd\xd1\x80\x06\
\x34\xa0\x01\x0d\x68\x20\x42\x03\xe9\x87\x5e\x17\x40\x80\x00\x01\
\x02\x04\x08\xe4\x15\x88\x30\x0c\x59\x83\xa1\x5c\x03\x1a\xd0\x80\
\x06\x34\xa0\x01\x0d\xe4\x68\x20\xef\xd4\x6b\xe5\x04\x08\x10\x20\
\x40\x80\x40\x5a\x01\x83\x62\x8e\x41\xd1\x7d\x72\x9f\x34\xa0\x01\
\x0d\x68\x40\x03\x1a\x88\xd2\x40\xda\xc1\xd7\xc2\x09\x10\x20\x40\
\x80\x00\x81\x9c\x02\x51\x86\x20\xeb\x30\x90\x6b\x40\x03\x1a\xd0\
\x80\x06\x34\xa0\x81\x5c\x0d\xe4\x9c\x7e\xad\x9a\x00\x01\x02\x04\
\x08\x10\x48\x27\x60\x48\xcc\x35\x24\xba\x5f\xee\x97\x06\x34\xa0\
\x01\x0d\x68\x40\x03\xd1\x1a\x48\x37\x00\x5b\x30\x01\x02\x04\x08\
\x10\x20\x90\x4f\x20\xda\x00\x64\x3d\x86\x72\x0d\x68\x40\x03\x1a\
\xd0\x80\x06\x34\x90\xaf\x81\x7c\x53\xb0\x15\x13\x20\x40\x80\x00\
\x01\x02\x69\x04\x0c\x87\xf9\x86\x43\xf7\xcc\x3d\xd3\x80\x06\x34\
\xa0\x01\x0d\x68\x20\x62\x03\x69\x06\x60\x0b\x25\x40\x80\x00\x01\
\x02\x04\x72\x09\x44\x1c\x7c\xac\xc9\x40\xae\x01\x0d\x68\x40\x03\
\x1a\xd0\x80\x06\xf2\x36\x90\x6b\x1a\xb6\x5a\x02\x04\x08\x10\x20\
\x40\x20\xbc\x80\xc1\x30\xef\x60\xe8\xde\xb9\x77\x1a\xd0\x80\x06\
\x34\xa0\x01\x0d\x44\x6e\x20\xfc\x20\x6c\x81\x04\x08\x10\x20\x40\
\x80\x40\x1e\x81\xc8\x43\x8f\xb5\x19\xca\x35\xa0\x01\x0d\x68\x40\
\x03\x1a\xd0\x40\xee\x06\xf2\x4c\xc5\x56\x4a\x80\x00\x01\x02\x04\
\x08\x84\x15\x30\x10\xe6\x1e\x08\xdd\x3f\xf7\x4f\x03\x1a\xd0\x80\
\x06\x34\xa0\x81\xe8\x0d\x84\x1d\x84\x2d\x8c\x00\x01\x02\x04\x08\
\x10\xc8\x21\x10\x7d\xd8\xb1\x3e\x03\xb9\x06\x34\xa0\x01\x0d\x68\
\x40\x03\x1a\xa8\xd1\x40\x8e\xe9\xd8\x2a\x09\x10\x20\x40\x80\x00\
\x81\x90\x02\x06\xc2\x1a\x03\xa1\xfb\xe8\x3e\x6a\x40\x03\x1a\xd0\
\x80\x06\x34\x90\xa1\x81\x90\x03\xb1\x45\x11\x20\x40\x80\x00\x01\
\x02\xb1\x05\x32\x0c\x39\xd6\x68\x18\xd7\x80\x06\x34\xa0\x01\x0d\
\x68\x40\x03\xb5\x1a\x88\x3d\x21\x5b\x1d\x01\x02\x04\x08\x10\x20\
\x10\x4a\xc0\x20\x58\x6b\x10\x74\x3f\xdd\x4f\x0d\x68\x40\x03\x1a\
\xd0\x80\x06\xb2\x34\x10\x6a\x28\xb6\x18\x02\x04\x08\x10\x20\x40\
\x20\xae\x40\x96\xe1\xc6\x3a\x0d\xe2\x1a\xd0\x80\x06\x34\xa0\x01\
\x0d\x68\xa0\x66\x03\x71\x27\x65\x2b\x23\x40\x80\x00\x01\x02\x04\
\xc2\x08\x18\x04\x6b\x0e\x82\xee\xab\xfb\xaa\x01\x0d\x68\x40\x03\
\x1a\xd0\x40\xa6\x06\xc2\x0c\xc7\x16\x42\x80\x00\x01\x02\x04\x08\
\xc4\x13\xc8\x34\xd4\x58\xab\x21\x5c\x03\x1a\xd0\x80\x06\x34\xa0\
\x01\x0d\xd4\x6d\x20\xde\xa4\x6c\x45\x04\x08\x10\x20\x40\x80\x40\
\x08\x01\x03\x60\xdd\x01\xd0\xbd\x75\x6f\x35\xa0\x01\x0d\x68\x40\
\x03\x1a\xc8\xd8\x40\x88\x21\xd9\x22\x08\x10\x20\x40\x80\x00\x81\
\x58\x02\x19\x87\x1a\x6b\x36\x8c\x6b\x40\x03\x1a\xd0\x80\x06\x34\
\xa0\x81\xda\x0d\xc4\x9a\x98\xad\x86\x00\x01\x02\x04\x08\x10\xd8\
\x2a\x60\xf0\xab\x3d\xf8\xb9\xbf\xee\xaf\x06\x34\xa0\x01\x0d\x68\
\x40\x03\x59\x1b\xd8\x3a\x24\x7b\x73\x02\x04\x08\x10\x20\x40\x20\
\x8e\x40\xd6\x61\xc6\xba\x0d\xe2\x1a\xd0\x80\x06\x34\xa0\x01\x0d\
\x68\xa0\x47\x03\x71\x26\x67\x2b\x21\x40\x80\x00\x01\x02\x04\xb6\
\x08\x18\xfa\x7a\x0c\x7d\xee\xb3\xfb\xac\x01\x0d\x68\x40\x03\x1a\
\xd0\x40\xf6\x06\xb6\x0c\xcb\xde\x94\x00\x01\x02\x04\x08\x10\x88\
\x21\x90\x7d\x90\xb1\x7e\xc3\xb8\x06\x34\xa0\x01\x0d\x68\x40\x03\
\x1a\xe8\xd3\x40\x8c\x09\xda\x2a\x08\x10\x20\x40\x80\x00\x81\xa5\
\x02\x86\xbd\x3e\xc3\x9e\x7b\xed\x5e\x6b\x40\x03\x1a\xd0\x80\x06\
\x34\x50\xa1\x81\xa5\xc3\xb2\x37\x23\x40\x80\x00\x01\x02\x04\xf6\
\x0b\x54\x18\x60\x5c\x83\x41\x5c\x03\x1a\xd0\x80\x06\x34\xa0\x01\
\x0d\xf4\x6b\x60\xff\x24\x6d\x05\x04\x08\x10\x20\x40\x80\xc0\x32\
\x01\xc3\x5e\xbf\x61\xcf\x3d\x77\xcf\x35\xa0\x01\x0d\x68\x40\x03\
\x1a\xa8\xd2\xc0\xb2\xa1\xd9\x1b\x11\x20\x40\x80\x00\x01\x02\xfb\
\x04\xaa\x0c\x2e\xae\xc3\x10\xae\x01\x0d\x68\x40\x03\x1a\xd0\x80\
\x06\x7a\x36\xb0\x6f\x92\xf6\xce\x04\x08\x10\x20\x40\x80\xc0\x12\
\x01\x43\x5e\xcf\x21\xcf\x7d\x77\xdf\x35\xa0\x01\x0d\x68\x40\x03\
\x1a\xa8\xd6\xc0\x92\xe1\xd9\x9b\x10\x20\x40\x80\x00\x01\x02\x7b\
\x04\xaa\x0d\x2e\xae\xc7\x30\xae\x01\x0d\x68\x40\x03\x1a\xd0\x80\
\x06\xfa\x36\xb0\x67\xa2\xf6\xae\x04\x08\x10\x20\x40\x80\xc0\x54\
\x01\xc3\x5d\xdf\xe1\xce\xbd\x77\xef\x35\xa0\x01\x0d\x68\x40\x03\
\x1a\xa8\xd8\xc0\xd4\xe1\xd9\x8b\x13\x20\x40\x80\x00\x01\x02\x7b\
\x04\x2a\x0e\x2d\xae\xc9\x30\xae\x01\x0d\x68\x40\x03\x1a\xd0\x80\
\x06\x7a\x37\xb0\x67\xb2\xf6\xae\x04\x08\x10\x20\x40\x80\xc0\x14\
\x01\x83\x5d\xef\xc1\xce\xfd\x77\xff\x35\xa0\x01\x0d\x68\x40\x03\
\x1a\xa8\xdc\xc0\x94\x01\xda\x8b\x12\x20\x40\x80\x00\x01\x02\x6b\
\x05\x2a\x0f\x2b\xae\xcd\x30\xae\x01\x0d\x68\x40\x03\x1a\xd0\x80\
\x06\x34\xb0\x76\xba\xf6\x6e\x04\x08\x10\x20\x40\x80\xc0\x14\x01\
\x43\x9d\xa1\x4e\x03\x1a\xd0\x80\x06\x34\xa0\x01\x0d\x68\xa0\x7a\
\x03\x53\x06\x69\x2f\x4a\x80\x00\x01\x02\x04\x08\xac\x11\xa8\x3e\
\xa8\xb8\x3e\xc3\xb8\x06\x34\xa0\x01\x0d\x68\x40\x03\x1a\xd0\xc0\
\x9f\x06\xd6\x4c\xd7\xde\x85\x00\x01\x02\x04\x08\x10\x18\x2e\x60\
\x98\x33\xcc\x69\x40\x03\x1a\xd0\x80\x06\x34\xa0\x01\x0d\x74\x6a\
\x60\xf8\x40\xed\x05\x09\x10\x20\x40\x80\x00\x81\xf9\x02\x9d\x86\
\x15\xd7\x6a\x38\xd7\x80\x06\x34\xa0\x01\x0d\x68\x40\x03\x1a\xf8\
\xd3\xc0\xfc\x29\xdb\x3b\x10\x20\x40\x80\x00\x01\x02\xc3\x04\x0c\
\x70\x06\x38\x0d\x68\x40\x03\x1a\xd0\x80\x06\x34\xa0\x81\x8e\x0d\
\x0c\x1b\xa8\xbd\x10\x01\x02\x04\x08\x10\x20\x30\x5f\xa0\xe3\xb0\
\xe2\x9a\x0d\xe9\x1a\xd0\x80\x06\x34\xa0\x01\x0d\x68\x40\x03\x7f\
\x1a\x98\x3f\x6d\x7b\x07\x02\x04\x08\x10\x20\x40\xe0\xb1\x80\xc1\
\xcd\xe0\xa6\x01\x0d\x68\x40\x03\x1a\xd0\x80\x06\x34\xd0\xb9\x81\
\xc7\x03\xb5\x17\x20\x40\x80\x00\x01\x02\x04\xe6\x0a\x74\x1e\x54\
\x5c\xbb\x41\x5d\x03\x1a\xd0\x80\x06\x34\xa0\x01\x0d\x68\xe0\xb3\
\x81\xb9\x53\xb7\x57\x27\x40\x80\x00\x01\x02\x04\x1e\x09\x7c\x1e\
\xd8\xfe\x6b\x78\xd3\x80\x06\x34\xa0\x01\x0d\x68\x40\x03\x1a\xe8\
\xde\xc0\xa3\xc1\xda\x93\x09\x10\x20\x40\x80\x00\x81\x39\x02\xdd\
\x07\x14\xd7\x6f\x48\xd7\x80\x06\x34\xa0\x01\x0d\x68\x40\x03\x1a\
\xf8\xda\xc0\x9c\xa9\xdb\xab\x12\x20\x40\x80\x00\x01\x02\x8f\x04\
\xbe\x1e\xd6\xfe\x6c\x78\xd3\x80\x06\x34\xa0\x01\x0d\x68\x40\x03\
\x1a\xd0\x80\xff\x87\xee\x8f\xbe\x60\x78\x32\x01\x02\x04\x08\x10\
\x18\x2d\x60\x38\x31\xa0\x6a\x40\x03\x1a\xd0\x80\x06\x34\xa0\x01\
\x0d\x68\xe0\x67\x03\xa3\xe7\x6e\xaf\x47\x80\x00\x01\x02\x04\x08\
\xdc\x14\x30\xa8\xfc\x1c\x54\x98\x30\xd1\x80\x06\x34\xa0\x01\x0d\
\x68\x40\x03\x1a\xf8\x6c\xe0\xe6\x98\xed\x69\x04\x08\x10\x20\x40\
\x80\xc0\x48\x81\xcf\x83\xd9\x7f\x0d\x69\x1a\xd0\x80\x06\x34\xa0\
\x01\x0d\x68\x40\x03\x1a\xf8\xbd\x81\x91\xf3\xb7\xd7\x22\x40\x80\
\x00\x01\x02\x04\x2e\x0a\x18\x50\x7e\x1f\x50\xb8\x70\xd1\x80\x06\
\x34\xa0\x01\x0d\x68\x40\x03\x1a\xf8\xda\xc0\xc5\x31\xdb\xc3\x09\
\x10\x20\x40\x80\x00\x81\x91\x02\x5f\x0f\x65\x7f\x36\xa4\x69\x40\
\x03\x1a\xd0\x80\x06\x34\xa0\x01\x0d\x68\xe0\x75\x03\x23\xe7\x70\
\xaf\x45\x80\x00\x01\x02\x04\x08\x9c\x14\x30\x9c\xbc\x1e\x4e\xd8\
\xb0\xd1\x80\x06\x34\xa0\x01\x0d\x68\x40\x03\x1a\xf8\xde\xc0\xc9\
\x31\xdb\xc3\x08\x10\x20\x40\x80\x00\x81\x51\x02\xdf\x0f\x63\x7f\
\x37\xa0\x69\x40\x03\x1a\xd0\x80\x06\x34\xa0\x01\x0d\x68\xe0\xb8\
\x81\x51\xf3\xb8\xd7\x21\x40\x80\x00\x01\x02\x04\x4e\x08\x18\x4e\
\x8e\x87\x13\x46\x8c\x34\xa0\x01\x0d\x68\x40\x03\x1a\xd0\x80\x06\
\xbe\x37\x70\x62\xd4\xf6\x10\x02\x04\x08\x10\x20\x40\x60\x84\xc0\
\xf7\x43\xd8\xdf\x0d\x66\x1a\xd0\x80\x06\x34\xa0\x01\x0d\x68\x40\
\x03\x1a\x38\xdf\xc0\x88\x99\xdc\x6b\x10\x20\x40\x80\x00\x01\x02\
\x07\x02\x86\x93\xf3\xc3\x09\x2b\x56\x1a\xd0\x80\x06\x34\xa0\x01\
\x0d\x68\x40\x03\xbf\x35\x70\x30\x72\xfb\x31\x01\x02\x04\x08\x10\
\x20\xf0\x44\xe0\xb7\xc3\xd7\xbf\x19\xca\x34\xa0\x01\x0d\x68\x40\
\x03\x1a\xd0\x80\x06\x34\x70\xad\x81\x27\x33\xb9\xe7\x12\x20\x40\
\x80\x00\x01\x02\x07\x02\x06\x93\x6b\x83\x09\x2f\x5e\x1a\xd0\x80\
\x06\x34\xa0\x01\x0d\x68\x40\x03\xaf\x1a\x38\x18\xbd\xfd\x98\x00\
\x01\x02\x04\x08\x10\xb8\x23\xf0\xea\xe0\xf5\xef\x86\x32\x0d\x68\
\x40\x03\x1a\xd0\x80\x06\x34\xa0\x01\x0d\x5c\x6f\xe0\xce\x4c\xee\
\x39\x04\x08\x10\x20\x40\x80\xc0\x81\x80\xa1\xe4\xfa\x50\xc2\x8c\
\x99\x06\x34\xa0\x01\x0d\x68\x40\x03\x1a\xd0\xc0\xbb\x06\x0e\x46\
\x70\x3f\x26\x40\x80\x00\x01\x02\x04\xae\x08\xbc\x3b\x74\xfd\xcc\
\x50\xa6\x01\x0d\x68\x40\x03\x1a\xd0\x80\x06\x34\xa0\x81\x7b\x0d\
\x5c\x99\xc9\x3d\x96\x00\x01\x02\x04\x08\x10\x78\x23\x60\x18\xb9\
\x37\x8c\x70\xe3\xa6\x01\x0d\x68\x40\x03\x1a\xd0\x80\x06\x34\x70\
\xa6\x81\x37\xa3\xb8\x1f\x11\x20\x40\x80\x00\x01\x02\x67\x05\xce\
\x1c\xba\x1e\x63\x38\xd3\x80\x06\x34\xa0\x01\x0d\x68\x40\x03\x1a\
\xd0\xc0\xfd\x06\xce\xce\xe6\x1e\x47\x80\x00\x01\x02\x04\x08\xbc\
\x10\x30\x88\xdc\x1f\x44\xd8\xb1\xd3\x80\x06\x34\xa0\x01\x0d\x68\
\x40\x03\x1a\x38\xd3\xc0\x8b\x51\xdc\x3f\x13\x20\x40\x80\x00\x01\
\x02\x67\x04\xce\x1c\xb6\x1e\x63\x28\xd3\x80\x06\x34\xa0\x01\x0d\
\x68\x40\x03\x1a\xd0\xc0\xb3\x06\xce\xcc\xe6\x1e\x43\x80\x00\x01\
\x02\x04\x08\xfc\x22\x60\x08\x79\x36\x84\xf0\xe3\xa7\x01\x0d\x68\
\x40\x03\x1a\xd0\x80\x06\x34\x70\xa5\x81\x5f\x46\x72\xff\x44\x80\
\x00\x01\x02\x04\x08\x1c\x09\x5c\x39\x6c\x3d\xd6\x70\xa6\x01\x0d\
\x68\x40\x03\x1a\xd0\x80\x06\x34\xa0\x81\xe7\x0d\x1c\xcd\xe8\x7e\
\x4e\x80\x00\x01\x02\x04\x08\x7c\x11\x30\x7c\x3c\x1f\x3e\x18\x32\
\xd4\x80\x06\x34\xa0\x01\x0d\x68\x40\x03\x1a\xb8\xda\xc0\x97\x91\
\xdc\x1f\x09\x10\x20\x40\x80\x00\x81\x23\x81\xab\x07\xad\xc7\x1b\
\xce\x34\xa0\x01\x0d\x68\x40\x03\x1a\xd0\x80\x06\x34\x30\xa6\x81\
\xa3\x59\xdd\xcf\x09\x10\x20\x40\x80\x00\x81\x8f\x8f\x0f\x83\xc7\
\x98\xc1\x83\x23\x47\x0d\x68\x40\x03\x1a\xd0\x80\x06\x34\xa0\x81\
\x3b\x0d\xf8\x52\x42\x80\x00\x01\x02\x04\x08\x9c\x10\xb8\x73\xc8\
\x7a\x8e\xe1\x4c\x03\x1a\xd0\x80\x06\x34\xa0\x01\x0d\x68\x40\x03\
\x63\x1a\x38\x31\xb2\x7b\x08\x01\x02\x04\x08\x10\xe8\x2d\x60\xe8\
\x18\x33\x74\x70\xe4\xa8\x01\x0d\x68\x40\x03\x1a\xd0\x80\x06\x34\
\xf0\xa4\x81\xde\xdf\x4a\x5c\x3d\x01\x02\x04\x08\x10\x38\x10\x78\
\x72\xc8\x7a\xae\x21\x4d\x03\x1a\xd0\x80\x06\x34\xa0\x01\x0d\x68\
\x40\x03\xe3\x1a\x38\x18\xdd\xfd\x98\x00\x01\x02\x04\x08\xf4\x14\
\x30\x6c\x8c\x1b\x36\x58\xb2\xd4\x80\x06\x34\xa0\x01\x0d\x68\x40\
\x03\x1a\x78\xda\x40\xcf\x6f\x25\xae\x9a\x00\x01\x02\x04\x08\x1c\
\x08\x3c\x3d\x60\x3d\xdf\x90\xa6\x01\x0d\x68\x40\x03\x1a\xd0\x80\
\x06\x34\xa0\x81\x71\x0d\x1c\x8c\xef\x7e\x4c\x80\x00\x01\x02\x04\
\xfa\x09\x18\x34\xc6\x0d\x1a\x2c\x59\x6a\x40\x03\x1a\xd0\x80\x06\
\x34\xa0\x01\x0d\x8c\x6a\xa0\xdf\x37\x13\x57\x4c\x80\x00\x01\x02\
\x04\xde\x08\x8c\x3a\x60\xbd\x8e\x61\x4d\x03\x1a\xd0\x80\x06\x34\
\xa0\x01\x0d\x68\x40\x03\x63\x1b\x78\x33\xc6\xfb\x11\x01\x02\x04\
\x08\x10\xe8\x23\x60\xc0\x18\x3b\x60\xf0\xe4\xa9\x01\x0d\x68\x40\
\x03\x1a\xd0\x80\x06\x34\x30\xb2\x81\x3e\xdf\x4c\x5c\x29\x01\x02\
\x04\x08\x10\x78\x23\x30\xf2\x70\xf5\x5a\x86\x35\x0d\x68\x40\x03\
\x1a\xd0\x80\x06\x34\xa0\x01\x0d\x8c\x6f\xe0\xcd\x38\xef\x47\x04\
\x08\x10\x20\x40\xa0\xbe\x80\xe1\x62\xfc\x70\xc1\x94\xa9\x06\x34\
\xa0\x01\x0d\x68\x40\x03\x1a\xd0\xc0\xe8\x06\xea\x7f\x33\x71\x85\
\x04\x08\x10\x20\x40\xe0\x8d\xc0\xe8\x83\xd5\xeb\x19\xd6\x34\xa0\
\x01\x0d\x68\x40\x03\x1a\xd0\x80\x06\x34\x30\xbe\x81\x37\x23\xbd\
\x1f\x11\x20\x40\x80\x00\x81\xfa\x02\x86\x8b\xf1\xc3\x05\x53\xa6\
\x1a\xd0\x80\x06\x34\xa0\x01\x0d\x68\x40\x03\x33\x1a\xa8\xff\xed\
\xc4\x15\x12\x20\x40\x80\x00\x81\x5f\x04\x66\x1c\xaa\x5e\xd3\xb0\
\xa6\x01\x0d\x68\x40\x03\x1a\xd0\x80\x06\x34\xa0\x81\x39\x0d\xfc\
\x32\xd2\xfb\x27\x02\x04\x08\x10\x20\x50\x5f\xc0\x60\x31\x67\xb0\
\xe0\xca\x55\x03\x1a\xd0\x80\x06\x34\xa0\x01\x0d\x68\x60\x56\x03\
\xf5\xbf\xa5\xb8\x42\x02\x04\x08\x10\x20\xf0\x45\x60\xd6\x81\xea\
\x75\x0d\x6b\x1a\xd0\x80\x06\x34\xa0\x01\x0d\x68\x40\x03\x1a\x98\
\xd7\xc0\x97\x91\xde\x1f\x09\x10\x20\x40\x80\x40\x7d\x01\x43\xc5\
\xbc\xa1\x82\x2d\x5b\x0d\x68\x40\x03\x1a\xd0\x80\x06\x34\xa0\x81\
\x99\x0d\xd4\xff\xb6\xe2\x0a\x09\x10\x20\x40\x80\xc0\xc7\xc7\xc7\
\xcc\xc3\xd4\x6b\x1b\xd6\x34\xa0\x01\x0d\x68\x40\x03\x1a\xd0\x80\
\x06\x34\x30\xb7\x01\x5f\x6a\x08\x10\x20\x40\x80\x40\x0b\x01\x03\
\xc5\xdc\x81\x82\x2f\x5f\x0d\x68\x40\x03\x1a\xd0\x80\x06\x34\xa0\
\x81\xd9\x0d\xb4\xf8\xe2\xe2\x22\x09\x10\x20\x40\xa0\xaf\xc0\xec\
\x83\xd4\xeb\x1b\xd6\x34\xa0\x01\x0d\x68\x40\x03\x1a\xd0\x80\x06\
\x34\x30\xbf\x81\xbe\xdf\x68\x5c\x39\x01\x02\x04\x08\xb4\x10\x30\
\x4c\xcc\x1f\x26\x18\x33\xd6\x80\x06\x34\xa0\x01\x0d\x68\x40\x03\
\x1a\x58\xd1\x40\x8b\x2f\x30\x2e\x92\x00\x01\x02\x04\x7a\x0a\xac\
\x38\x48\xbd\x87\x81\x4d\x03\x1a\xd0\x80\x06\x34\xa0\x01\x0d\x68\
\x40\x03\xf3\x1b\xe8\xf9\x8d\xc6\x55\x13\x20\x40\x80\x40\x79\x01\
\x43\xc4\xfc\x21\x82\x31\x63\x0d\x68\x40\x03\x1a\xd0\x80\x06\x34\
\xa0\x81\x55\x0d\x94\xff\x02\xe3\x02\x09\x10\x20\x40\xa0\xa7\xc0\
\xaa\x83\xd4\xfb\x18\xda\x34\xa0\x01\x0d\x68\x40\x03\x1a\xd0\x80\
\x06\x34\xb0\xa6\x81\x9e\xdf\x6c\x5c\x35\x01\x02\x04\x08\x94\x15\
\x30\x40\xac\x19\x20\x38\x73\xd6\x80\x06\x34\xa0\x01\x0d\x68\x40\
\x03\x1a\x58\xd9\x40\xd9\x2f\x30\x2e\x8c\x00\x01\x02\x04\x7a\x0a\
\xac\x3c\x44\xbd\x97\xa1\x4d\x03\x1a\xd0\x80\x06\x34\xa0\x01\x0d\
\x68\x40\x03\xeb\x1a\xe8\xf9\x0d\xc7\x55\x13\x20\x40\x80\x40\x39\
\x01\xc3\xc3\xba\xe1\x81\x35\x6b\x54\x1e\x8e\x47\x00\x00\x20\x00\
\x49\x44\x41\x54\x0d\x68\x40\x03\x1a\xd0\x80\x06\x34\xa0\x81\xd5\
\x0d\x94\xfb\x02\xe3\x82\x08\x10\x20\x40\xa0\xa7\xc0\xea\x03\xd4\
\xfb\x19\xda\x34\xa0\x01\x0d\x68\x40\x03\x1a\xd0\x80\x06\x34\xb0\
\xb6\x81\x9e\xdf\x74\x5c\x35\x01\x02\x04\x08\x94\x11\x30\x38\xac\
\x1d\x1c\x78\xf3\xd6\x80\x06\x34\xa0\x01\x0d\x68\x40\x03\x1a\xd8\
\xd1\x40\x99\x2f\x30\x2e\x84\x00\x01\x02\x04\x7a\x0a\xec\x38\x3c\
\xbd\xa7\xa1\x4d\x03\x1a\xd0\x80\x06\x34\xa0\x01\x0d\x68\x40\x03\
\x6b\x1b\xe8\xf9\x6d\xc7\x55\x13\x20\x40\x80\x40\x19\x01\x83\xc3\
\xda\xc1\x81\x37\x6f\x0d\x68\x40\x03\x1a\xd0\x80\x06\x34\xa0\x81\
\x5d\x0d\x94\xf9\x12\xe3\x42\x08\x10\x20\x40\xa0\x97\xc0\xae\x83\
\xd3\xfb\x1a\xda\x34\xa0\x01\x0d\x68\x40\x03\x1a\xd0\x80\x06\x34\
\xb0\xbe\x81\x5e\xdf\x76\x5c\x2d\x01\x02\x04\x08\x94\x11\x30\x34\
\xac\x1f\x1a\x98\x33\xd7\x80\x06\x34\xa0\x01\x0d\x68\x40\x03\x1a\
\xd8\xd9\x40\x99\x2f\x33\x2e\x84\x00\x01\x02\x04\xfa\x08\xec\x3c\
\x38\xbd\xb7\xc1\x4d\x03\x1a\xd0\x80\x06\x34\xa0\x01\x0d\x68\x40\
\x03\xeb\x1b\xe8\xf3\x6d\xc7\x95\x12\x20\x40\x80\x40\x09\x01\xc3\
\xc2\xfa\x61\x81\x39\x73\x0d\x68\x40\x03\x1a\xd0\x80\x06\x34\xa0\
\x81\xdd\x0d\x94\xf8\x32\xe3\x22\x08\x10\x20\x40\xa0\x8f\xc0\xee\
\x83\xd3\xfb\x1b\xde\x34\xa0\x01\x0d\x68\x40\x03\x1a\xd0\x80\x06\
\x34\xb0\xa7\x81\x3e\xdf\x7a\x5c\x29\x01\x02\x04\x08\xa4\x16\x30\
\x28\xec\x19\x14\xb8\x73\xd7\x80\x06\x34\xa0\x01\x0d\x68\x40\x03\
\x1a\x88\xd0\x40\xea\x2f\x33\x16\x4f\x80\x00\x01\x02\x7d\x04\x22\
\x1c\x9a\xd6\x60\x78\xd3\x80\x06\x34\xf0\xac\x81\x5d\xa7\x96\xfb\
\xf6\xec\xbe\xf1\xe3\xa7\x01\x0d\x44\x69\x60\xd7\x39\xe2\x7d\x09\
\x10\x20\x40\x80\xc0\x29\x81\x28\x07\xa6\x75\x18\xde\x34\xa0\x01\
\x0d\xfc\x6c\xe0\xd4\x46\x9e\xe8\x41\xee\xf1\xcf\x7b\xcc\x84\x89\
\x06\x34\x10\xa5\x81\x44\xc7\x89\xa5\x12\x20\x40\x80\x40\x47\x81\
\x28\x07\xa6\x75\x18\xde\x34\xa0\x81\xee\x0d\x74\x3c\x83\x3e\xaf\
\xb9\xfb\xbd\x77\xfd\xf6\x3f\x0d\x68\x20\x42\x03\x9f\x7b\xb2\xff\
\x12\x20\x40\x80\x00\x81\x90\x02\x11\x0e\x4b\x6b\x30\xb4\x69\x40\
\x03\x9d\x1a\x08\x79\x18\x04\x5c\x54\xa7\x26\x5c\xab\x3d\x50\x03\
\x1a\x88\xd2\x40\xc0\xe3\xc0\x92\x08\x10\x20\x40\x80\xc0\xc7\x47\
\x94\x83\xd2\x3a\x0c\x6d\x1a\xd0\x40\xd5\x06\x9c\x35\x63\x05\xaa\
\x76\xe2\xba\xec\x81\x1a\xd0\x40\x94\x06\xc6\xee\xda\x5e\x8d\x00\
\x01\x02\x04\x08\x0c\x12\x88\x72\x50\x5a\x87\xa1\x4d\x03\x1a\xa8\
\xd4\xc0\xa0\x2d\xda\xcb\x9c\x10\xa8\xd4\x8d\x6b\xb1\x0f\x6a\x40\
\x03\x11\x1a\x38\xb1\xf5\x7a\x08\x01\x02\x04\x08\x10\x58\x2f\x10\
\xe1\x90\xb4\x06\xc3\x9a\x06\x34\x90\xb9\x81\xf5\x3b\xb7\x77\x7c\
\x27\x90\xb9\x25\x6b\xb7\x17\x6a\x40\x03\x51\x1a\x78\xb7\xcf\xfa\
\x19\x01\x02\x04\x08\x10\x58\x2e\x10\xe5\x80\xb4\x0e\xc3\x9a\x06\
\x34\x90\xad\x81\xe5\x1b\xb6\x37\xbc\x25\x90\xad\x2b\xeb\xb5\x17\
\x6a\x40\x03\x51\x1a\xb8\xb5\xe9\x7a\x12\x01\x02\x04\x08\x10\x98\
\x25\x10\xe5\x80\xb4\x0e\xc3\x9a\x06\x34\x90\xa1\x81\x59\x7b\xb1\
\xd7\x5d\x23\x90\xa1\x31\x6b\xb4\x17\x6a\x40\x03\x91\x1a\x58\xb3\
\x3b\x7b\x17\x02\x04\x08\x10\x20\x70\x42\x20\xd2\x01\x69\x2d\x06\
\x36\x0d\x68\x20\x62\x03\x27\xb6\x52\x0f\x49\x2a\x10\xb1\x37\x6b\
\xb2\x0f\x6a\x40\x03\x91\x1a\x48\xba\xbd\x5b\x36\x01\x02\x04\x08\
\x54\x13\x88\x74\x38\x5a\x8b\x61\x4d\x03\x1a\x88\xd4\x40\xb5\xfd\
\xde\xf5\xbc\x17\x88\xd4\x9e\xb5\xd8\x0b\x35\xa0\x81\x48\x0d\xbc\
\xdf\x3d\xfd\x94\x00\x01\x02\x04\x08\x2c\x12\x88\x74\x38\x5a\x8b\
\x61\x4d\x03\x1a\xd8\xdd\xc0\xa2\xad\xd7\xdb\x04\x17\xd8\xdd\xa1\
\xf7\xb7\x17\x6a\x40\x03\xd1\x1a\x08\xbe\x6d\x5b\x1e\x01\x02\x04\
\x08\x54\x17\x88\x76\x30\x5a\x8f\x61\x4d\x03\x1a\xd8\xd5\x40\xf5\
\xfd\xde\xf5\xdd\x17\xd8\xd5\xa4\xf7\xb5\x1f\x6a\x40\x03\x91\x1a\
\xb8\xbf\x8b\x7a\x26\x01\x02\x04\x08\x10\x18\x20\x10\xe9\x50\xb4\
\x16\x43\x9a\x06\x34\xb0\xba\x81\x01\xdb\xa8\x97\x68\x24\xb0\xba\
\x4f\xef\x67\x4f\xd4\x80\x06\x22\x35\xd0\x68\xbb\x77\xa9\x04\x08\
\x10\x20\x10\x51\x20\xd2\xa1\x68\x2d\x86\x34\x0d\x68\x60\x55\x03\
\x11\xf7\x63\x6b\xca\x25\xb0\xaa\x55\xef\x63\x5f\xd4\x80\x06\x22\
\x35\x90\x6b\xa7\xb6\x5a\x02\x04\x08\x10\x28\x23\x10\xe9\x30\xb4\
\x16\xc3\x99\x06\x34\x30\xbb\x81\x32\x9b\xb7\x0b\x09\x25\x30\xbb\
\x5b\xaf\x6f\x6f\xd4\x80\x06\x22\x35\x10\x6a\x03\xb6\x18\x02\x04\
\x08\x10\xe8\x23\x10\xe9\x30\xb4\x16\xc3\x99\x06\x34\x30\xab\x81\
\x3e\xbb\xba\x2b\xdd\x29\x30\xab\x5f\xaf\x6b\x6f\xd4\x80\x06\x22\
\x35\xb0\x73\x9f\xf5\xde\x04\x08\x10\x20\xd0\x58\x20\xd2\x61\x68\
\x2d\x86\x33\x0d\x68\x60\x74\x03\x8d\xb7\x77\x97\xbe\x51\x60\x74\
\xc7\x5e\xcf\xde\xa8\x01\x0d\x44\x6b\x60\xe3\x16\xeb\xad\x09\x10\
\x20\x40\xa0\xa3\x40\xb4\x83\xd0\x7a\x0c\x67\x1a\xd0\xc0\xa8\x06\
\x3a\xee\xe9\xae\x39\x9e\xc0\xa8\x9e\xbd\x8e\xbd\x51\x03\x1a\x88\
\xd6\x40\xbc\x1d\xd7\x8a\x08\x10\x20\x40\xa0\xb4\x40\xb4\x83\xd0\
\x7a\x0c\x67\x1a\xd0\xc0\xd3\x06\x4a\x6f\xda\x2e\x2e\xad\xc0\xd3\
\xae\x3d\xdf\xde\xa8\x01\x0d\x44\x6b\x20\xed\x86\x6c\xe1\x04\x08\
\x10\x20\x90\x53\x20\xda\x41\x68\x3d\x86\x33\x0d\x68\xe0\x6e\x03\
\x39\x77\x61\xab\xee\x26\x70\xb7\x6f\xcf\xb3\x37\x6a\x40\x03\x11\
\x1b\xe8\xb6\x87\xbb\x5e\x02\x04\x08\x10\xd8\x24\x10\xf1\x10\xb4\
\x26\xc3\x99\x06\x34\x70\xb5\x81\x4d\x5b\xa8\xb7\x25\xf0\x48\xe0\
\x6a\xe7\x1e\x6f\x6f\xd4\x80\x06\x22\x36\xf0\x68\x23\xf4\x64\x02\
\x04\x08\x10\x20\x70\x56\x20\xe2\x21\x68\x4d\x86\x33\x0d\x68\xe0\
\x6c\x03\x67\xf7\x3a\x8f\x23\x10\x59\xe0\x6c\xef\x1e\x67\x6f\xd4\
\x80\x06\x22\x36\x10\x79\x7f\xb5\x36\x02\x04\x08\x10\x28\x24\x10\
\xf1\x10\xb4\x26\xc3\x99\x06\x34\x70\xa6\x81\x42\x5b\xb1\x4b\x21\
\xf0\x2f\x81\x33\xdd\x7b\x8c\xfd\x51\x03\x1a\x88\xd8\x80\x6d\x9c\
\x00\x01\x02\x04\x08\x4c\x15\x88\x78\xf8\x59\x93\xa1\x4c\x03\x1a\
\x38\x6a\x60\xea\xc6\xe8\xc5\x09\x04\x10\x38\xfa\x0c\xf8\xb9\x7d\
\x52\x03\x1a\x88\xd6\x40\x80\xad\xd3\x12\x08\x10\x20\x40\xa0\xb2\
\x40\xb4\x83\xcf\x7a\x0c\x63\x1a\xd0\xc0\xbb\x06\x2a\xef\xc7\xae\
\x8d\xc0\x77\x81\x77\x9f\x05\x3f\xb3\x57\x6a\x40\x03\xd1\x1a\xf8\
\xbe\x87\xf9\x3b\x01\x02\x04\x08\x10\x18\x2a\x10\xed\xe0\xb3\x1e\
\xc3\x98\x06\x34\xf0\x5b\x03\x43\x37\x3e\x2f\x46\x20\x99\xc0\x6f\
\x9f\x09\xff\x66\xaf\xd4\x80\x06\x22\x36\x90\x6c\x7b\xb5\x5c\x02\
\x04\x08\x10\xc8\x22\x10\xf1\xd0\xb3\x26\xc3\x98\x06\x34\xf0\xbd\
\x81\x2c\x7b\xaa\x75\x12\x98\x2d\xf0\xfd\xb3\xe1\xef\xf6\x4b\x0d\
\x68\x20\x5a\x03\xb3\xf7\x41\xaf\x4f\x80\x00\x01\x02\x4d\x05\xa2\
\x1d\x78\xd6\x63\x08\xd3\x80\x06\xbe\x36\xd0\x74\x6b\x76\xd9\x04\
\xde\x0a\x7c\xfd\x8c\xf8\xb3\x3d\x53\x03\x1a\x88\xd6\xc0\xdb\x0d\
\xcc\x0f\x09\x10\x20\x40\x80\xc0\x5d\x81\x68\x07\x9e\xf5\x18\xc2\
\x34\xa0\x81\xcf\x06\xee\xee\x6b\x9e\x47\xa0\x8b\xc0\xe7\x67\xc5\
\x7f\xed\x9b\x1a\xd0\x40\xa4\x06\xba\xec\xc1\xae\x93\x00\x01\x02\
\x04\x16\x0a\x44\x3a\xe8\xac\xc5\xe0\xa5\x01\x0d\x7c\x36\xb0\x70\
\x1b\xf4\x56\x04\xd2\x0b\x7c\x7e\x6e\xfc\xd7\x1e\xaa\x01\x0d\x44\
\x6a\x20\xfd\xe6\xea\x02\x08\x10\x20\x40\x20\x96\x40\xa4\x43\xce\
\x5a\x0c\x5d\x1a\xd0\xc0\x9f\x06\x62\xed\x92\x56\x43\x20\x8f\x80\
\x3d\xd4\x1e\xaa\x01\x0d\x44\x6a\x20\xcf\xee\x69\xa5\x04\x08\x10\
\x20\x90\x42\x20\xd2\x21\x67\x2d\x86\x2e\x0d\xf4\x6e\x20\xc5\xa6\
\x69\x91\x04\x82\x0b\xd8\x47\x7b\xef\xa3\xee\xbf\xfb\x1f\xa9\x81\
\xe0\xdb\xa5\xe5\x11\x20\x40\x80\x40\x36\x81\x48\x87\x9c\xb5\x18\
\xba\x34\xd0\xb7\x81\x6c\x7b\xa7\xf5\x12\x88\x2e\x60\x3f\xed\xbb\
\x9f\xba\xf7\xee\x7d\xa4\x06\xa2\xef\x95\xd6\x47\x80\x00\x01\x02\
\x89\x04\x22\x1d\x70\xd6\x62\xe0\xd2\x40\xbf\x06\x12\x6d\x97\x96\
\x4a\x20\x9d\x80\x3d\xb5\xdf\x9e\xea\x9e\xbb\xe7\xd1\x1a\x48\xb7\
\x71\x5a\x30\x01\x02\x04\x08\xc4\x14\x88\x76\xc0\x59\x8f\xa1\x4b\
\x03\xbd\x1a\x88\xb9\x33\x5a\x15\x81\x5a\x02\xf6\xd5\x5e\xfb\xaa\
\xfb\xed\x7e\x47\x6b\xa0\xd6\x8e\xea\x6a\x08\x10\x20\x40\x60\x9b\
\x40\xb4\x03\xce\x7a\x0c\x5d\x1a\xe8\xd3\xc0\xb6\x8d\xcf\x1b\x13\
\x68\x2a\x60\x7f\xed\xb3\xbf\xba\xd7\xee\x75\xa4\x06\x9a\x6e\xb9\
\x2e\x9b\x00\x01\x02\x04\x46\x0b\x44\x3a\xdc\xac\xc5\xb0\xa5\x81\
\x1e\x0d\x8c\xde\xc7\xbc\x1e\x01\x02\xe7\x05\xec\xb3\x3d\xf6\x59\
\xf7\xd9\x7d\x8e\xd6\xc0\xf9\x5d\xca\x23\x09\x10\x20\x40\x80\xc0\
\x2f\x02\xd1\x0e\x36\xeb\x31\x6c\x69\xa0\x7e\x03\xbf\x6c\x45\xfe\
\x89\x00\x81\xc5\x02\xf6\xda\xfa\x7b\xad\x7b\xec\x1e\x47\x6b\x60\
\xf1\x36\xe7\xed\x08\x10\x20\x40\xa0\x9a\x40\xb4\x83\xcd\x7a\x0c\
\x5b\x1a\xa8\xdd\x40\xb5\x3d\xd4\xf5\x10\xc8\x2e\x60\xcf\xad\xbd\
\xe7\xba\xbf\xee\x6f\xa4\x06\xb2\xef\x97\xd6\x4f\x80\x00\x01\x02\
\x9b\x05\x22\x1d\x6a\xd6\x62\xc8\xd2\x40\xed\x06\x36\x6f\x77\xde\
\x9e\x00\x81\x17\x02\xf6\xde\xda\x7b\xaf\xfb\xeb\xfe\x46\x6a\xe0\
\xc5\x36\xe4\x9f\x09\x10\x20\x40\x80\xc0\x7b\x81\x48\x87\x99\xb5\
\x18\xae\x34\x50\xb7\x81\xf7\x3b\x91\x9f\x12\x20\x10\x41\xc0\x1e\
\x5c\x77\x0f\x76\x6f\xdd\xdb\x48\x0d\x44\xd8\xef\xac\x81\x00\x01\
\x02\x04\x12\x0a\x44\x3a\xcc\xac\xc5\x70\xa5\x81\x9a\x0d\x24\xdc\
\x1a\x2d\x99\x40\x5b\x01\xfb\x70\xcd\x7d\xd8\x7d\x75\x5f\x23\x35\
\xd0\x76\x83\x75\xe1\x04\x08\x10\x20\xf0\x4c\x20\xd2\x61\x66\x2d\
\x86\x2b\x0d\xd4\x6b\xe0\xd9\x0e\xe5\xd9\x04\x08\xec\x10\xb0\x17\
\xd7\xdb\x8b\xdd\x53\xf7\x34\x5a\x03\x3b\xf6\x36\xef\x49\x80\x00\
\x01\x02\xc9\x05\xa2\x1d\x66\xd6\x63\xc0\xd2\x40\x9d\x06\x92\x6f\
\x8f\x96\x4f\xa0\xbd\x80\xfd\xb8\xce\x7e\xec\x5e\xba\x97\xd1\x1a\
\x68\xbf\xc1\x02\x20\x40\x80\x00\x81\x6b\x02\xd1\x0e\x32\xeb\x31\
\x5c\x69\xa0\x4e\x03\xd7\x76\x23\x8f\x26\x40\x20\xaa\x80\x7d\xb9\
\xce\xbe\xec\x5e\xba\x97\x91\x1a\x88\xba\xe7\x59\x17\x01\x02\x04\
\x08\x04\x15\x88\x74\x88\x59\x8b\xa1\x4a\x03\x35\x1a\x08\xba\xdd\
\x59\x16\x01\x02\x0f\x04\xec\xcf\x35\xf6\x67\xf7\xd1\x7d\x8c\xd4\
\xc0\x83\x2d\xc9\x53\x09\x10\x20\x40\xa0\xa3\x40\xa4\x43\xcc\x5a\
\x0c\x55\x1a\xc8\xdf\x40\xc7\x7d\xd4\x35\x13\xe8\x22\x60\x8f\xce\
\xbf\x47\xbb\x87\xee\x61\xa4\x06\xba\xec\x9d\xae\x93\x00\x01\x02\
\x04\x06\x08\x44\x3a\xc0\xac\xc5\x40\xa5\x81\xfc\x0d\x0c\xd8\x96\
\xbc\x04\x01\x02\xc1\x05\xec\xd5\xf9\xf7\x6a\xf7\xd0\x3d\x8c\xd4\
\x40\xf0\x2d\xcf\xf2\x08\x10\x20\x40\x20\x8a\x40\xa4\xc3\xcb\x5a\
\x0c\x53\x1a\xc8\xdd\x40\x94\x7d\xcd\x3a\x08\x10\x98\x2f\x60\xbf\
\xce\xbd\x5f\xbb\x7f\xee\x5f\xa4\x06\xe6\xef\x58\xde\x81\x00\x01\
\x02\x04\x4a\x08\x44\x3a\xbc\xac\xc5\x30\xa5\x81\xbc\x0d\x94\xd8\
\x10\x5d\x04\x01\x02\x97\x04\xec\xd9\x79\xf7\x6c\xf7\xce\xbd\x8b\
\xd4\xc0\xa5\x8d\xc7\x83\x09\x10\x20\x40\xa0\xaf\x40\xa4\xc3\xcb\
\x5a\x0c\x53\x1a\xc8\xd9\x40\xdf\x1d\xd4\x95\x13\x20\x60\xdf\xce\
\xb9\x6f\xbb\x6f\xee\x5b\xb4\x06\xec\xa6\x04\x08\x10\x20\x40\xe0\
\x50\x20\xda\xe1\x65\x3d\x06\x2a\x0d\xe4\x6a\xe0\x70\x93\xf1\x00\
\x02\x04\xca\x0b\xd8\xb7\x73\xed\xdb\xee\x97\xfb\x15\xb1\x81\xf2\
\x1b\xa5\x0b\x24\x40\x80\x00\x81\x67\x02\x11\x0f\x2f\x6b\x32\x54\
\x69\x20\x4f\x03\xcf\x76\x20\xcf\x26\x40\xa0\x92\x80\xbd\x3b\xcf\
\xde\xed\x5e\xb9\x57\x11\x1b\xa8\xb4\x1f\xba\x16\x02\x04\x08\x10\
\x98\x20\x10\xf1\xf0\xb2\x26\x43\x95\x06\x72\x34\x30\x61\x4b\xf2\
\x92\x04\x08\x24\x17\xb0\x7f\xe7\xd8\xbf\xdd\x27\xf7\x29\x62\x03\
\xc9\xb7\x3f\xcb\x27\x40\x80\x00\x81\xd9\x02\x11\x0f\x2f\x6b\x32\
\x54\x69\x20\x7e\x03\xb3\xf7\x26\xaf\x4f\x80\x40\x5e\x01\x7b\x78\
\xfc\x3d\xdc\x3d\x72\x8f\x22\x36\x90\x77\xd7\xb3\x72\x02\x04\x08\
\x10\x58\x22\x10\xf1\xf0\xb2\x26\x43\x95\x06\x62\x37\xb0\x64\x73\
\xf2\x26\x04\x08\xa4\x16\xb0\x8f\xc7\xde\xc7\xdd\x1f\xf7\x27\x6a\
\x03\xa9\x37\x3e\x8b\x27\x40\x80\x00\x81\x79\x02\x51\x0f\x2e\xeb\
\x32\x54\x69\x20\x6e\x03\xf3\x76\x24\xaf\x4c\x80\x40\x35\x01\x7b\
\x79\xdc\xbd\xdc\xbd\x71\x6f\xa2\x36\x50\x6d\x1f\x74\x3d\x04\x08\
\x10\x20\x30\x48\x20\xea\xc1\x65\x5d\x86\x2a\x0d\xc4\x6c\x60\xd0\
\xd6\xe3\x65\x08\x10\x68\x24\x60\x3f\x8f\xb9\x9f\xbb\x2f\xee\x4b\
\xd4\x06\x1a\x6d\x8f\x2e\x95\x00\x01\x02\x04\xae\x08\x44\x3d\xb8\
\xac\xcb\x50\xa5\x81\x78\x0d\x5c\xd9\x5b\x3c\x96\x00\x01\x02\x5f\
\x05\xec\xe9\xf1\xf6\x74\xf7\xc4\x3d\x89\xda\xc0\xd7\xbd\xc3\x9f\
\x09\x10\x20\x40\x80\xc0\x7f\x05\xa2\x1e\x5c\xd6\x65\xa8\xd2\x40\
\xac\x06\xfe\xbb\x69\xf8\x03\x01\x02\x04\x6e\x0a\xd8\xd7\x63\xed\
\xeb\xee\x87\xfb\x11\xb9\x81\x9b\xdb\x8c\xa7\x11\x20\x40\x80\x40\
\x55\x81\xc8\x87\x96\xb5\x19\xaa\x34\x10\xa7\x81\xaa\x7b\xa0\xeb\
\x22\x40\x60\xbd\x80\xbd\x3d\xce\xde\xee\x5e\xb8\x17\x91\x1b\x58\
\xbf\x3b\x79\x47\x02\x04\x08\x10\x08\x2d\x10\xf9\xd0\xb2\x36\x43\
\x95\x06\xe2\x34\x10\x7a\x23\xb3\x38\x02\x04\xd2\x09\xd8\xdf\xe3\
\xec\xef\xee\x85\x7b\x11\xb5\x81\x74\x1b\x9b\x05\x13\x20\x40\x80\
\xc0\x5c\x81\xa8\x07\x96\x75\x19\xa6\x34\x10\xa7\x81\xb9\xbb\x90\
\x57\x27\x40\xa0\xab\x80\x7d\x3e\xce\x3e\xef\x5e\xb8\x17\x11\x1b\
\xe8\xba\x37\xba\x6e\x02\x04\x08\x10\x78\x21\x10\xf1\xb0\xb2\x26\
\x43\x94\x06\xe2\x34\xf0\x62\xeb\xf0\xcf\x04\x08\x10\x18\x22\x60\
\xbf\x8f\xb3\xdf\xbb\x17\xee\x45\xc4\x06\x86\x6c\x34\x5e\x84\x00\
\x01\x02\x04\x6a\x08\x44\x3c\xa8\xac\xc9\x00\xa5\x81\x18\x0d\xd4\
\xd8\xe5\x5c\x05\x01\x02\x91\x05\xec\xf7\x31\xf6\x7b\xf7\xc1\x7d\
\x88\xda\x40\xe4\xfd\xcb\xda\x08\x10\x20\x40\x60\xb1\x40\xd4\xc3\
\xca\xba\x0c\x52\x1a\xd8\xdb\xc0\xe2\xad\xc8\xdb\x11\x20\xd0\x58\
\xc0\x7e\xbf\x77\xbf\xe7\xcf\x3f\x72\x03\x8d\xb7\x46\x97\x4e\x80\
\x00\x01\x02\x5f\x05\x22\x1f\x56\xd6\x66\x98\xd2\xc0\xbe\x06\xbe\
\xee\x13\xfe\x4c\x80\x00\x81\x15\x02\xf6\xfc\x7d\x7b\x3e\x7b\xf6\
\x91\x1b\x58\xb1\xff\x78\x0f\x02\x04\x08\x10\x48\x20\x10\xf9\xb0\
\xb2\x36\xc3\x94\x06\xf6\x35\x90\x60\xfb\xb2\x44\x02\x04\x0a\x0a\
\xd8\xf7\xf7\xed\xfb\xec\xd9\x47\x6d\xa0\xe0\x56\xe7\x92\x08\x10\
\x20\x40\xe0\x8e\x40\xd4\x83\xca\xba\x0c\x51\x1a\xd8\xd7\xc0\x9d\
\xbd\xc4\x73\x08\x10\x20\x30\x4a\xc0\xfe\xbf\x6f\xff\x67\xcf\x3e\
\x62\x03\xa3\xf6\x16\xaf\x43\x80\x00\x01\x02\xc9\x05\x22\x1e\x52\
\xd6\x64\x78\xd2\xc0\xbe\x06\x92\x6f\x69\x96\x4f\x80\x40\x11\x01\
\xe7\xc0\xbe\x73\x80\x3d\xfb\x88\x0d\x14\xd9\xda\x5c\x06\x01\x02\
\x04\x08\xdc\x15\x88\x78\x38\x59\x93\xa1\x49\x03\xfb\x1a\xb8\xbb\
\x97\x78\x1e\x01\x02\x04\x46\x0b\x38\x0b\xf6\x9d\x05\xec\xd9\x47\
\x6c\x60\xf4\x1e\xe3\xf5\x08\x10\x20\x40\x20\x99\x40\xc4\xc3\xc9\
\x9a\x0c\x4d\x1a\xd8\xd3\x40\xb2\xed\xcb\x72\x09\x10\x68\x20\xe0\
\x3c\xd8\x73\x1e\x70\xe7\x1e\xb1\x81\x06\x5b\x9e\x4b\x24\x40\x80\
\x00\x81\x77\x02\x11\x0f\x27\x6b\x32\x34\x69\x60\x4f\x03\xef\xf6\
\x0a\x3f\x23\x40\x80\xc0\x2e\x01\x67\xc2\x9e\x33\x81\x3b\xf7\x68\
\x0d\xec\xda\x83\xbc\x2f\x01\x02\x04\x08\x04\x11\x88\x76\x30\x59\
\x8f\x61\x49\x03\x7b\x1a\x08\xb2\x25\x59\x06\x01\x02\x04\x7e\x15\
\x70\x36\xec\x39\x1b\xb8\x73\x8f\xd6\xc0\xaf\x1b\x84\x7f\x24\x40\
\x80\x00\x81\x1e\x02\xd1\x0e\x25\xeb\x31\x28\x69\x60\x7d\x03\x3d\
\x76\x3b\x57\x49\x80\x40\x66\x01\x67\xc3\xfa\xb3\x81\x39\xf3\x88\
\x0d\x64\xde\xc7\xac\x9d\x00\x01\x02\x04\x1e\x08\x44\x3c\x94\xac\
\xc9\xb0\xa4\x81\xb5\x0d\x3c\xd8\x42\x3c\x95\x00\x01\x02\x4b\x05\
\x9c\x0f\x6b\xcf\x07\xde\xbc\x23\x36\xb0\x74\xd3\xf1\x66\x04\x08\
\x10\x20\x10\x47\x20\xe2\xa1\x64\x4d\x86\x25\x0d\xac\x6d\x20\xce\
\x8e\x64\x25\x04\x08\x10\x38\x16\x70\x46\xac\x3d\x23\x78\xf3\x8e\
\xd6\xc0\xf1\x2e\xe1\x11\x04\x08\x10\x20\x50\x52\x20\xda\x81\x64\
\x3d\x86\x24\x0d\xac\x6d\xa0\xe4\xc6\xe6\xa2\x08\x10\x28\x2d\xe0\
\x9c\x58\x7b\x4e\xf0\xe6\x1d\xad\x81\xd2\x1b\x9c\x8b\x23\x40\x80\
\x00\x81\xd7\x02\xd1\x0e\x24\xeb\x31\x24\x69\x60\x5d\x03\xaf\x77\
\x06\x3f\x21\x40\x80\x40\x6c\x01\x67\xc5\xba\xb3\x82\x35\xeb\x68\
\x0d\xc4\xde\x9d\xac\x8e\x00\x01\x02\x04\xa6\x09\x44\x3b\x90\xac\
\xc7\x90\xa4\x81\x35\x0d\x4c\xdb\x54\xbc\x30\x01\x02\x04\x16\x09\
\x38\x2f\xd6\x9c\x17\x9c\x39\x47\x6c\x60\xd1\x36\xe3\x6d\x08\x10\
\x20\x40\x20\x92\x40\xc4\x03\xc9\x9a\x0c\x4a\x1a\x98\xdf\x40\xa4\
\x7d\xc8\x5a\x08\x10\x20\x70\x57\xc0\x79\x31\xff\xbc\x60\xcc\x38\
\x62\x03\x77\xf7\x0c\xcf\x23\x40\x80\x00\x81\xc4\x02\x11\x0f\x24\
\x6b\x32\x28\x69\x60\x6e\x03\x89\xb7\x2c\x4b\x27\x40\x80\xc0\x5f\
\x02\xce\x8b\xb9\xe7\x05\x5f\xbe\x51\x1b\xf8\x6b\x23\xf0\x17\x02\
\x04\x08\x10\xa8\x2f\x10\xf5\x40\xb2\x2e\xc3\x92\x06\xe6\x36\x50\
\x7f\x77\x73\x85\x04\x08\x74\x12\x70\x66\xcc\x3d\x33\xf8\xf2\x8d\
\xd8\x40\xa7\x3d\xce\xb5\x12\x20\x40\x80\xc0\xc7\xc7\x47\xc4\xc3\
\xc8\x9a\x0c\x49\x1a\x98\xdb\x80\xcd\x8f\x00\x01\x02\xd5\x04\x9c\
\x1b\x73\xcf\x0d\xbe\x7c\x23\x36\x50\x6d\x1f\x73\x3d\x04\x08\x10\
\x20\x70\x20\x10\xf1\x30\xb2\x26\x43\x92\x06\xe6\x35\x70\xb0\x25\
\xf8\x31\x01\x02\x04\xd2\x0a\x38\x3b\xe6\x9d\x1d\x6c\xd9\x46\x6c\
\x20\xed\x66\x65\xe1\x04\x08\x10\x20\x70\x4f\x20\xe2\x61\x64\x4d\
\x86\x24\x0d\xcc\x6b\xe0\xde\x4e\xe1\x59\x04\x08\x10\xc8\x21\xe0\
\xfc\x98\x77\x7e\xb0\x65\x1b\xad\x81\x1c\xbb\x92\x55\x12\x20\x40\
\x80\xc0\x30\x81\x68\x07\x91\xf5\x18\x8e\x34\x30\xaf\x81\x61\x1b\
\x87\x17\x22\x40\x80\x40\x50\x01\x67\xc8\xbc\x33\x84\x2d\xdb\x88\
\x0d\x04\xdd\x8a\x2c\x8b\x00\x01\x02\x04\x46\x0b\x44\x3c\x84\xac\
\xc9\x70\xa4\x81\x39\x0d\x8c\xde\x3f\xbc\x1e\x01\x02\x04\xa2\x0a\
\x38\x47\xe6\x9c\x23\x5c\xb9\x46\x6c\x20\xea\x3e\x64\x5d\x04\x08\
\x10\x20\x30\x58\x20\xe2\x21\x64\x4d\x86\x23\x0d\xcc\x69\x60\xf0\
\xf6\xe1\xe5\x08\x10\x20\x10\x5a\xc0\x59\x32\xe7\x2c\xe1\xca\x35\
\x5a\x03\xa1\x37\x22\x8b\x23\x40\x80\x00\x81\x71\x02\xd1\x0e\x20\
\xeb\x31\x14\x69\x60\x4e\x03\xe3\x76\x0d\xaf\x44\x80\x00\x81\x1c\
\x02\xce\x93\x39\xe7\x09\x57\xae\xd1\x1a\xc8\xb1\x23\x59\x25\x01\
\x02\x04\x08\x3c\x16\x88\x76\x00\x59\x8f\xa1\x48\x03\x73\x1a\x78\
\xbc\x59\x78\x01\x02\x04\x08\x24\x14\x70\xa6\xcc\x39\x53\xb8\x72\
\x8d\xd4\x40\xc2\xad\xc9\x92\x09\x10\x20\x40\xe0\x8e\x40\xa4\xc3\
\xc7\x5a\x0c\x43\x1a\x98\xd3\xc0\x9d\xbd\xc1\x73\x08\x10\x20\x50\
\x41\xc0\xb9\x32\xe7\x5c\xe1\xca\x35\x52\x03\x15\xf6\x2a\xd7\x40\
\x80\x00\x01\x02\x27\x04\x22\x1d\x3e\xd6\x62\x18\xd2\xc0\xf8\x06\
\x4e\x6c\x03\x1e\x42\x80\x00\x81\xd2\x02\xce\x96\xf1\x67\x0b\x53\
\xa6\xd1\x1a\x28\xbd\x89\xb9\x38\x02\x04\x08\x10\xf8\xb7\x40\xb4\
\xc3\xc7\x7a\x0c\x44\x1a\x18\xdb\x80\xbd\x8e\x00\x01\x02\x04\x3e\
\x3e\x9c\x2d\x63\xcf\x16\x9e\x3c\xa3\x35\x60\x9f\x23\x40\x80\x00\
\x81\x06\x02\xd1\x0e\x1f\xeb\x31\x10\x69\x60\x5c\x03\x0d\xb6\x30\
\x97\x48\x80\x00\x81\x53\x02\xce\x96\x71\x67\x0b\x4b\x96\x11\x1b\
\x38\xb5\x11\x78\x10\x01\x02\x04\x08\xe4\x16\x88\x78\x00\x59\x93\
\xc1\x48\x03\x63\x1a\xc8\xbd\x3b\x59\x3d\x01\x02\x04\xc6\x0a\x38\
\x5b\xc6\x9c\x2d\x1c\x39\x46\x6c\x60\xec\x6e\xe1\xd5\x08\x10\x20\
\x40\x20\x9c\x40\xc4\xc3\xc7\x9a\x0c\x45\x1a\x18\xd3\x40\xb8\x0d\
\xc7\x82\x08\x10\x20\xb0\x59\xc0\xf9\x32\xe6\x7c\xe1\xc8\x31\x62\
\x03\x9b\xb7\x17\x6f\x4f\x80\x00\x01\x02\xb3\x05\x22\x1e\x3e\xd6\
\x64\x28\xd2\xc0\x98\x06\x66\xef\x1f\x5e\x9f\x00\x01\x02\x19\x05\
\x9c\x31\x63\xce\x18\x8e\x1c\xa3\x35\x90\x71\x3f\xb2\x66\x02\x04\
\x08\x10\xb8\x20\x10\xed\xe0\xb1\x1e\xc3\x90\x06\xc6\x34\x70\x61\
\x1b\xf0\x50\x02\x04\x08\xb4\x12\x70\xce\x8c\x39\x67\x38\x72\x8c\
\xd6\x40\xab\x8d\xcc\xc5\x12\x20\x40\xa0\xa3\x40\xb4\x83\xc7\x7a\
\x0c\x43\x1a\x18\xd3\x40\xc7\xfd\xcc\x35\x13\x20\x40\xe0\xac\x80\
\xb3\x66\xcc\x59\xc3\x91\x63\xa4\x06\xce\x7e\xfe\x3d\x8e\x00\x01\
\x02\x04\x92\x0a\x44\x3a\x74\xac\xc5\x10\xa4\x81\x31\x0d\x24\xdd\
\x8e\x2c\x9b\x00\x01\x02\xcb\x04\x9c\x37\x63\xce\x1b\x8e\x1c\x23\
\x35\xb0\x6c\x03\xf1\x46\x04\x08\x10\x20\xb0\x47\x20\xd2\xa1\x63\
\x2d\x86\x20\x0d\x8c\x69\x60\xcf\x6e\xe2\x5d\x09\x10\x20\x90\x4b\
\xc0\x99\x33\xe6\xcc\xe1\xc8\x31\x4a\x03\xb9\x76\x20\xab\x25\x40\
\x80\x00\x81\xcb\x02\x51\x0e\x1c\xeb\x30\xfc\x68\x60\x4c\x03\x97\
\x37\x01\x4f\x20\x40\x80\x40\x53\x01\xe7\xce\x98\x73\x87\x23\xc7\
\x48\x0d\x34\xdd\xce\x5c\x36\x01\x02\x04\x7a\x08\x44\x3a\x70\xac\
\xc5\x00\xa4\x81\xe7\x0d\xf4\xd8\xb9\x5c\x25\x01\x02\x04\xc6\x08\
\x38\x77\x9e\x9f\x3b\x0c\x19\x46\x6a\x60\xcc\xce\xe0\x55\x08\x10\
\x20\x40\x20\x9c\x40\xa4\xc3\xc6\x5a\x0c\x3f\x1a\x78\xde\x40\xb8\
\x4d\xc6\x82\x08\x10\x20\x10\x5c\xc0\xd9\xf3\xfc\xec\x61\xc8\x30\
\x52\x03\xc1\xb7\x1c\xcb\x23\x40\x80\x00\x81\xbb\x02\x91\x0e\x1b\
\x6b\x31\xfc\x68\xe0\x79\x03\x77\xf7\x02\xcf\x23\x40\x80\x40\x67\
\x01\xe7\xcf\xf3\xf3\x87\x21\xc3\x28\x0d\x74\xde\xcb\x5c\x3b\x01\
\x02\x04\x4a\x0b\x44\x39\x68\xac\xc3\xd0\xa3\x81\xe7\x0d\x94\xde\
\xac\x5c\x1c\x01\x02\x04\x26\x0a\x38\x83\x9e\x9f\x41\x0c\x19\x46\
\x69\x60\xe2\x56\xe1\xa5\x09\x10\x20\x40\x60\xa7\x40\x94\x83\xc6\
\x3a\x0c\x3d\x1a\x78\xde\xc0\xce\xbd\xc4\x7b\x13\x20\x40\x20\xbb\
\x80\x73\xe8\xf9\x39\xc4\x90\x61\x84\x06\xb2\xef\x45\xd6\x4f\x80\
\x00\x01\x02\x2f\x04\x22\x1c\x32\xd6\x60\xd8\xd1\xc0\xf3\x06\x5e\
\x7c\xc4\xfd\x33\x01\x02\x04\x08\x9c\x14\x70\x16\x3d\x3f\x8b\x18\
\x32\x8c\xd0\xc0\xc9\x8f\xbc\x87\x11\x20\x40\x80\x40\x36\x81\x08\
\x87\x8c\x35\x18\x76\x34\xf0\xbc\x81\x6c\x7b\x8f\xf5\x12\x20\x40\
\x20\x9a\x80\xb3\xe8\xf9\x59\xc4\x90\x61\x84\x06\xa2\xed\x2d\xd6\
\x43\x80\x00\x01\x02\x83\x04\x22\x1c\x32\xd6\x60\xd8\xd1\xc0\xb3\
\x06\x06\x6d\x07\x5e\x86\x00\x01\x02\xed\x05\x9c\x47\xcf\xce\x23\
\x7e\xfc\xa2\x34\xd0\x7e\x33\x03\x40\x80\x00\x81\x8a\x02\x51\x0e\
\x19\xeb\x30\xf0\x68\xe0\x7e\x03\x15\xf7\x26\xd7\x44\x80\x00\x81\
\x1d\x02\xce\xa2\xfb\x67\x11\x3b\x76\x91\x1a\xd8\xb1\x7f\x78\x4f\
\x02\x04\x08\x10\x98\x2c\x10\xe9\xa0\xb1\x16\x83\x8f\x06\xee\x35\
\x30\x79\x9b\xf0\xf2\x04\x08\x10\x68\x25\xe0\x2c\xba\x77\x16\x71\
\xe3\x16\xa9\x81\x56\x9b\x96\x8b\x25\x40\x80\x40\x07\x81\x48\x87\
\x8c\xb5\x18\x7a\x34\x70\xaf\x81\x0e\x7b\x95\x6b\x24\x40\x80\xc0\
\x4a\x01\xe7\xd1\xbd\xf3\x88\x1b\xb7\x48\x0d\xac\xdc\x33\xbc\x17\
\x01\x02\x04\x08\x2c\x10\x88\x74\xc8\x58\x8b\xa1\x47\x03\xf7\x1a\
\x58\xb0\x55\x78\x0b\x02\x04\x08\xb4\x13\x70\x26\xdd\x3b\x93\xb8\
\x71\x8b\xd2\x40\xbb\x4d\xcb\x05\x13\x20\x40\xa0\xba\x40\x94\x03\
\xc6\x3a\x0c\x3b\x1a\xb8\xd7\x40\xf5\x3d\xca\xf5\x11\x20\x40\x60\
\x97\x80\x73\xe9\xde\xb9\xc4\x8d\x5b\x94\x06\x76\xed\x1d\xde\x97\
\x00\x01\x02\x04\x26\x09\x44\x39\x60\xac\xc3\xb0\xa3\x81\x7b\x0d\
\x4c\xda\x1a\xbc\x2c\x01\x02\x04\xda\x0b\x38\x97\xee\x9d\x4b\xdc\
\xb8\x45\x69\xa0\xfd\x26\x06\x80\x00\x01\x02\xd5\x04\xa2\x1c\x30\
\xd6\x61\xd8\xd1\xc0\xbd\x06\xaa\xed\x49\xae\x87\x00\x01\x02\x91\
\x04\x9c\x4d\xf7\xce\x26\x6e\xdc\x22\x34\x10\x69\x2f\xb1\x16\x02\
\x04\x08\x10\x18\x20\x10\xe1\x70\xb1\x06\x43\x8e\x06\xee\x35\x30\
\x60\x0b\xf0\x12\x04\x08\x10\x20\xf0\x46\xc0\xf9\x74\xef\x7c\xe2\
\xc6\x2d\x42\x03\x6f\x3e\xda\x7e\x44\x80\x00\x01\x02\x19\x05\x22\
\x1c\x2e\xd6\x60\xc8\xd1\xc0\xbd\x06\x32\xee\x39\xd6\x4c\x80\x00\
\x81\x6c\x02\xce\xa8\x7b\x67\x14\x37\x6e\xbb\x1b\xc8\xb6\xd7\x58\
\x2f\x01\x02\x04\x08\x1c\x08\xec\x3e\x58\xbc\xbf\xe1\x46\x03\xf7\
\x1a\x38\xf8\x68\xfb\x31\x01\x02\x04\x08\x0c\x12\x70\x4e\xdd\x3b\
\xa7\xb8\x71\xdb\xdd\xc0\xa0\x2d\xc0\xcb\x10\x20\x40\x80\x40\x14\
\x81\xdd\x07\x8b\xf7\x37\xdc\x68\xe0\x5e\x03\x51\xf6\x10\xeb\x20\
\x40\x80\x40\x75\x01\xe7\xd4\xbd\x73\x8a\x1b\xb7\x08\x0d\x54\xdf\
\x9f\x5c\x1f\x01\x02\x04\x5a\x09\x44\x38\x58\xac\xc1\x80\xa3\x81\
\xeb\x0d\xb4\xda\xa8\x5c\x2c\x01\x02\x04\x36\x0b\x38\xa7\xae\x9f\
\x53\xcc\x98\x45\x68\x60\xf3\xd6\xe1\xed\x09\x10\x20\x40\x60\xa4\
\x40\x84\x83\xc5\x1a\x0c\x38\x1a\xb8\xd6\xc0\xc8\x3d\xc0\x6b\x11\
\x20\x40\x80\xc0\xb1\x80\x73\xea\xda\x39\xc5\x8b\x57\x94\x06\x8e\
\x3f\xdd\x1e\x41\x80\x00\x01\x02\x69\x04\xa2\x1c\x2e\xd6\x61\xd0\
\xd1\xc0\xf9\x06\xd2\x6c\x30\x16\x4a\x80\x00\x81\x22\x02\xce\xa8\
\xf3\x67\x14\x2b\x56\x91\x1a\x28\xb2\x05\xb9\x0c\x02\x04\x08\x10\
\xf8\x23\x10\xe9\x80\xb1\x16\x03\x8f\x06\xce\x35\x60\xf7\x22\x40\
\x80\x00\x81\xf5\x02\xce\xa8\x73\x67\x14\x27\x4e\x91\x1a\x58\xbf\
\x53\x78\x47\x02\x04\x08\x10\x98\x26\x10\xe9\x80\xb1\x16\x03\x8f\
\x06\x8e\x1b\x98\xb6\x19\x78\x61\x02\x04\x08\x10\x78\x2b\xe0\x8c\
\x3a\x3e\xa3\x18\x31\x8a\xd6\xc0\xdb\x0f\xb5\x1f\x12\x20\x40\x80\
\x40\x2e\x81\x68\x87\x8c\xf5\x18\x7c\x34\xf0\xbe\x81\x5c\x3b\x8c\
\xd5\x12\x20\x40\xa0\x8e\x80\xf3\xe9\xfd\xf9\xc4\x87\x4f\xc4\x06\
\xea\xec\x40\xae\x84\x00\x01\x02\x04\xfc\x9f\x10\xfe\x8f\x61\x23\
\xe2\xb0\x61\x4d\xaf\xbb\xb4\x6d\x11\x20\x40\x80\xc0\x3e\x01\xe7\
\xd3\xeb\xf3\x89\x0d\x9b\x88\x0d\xec\xdb\x2d\xbc\x33\x01\x02\x04\
\x08\x0c\x17\x88\x78\xd0\x58\x93\x01\x48\x03\xaf\x1b\x18\xbe\x09\
\x78\x41\x02\x04\x08\x10\x38\x2d\xe0\x7c\x7a\x7d\x3e\xb1\x61\x13\
\xb1\x81\xd3\x1f\x6e\x0f\x24\x40\x80\x00\x81\xf8\x02\x11\x0f\x1a\
\x6b\x32\x00\x69\xe0\xf7\x06\xe2\xef\x28\x56\x48\x80\x00\x81\xda\
\x02\xce\xa7\xdf\xcf\x27\x2e\x5c\xa2\x36\x50\x7b\x47\x72\x75\x04\
\x08\x10\x68\x26\x10\xf5\xb0\xb1\x2e\x83\x90\x06\x7e\x36\xd0\x6c\
\x7b\x72\xb9\x04\x08\x10\x08\x27\xe0\x6c\xfa\x79\x36\x31\x61\x12\
\xb9\x81\x70\x9b\x88\x05\x11\x20\x40\x80\xc0\x3d\x81\xc8\x87\x8d\
\xb5\x19\x86\x34\xf0\xb3\x81\x7b\x9f\x74\xcf\x22\x40\x80\x00\x81\
\x91\x02\xce\xa7\x9f\xe7\x13\x13\x26\x51\x1b\x18\xf9\xd9\xf7\x5a\
\x04\x08\x10\x20\xb0\x51\x20\xea\x41\x63\x5d\x86\x20\x0d\xfc\x6c\
\x60\xe3\x56\xe1\xad\x09\x10\x20\x40\xe0\x8b\x80\x33\xea\xe7\x19\
\xc5\x84\x49\xd4\x06\xbe\x7c\x74\xfd\x91\x00\x01\x02\x04\x32\x0b\
\x44\x3d\x68\xac\xcb\x10\xa4\x81\x9f\x0d\x64\xde\x6b\xac\x9d\x00\
\x01\x02\x95\x04\x9c\x51\x3f\xcf\x28\x26\x4c\xa2\x36\x50\x69\xef\
\x71\x2d\x04\x08\x10\x68\x2d\x10\xf5\xa0\xb1\x2e\x43\x90\x06\x7e\
\x36\xd0\x7a\xb3\x72\xf1\x04\x08\x10\x08\x26\xe0\x9c\xfa\x79\x4e\
\x31\x61\x12\xb1\x81\x60\x5b\x87\xe5\x10\x20\x40\x80\xc0\x5d\x81\
\x88\x87\x8c\x35\x19\x7e\x34\xf0\xb3\x81\xbb\x9f\x71\xcf\x23\x40\
\x80\x00\x81\x39\x02\xce\xaa\x9f\x67\x15\x13\x26\x11\x1b\x98\xb3\
\x03\x78\x55\x02\x04\x08\x10\x58\x2e\x10\xf1\x90\xb1\x26\xc3\x8f\
\x06\x7e\x36\xb0\x7c\x73\xf0\x86\x04\x08\x10\x20\xf0\x56\xc0\x59\
\xf5\xf3\xac\x62\xc2\x24\x62\x03\x6f\x3f\xc8\x7e\x48\x80\x00\x01\
\x02\x79\x04\x22\x1e\x32\xd6\x64\xf8\xd1\xc0\xcf\x06\xf2\xec\x2a\
\x56\x4a\x80\x00\x81\x1e\x02\xce\xaa\x9f\x67\x15\x13\x26\x11\x1b\
\xe8\xb1\x23\xb9\x4a\x02\x04\x08\x34\x10\x88\x78\xc8\x58\x93\xe1\
\x47\x03\x3f\x1b\x68\xb0\x1d\xb9\x44\x02\x04\x08\xa4\x13\x70\x5e\
\xfd\x3c\xaf\x98\x30\x89\xd6\x40\xba\x8d\xc5\x82\x09\x10\x20\x40\
\xe0\x77\x81\x68\x07\x8c\xf5\x18\x7a\x34\xf0\x7b\x03\xbf\x7f\x82\
\xfd\x2b\x01\x02\x04\x08\xec\x14\x70\x66\xfd\x7e\x66\x71\xe1\x12\
\xa9\x81\x9d\x7b\x84\xf7\x26\x40\x80\x00\x81\x81\x02\x91\x0e\x17\
\x6b\x31\xec\x68\xe0\xf7\x06\x06\x7e\xe4\xbd\x14\x01\x02\x04\x08\
\x0c\x14\x70\x6e\xfd\x7e\x6e\x71\xe1\x12\xa9\x81\x81\x1f\x79\x2f\
\x45\x80\x00\x01\x02\x3b\x05\x22\x1d\x2e\xd6\x62\xd8\xd1\xc0\xef\
\x0d\xec\xdc\x23\xbc\x37\x01\x02\x04\x08\xbc\x16\x70\x6e\xfd\x7e\
\x6e\x71\xe1\x12\xa9\x81\xd7\x9f\x60\x3f\x21\x40\x80\x00\x81\x54\
\x02\x91\x0e\x17\x6b\x31\xec\x68\xe0\xf7\x06\x52\x6d\x2a\x16\x4b\
\x80\x00\x81\x66\x02\xce\xae\xdf\xcf\x2e\x2e\x5c\xa2\x34\xd0\x6c\
\x4b\x72\xb9\x04\x08\x10\xa8\x2b\x10\xe5\x60\xb1\x0e\x43\x8e\x06\
\x5e\x37\x50\x77\x07\x72\x65\x04\x08\x10\xc8\x2f\xe0\xfc\x7a\x7d\
\x7e\xb1\x61\x13\xa1\x81\xfc\xbb\x8c\x2b\x20\x40\x80\x00\x81\x7f\
\x09\x44\x38\x54\xac\xc1\x70\xa3\x81\xd7\x0d\xd8\xaa\x08\x10\x20\
\x40\x20\xb6\x80\x33\xec\xf5\x19\xc6\x86\x4d\x84\x06\x62\xef\x20\
\x56\x47\x80\x00\x01\x02\xa7\x05\x22\x1c\x2a\xd6\x60\xb8\xd1\xc0\
\xeb\x06\x4e\x7f\x98\x3d\x90\x00\x01\x02\x04\xb6\x08\x38\xc3\x5e\
\x9f\x61\x6c\xd8\x44\x68\x60\xcb\xc6\xe0\x4d\x09\x10\x20\x40\x60\
\xbc\x40\x84\x43\xc5\x1a\x0c\x37\x1a\x78\xdd\xc0\xf8\x4f\xbd\x57\
\x24\x40\x80\x00\x81\xd1\x02\xce\xb1\xd7\xe7\x18\x1b\x36\xbb\x1b\
\x18\xfd\x79\xf7\x7a\x04\x08\x10\x20\xb0\x49\x60\xf7\x81\xe2\xfd\
\x0d\x35\x1a\x78\xdf\xc0\xa6\xad\xc1\xdb\x12\x20\x40\x80\xc0\x05\
\x01\x67\xd9\xfb\xb3\x8c\x0f\x9f\x9d\x0d\x5c\xf8\x28\x7b\x28\x01\
\x02\x04\x08\x44\x16\xd8\x79\x98\x78\x6f\xc3\x8c\x06\x8e\x1b\x88\
\xbc\x7f\x58\x1b\x01\x02\x04\x08\xfc\x5b\xc0\x79\x76\x7c\x9e\x31\
\x62\xb4\xab\x01\xfb\x14\x01\x02\x04\x08\x14\x11\xd8\x75\x90\x78\
\x5f\x43\x8c\x06\x8e\x1b\x28\xb2\xcd\xb8\x0c\x02\x04\x08\x94\x17\
\x70\xa6\x1d\x9f\x69\x8c\x18\xed\x6a\xa0\xfc\x06\xe4\x02\x09\x10\
\x20\xd0\x45\x60\xd7\x41\xe2\x7d\x0d\x31\x1a\x38\x6e\xa0\xcb\x3e\
\xe4\x3a\x09\x10\x20\x90\x5d\xc0\x99\x76\x7c\xa6\x31\x62\xb4\xab\
\x81\xec\xfb\x8b\xf5\x13\x20\x40\x80\xc0\x7f\x04\x76\x1d\x24\xde\
\xd7\x10\xa3\x81\xe3\x06\x6c\x54\x04\x08\x10\x20\x90\x43\xc0\x99\
\x76\x7c\xa6\x31\x62\xb4\xab\x81\x1c\xbb\x88\x55\x12\x20\x40\x80\
\xc0\xa1\xc0\xae\x83\xc4\xfb\x1a\x62\x34\x70\xdc\xc0\xe1\x07\xd8\
\x03\x08\x10\x20\x40\x20\x84\x80\x33\xed\xf8\x4c\x63\xc4\x68\x57\
\x03\x21\x36\x09\x8b\x20\x40\x80\x00\x81\xe7\x02\xbb\x0e\x12\xef\
\x6b\x88\xd1\xc0\x71\x03\xcf\x3f\xe1\x5e\x81\x00\x01\x02\x04\x56\
\x09\x38\xd7\x8e\xcf\x35\x46\x8c\x76\x34\xb0\x6a\x0f\xf0\x3e\x04\
\x08\x10\x20\x30\x59\x60\xc7\x21\xe2\x3d\x0d\x2f\x1a\x38\xd7\xc0\
\xe4\x8f\xbf\x97\x27\x40\x80\x00\x81\x81\x02\xce\xb6\x73\x67\x1b\
\x27\x4e\xab\x1b\x18\xf8\x31\xf7\x52\x04\x08\x10\x20\xb0\x53\x60\
\xf5\x01\xe2\xfd\x0c\x2d\x1a\x38\xd7\xc0\xce\x7d\xc1\x7b\x13\x20\
\x40\x80\xc0\x75\x01\xe7\xdb\xb9\xf3\x8d\x13\xa7\xd5\x0d\x5c\xff\
\x34\x7b\x06\x01\x02\x04\x08\x84\x14\x58\x7d\x80\x78\x3f\x43\x8b\
\x06\xce\x35\x10\x72\xc3\xb0\x28\x02\x04\x08\x10\x78\x29\xe0\x7c\
\x3b\x77\xbe\x71\xe2\xb4\xba\x81\x97\x1f\x5a\x3f\x20\x40\x80\x00\
\x81\x5c\x02\xab\x0f\x10\xef\x67\x68\xd1\xc0\xb9\x06\x72\xed\x24\
\x56\x4b\x80\x00\x01\x02\xce\xb7\x73\xe7\x1b\x27\x4e\xab\x1b\xb0\
\x3b\x11\x20\x40\x80\x40\x11\x81\xd5\x07\x88\xf7\x33\xb4\x68\xe0\
\x5c\x03\x45\xb6\x18\x97\x41\x80\x00\x81\x36\x02\xce\xb7\x73\xe7\
\x1b\x27\x4e\xab\x1b\x68\xb3\x09\xb9\x50\x02\x04\x08\x54\x17\x58\
\x7d\x80\x78\x3f\x43\x8b\x06\xce\x35\x50\x7d\xef\x71\x7d\x04\x08\
\x10\xa8\x28\xe0\x8c\x3b\x77\xc6\x71\xe2\xb4\xb2\x81\x8a\x7b\x8d\
\x6b\x22\x40\x80\x40\x4b\x81\x95\x87\x87\xf7\x32\xac\x68\xe0\x7c\
\x03\x2d\x37\x24\x17\x4d\x80\x00\x81\xe4\x02\xce\xb9\xf3\xe7\x1c\
\x2b\x56\xab\x1a\x48\xbe\xad\x58\x3e\x01\x02\x04\x08\x7c\x0a\xac\
\x3a\x38\xbc\x8f\x21\x45\x03\xe7\x1b\xf8\xfc\x7c\xfa\x2f\x01\x02\
\x04\x08\xe4\x12\x70\xd6\x9d\x3f\xeb\x58\xb1\x5a\xd5\x40\xae\x5d\
\xc4\x6a\x09\x10\x20\x40\xe0\xa5\xc0\xaa\x83\xc3\xfb\x18\x52\x34\
\x70\xbe\x81\x97\x1f\x58\x3f\x20\x40\x80\x00\x81\xd0\x02\xce\xba\
\xf3\x67\x1d\x2b\x56\xab\x1a\x08\xbd\x69\x58\x1c\x01\x02\x04\x08\
\x9c\x17\x58\x75\x70\x78\x1f\x43\x8a\x06\xce\x37\x70\xfe\x13\xec\
\x91\x04\x08\x10\x20\x10\x49\xc0\x59\x77\xfe\xac\x63\xc5\x6a\x55\
\x03\x91\xf6\x08\x6b\x21\x40\x80\x00\x81\x07\x02\xab\x0e\x0e\xef\
\x63\x48\xd1\xc0\xf9\x06\x1e\x7c\xa4\x3d\x95\x00\x01\x02\x04\x36\
\x0a\x38\xeb\xce\x9f\x75\xac\x58\xad\x6a\x60\xe3\x96\xe0\xad\x09\
\x10\x20\x40\x60\xa4\xc0\xaa\x83\xc3\xfb\x18\x52\x34\x70\xbe\x81\
\x91\x9f\x71\xaf\x45\x80\x00\x01\x02\xeb\x04\x9c\x75\xe7\xcf\x3a\
\x56\xac\x56\x35\xb0\x6e\x07\xf0\x4e\x04\x08\x10\x20\x30\x5d\x60\
\xd5\xe1\xe1\x7d\x0c\x2a\x1a\x38\xd7\xc0\xf4\x0f\xbd\x37\x20\x40\
\x80\x00\x81\x29\x02\xce\xb9\x73\xe7\x1c\x27\x4e\x2b\x1b\x98\xf2\
\x61\xf7\xa2\x04\x08\x10\x20\xb0\x47\x60\xe5\x01\xe2\xbd\x0c\x2c\
\x1a\x38\x6e\x60\xcf\x4e\xe0\x5d\x09\x10\x20\x40\x60\x84\x80\x73\
\xee\xf8\x9c\x63\xc4\x68\x65\x03\x23\x3e\xd7\x5e\x83\x00\x01\x02\
\x04\x82\x08\xac\x3c\x40\xbc\x97\x81\x45\x03\xc7\x0d\x04\xd9\x1a\
\x2c\x83\x00\x01\x02\x04\x6e\x08\x38\xe7\x8e\xcf\x39\x46\x8c\x56\
\x36\x70\xe3\x63\xec\x29\x04\x08\x10\x20\x10\x55\x60\xe5\x01\xe2\
\xbd\x0c\x2c\x1a\x38\x6e\x20\xea\x5e\x61\x5d\x04\x08\x10\x20\x70\
\x2c\xe0\x9c\x3b\x3e\xe7\x18\x31\x5a\xd9\xc0\xf1\xa7\xd6\x23\x08\
\x10\x20\x40\x20\x8d\xc0\xca\x03\xc4\x7b\x19\x58\x34\x70\xdc\x40\
\x9a\xcd\xc3\x42\x09\x10\x20\x40\xe0\x87\x80\x73\xee\xf8\x9c\x63\
\xc4\x68\x65\x03\x3f\x3e\xa4\xfe\x81\x00\x01\x02\x04\xf2\x0a\xac\
\x3c\x40\xbc\x97\x81\x45\x03\xc7\x0d\xe4\xdd\x4d\xac\x9c\x00\x01\
\x02\x04\x9c\x73\xc7\xe7\x1c\x23\x46\x2b\x1b\xb0\x2b\x11\x20\x40\
\x80\x40\x21\x81\x95\x07\x88\xf7\x32\xb0\x68\xe0\xb8\x81\x42\xdb\
\x8b\x4b\x21\x40\x80\x40\x3b\x01\xe7\xdc\xf1\x39\xc7\x88\xd1\xca\
\x06\xda\x6d\x42\x2e\x98\x00\x01\x02\x95\x05\x56\x1e\x20\xde\xcb\
\xc0\xa2\x81\xe3\x06\x2a\xef\x37\xae\x8d\x00\x01\x02\xd5\x05\x9c\
\x73\xc7\xe7\x1c\x23\x46\x2b\x1b\xa8\xbe\xe7\xb8\x3e\x02\x04\x08\
\xb4\x12\x58\x79\x80\x78\x2f\x03\x8b\x06\x8e\x1b\x68\xb5\x01\xb9\
\x58\x02\x04\x08\x14\x13\x70\xce\x1d\x9f\x73\x8c\x18\xad\x6c\xa0\
\xd8\x16\xe3\x72\x08\x10\x20\xd0\x5b\x60\xe5\x01\xe2\xbd\x0c\x2c\
\x1a\x38\x6e\xa0\xf7\x8e\xe4\xea\x09\x10\x20\x90\x5b\xc0\x39\x77\
\x7c\xce\x31\x62\xb4\xb2\x81\xdc\x3b\x8a\xd5\x13\x20\x40\x80\xc0\
\x5f\x02\x2b\x0f\x10\xef\x65\x60\xd1\xc0\x71\x03\x7f\x7d\x40\xfd\
\x85\x00\x01\x02\x04\x52\x09\x38\xe7\x8e\xcf\x39\x46\x8c\x56\x36\
\x90\x6a\x03\xb1\x58\x02\x04\x08\x10\x78\x2f\xb0\xf2\x00\xf1\x5e\
\x06\x16\x0d\x1c\x37\xf0\xfe\x13\xeb\xa7\x04\x08\x10\x20\x10\x59\
\xc0\x39\x77\x7c\xce\x31\x62\xb4\xaa\x81\xc8\x7b\x85\xb5\x11\x20\
\x40\x80\xc0\x0d\x81\x55\x07\x88\xf7\x31\xac\x68\xe0\x5c\x03\x37\
\x3e\xc6\x9e\x42\x80\x00\x01\x02\x41\x04\x9c\x75\xe7\xce\x3a\x4e\
\x9c\x56\x34\x10\x64\x5b\xb0\x0c\x02\x04\x08\x10\x18\x25\xb0\xe2\
\xf0\xf0\x1e\x86\x14\x0d\x9c\x6f\x60\xd4\x67\xdb\xeb\x10\x20\x40\
\x80\xc0\x7a\x01\xe7\xdd\xf9\xf3\x8e\x15\xab\xd9\x0d\xac\xdf\x01\
\xbc\x23\x01\x02\x04\x08\x4c\x15\x98\x7d\x70\x78\x7d\xc3\x89\x06\
\xae\x35\x30\xf5\x03\xef\xc5\x09\x10\x20\x40\x60\xaa\x80\x33\xef\
\xda\x99\xc7\x8b\xd7\xcc\x06\xa6\x7e\xd8\xbd\x38\x01\x02\x04\x08\
\xac\x17\x98\x79\x68\x78\x6d\x43\x89\x06\xae\x37\xb0\x7e\x17\xf0\
\x8e\x04\x08\x10\x20\x30\x4a\xc0\xb9\x77\xfd\xdc\x63\xc6\x6c\x56\
\x03\xa3\x3e\xd7\x5e\x87\x00\x01\x02\x04\x82\x08\xcc\x3a\x30\xbc\
\xae\x61\x44\x03\xf7\x1a\x08\xb2\x35\x58\x06\x01\x02\x04\x08\xdc\
\x10\x70\xf6\xdd\x3b\xfb\xb8\x71\x9b\xd1\xc0\x8d\x8f\xb0\xa7\x10\
\x20\x40\x80\x40\x64\x81\x19\x87\x85\xd7\x34\x84\x68\xe0\x7e\x03\
\x91\xf7\x0b\x6b\x23\x40\x80\x00\x81\xf7\x02\xce\xbf\xfb\xe7\x1f\
\x3b\x76\xa3\x1b\x78\xff\x69\xf5\x53\x02\x04\x08\x10\x48\x29\x30\
\xfa\xb0\xf0\x7a\x06\x10\x0d\xdc\x6f\x20\xe5\x26\x62\xd1\x04\x08\
\x10\x20\xf0\x2f\x01\xe7\xdf\xfd\xf3\x8f\x1d\xbb\xd1\x0d\xd8\x96\
\x08\x10\x20\x40\xa0\xa0\xc0\xe8\xc3\xc2\xeb\x19\x40\x34\x70\xbf\
\x81\x82\x5b\x8c\x4b\x22\x40\x80\x40\x1b\x01\xe7\xdf\xfd\xf3\x8f\
\x1d\xbb\xd1\x0d\xb4\xd9\x78\x5c\x28\x01\x02\x04\x3a\x09\x8c\x3e\
\x2c\xbc\x9e\x01\x44\x03\xf7\x1b\xe8\xb4\xf7\xb8\x56\x02\x04\x08\
\x54\x13\x70\xfe\xdd\x3f\xff\xd8\xb1\x1b\xdd\x40\xb5\xfd\xc5\xf5\
\x10\x20\x40\x80\xc0\xc7\xc7\xc7\xe8\xc3\xc2\xeb\x19\x40\x34\x70\
\xbf\x01\x9b\x12\x01\x02\x04\x08\xe4\x15\x70\xfe\xdd\x3f\xff\xd8\
\xb1\x1b\xdd\x40\xde\x9d\xc4\xca\x09\x10\x20\x40\xe0\xa5\xc0\xe8\
\xc3\xc2\xeb\x19\x40\x34\x70\xbf\x81\x97\x1f\x54\x3f\x20\x40\x80\
\x00\x81\xf0\x02\xce\xbf\xfb\xe7\x1f\x3b\x76\x23\x1b\x08\xbf\x59\
\x58\x20\x01\x02\x04\x08\xdc\x13\x18\x79\x58\x78\x2d\xc3\x87\x06\
\x9e\x35\x70\xef\x53\xec\x59\x04\x08\x10\x20\x10\x41\xc0\x19\xf8\
\xec\x0c\xe4\xc7\x6f\x54\x03\x11\xf6\x03\x6b\x20\x40\x80\x00\x81\
\x09\x02\xa3\x0e\x0a\xaf\x63\xe8\xd0\xc0\xf3\x06\x26\x7c\xc4\xbd\
\x24\x01\x02\x04\x08\x2c\x12\x70\x0e\x3e\x3f\x07\x19\x32\x1c\xd1\
\xc0\xa2\x8f\xbc\xb7\x21\x40\x80\x00\x81\xd5\x02\x23\x0e\x09\xaf\
\x61\xd8\xd0\xc0\x98\x06\x56\x7f\xfe\xbd\x1f\x01\x02\x04\x08\x8c\
\x13\x70\x16\x8e\x39\x0b\x39\x72\x7c\xda\xc0\xb8\x4f\xb5\x57\x22\
\x40\x80\x00\x81\x18\x65\x3a\x28\x00\x00\x20\x00\x49\x44\x41\x54\
\x50\x02\x4f\x0f\x08\xcf\x37\x64\x68\x60\x5c\x03\xa1\x36\x07\x8b\
\x21\x40\x80\x00\x81\x4b\x02\xce\xc3\x71\xe7\x21\x4b\x96\x4f\x1a\
\xb8\xf4\xc1\xf5\x60\x02\x04\x08\x10\xc8\x23\xf0\xe4\x70\xf0\x5c\
\xc3\x85\x06\xc6\x36\x90\x67\xe7\xb0\x52\x02\x04\x08\x10\xf8\x2e\
\xe0\x4c\x1c\x7b\x26\xf2\xe4\x79\xb7\x81\xef\x9f\x4d\x7f\x27\x40\
\x80\x00\x81\x42\x02\x77\x0f\x07\xcf\x33\x58\x68\x60\x6c\x03\x85\
\xb6\x15\x97\x42\x80\x00\x81\x76\x02\xce\xc4\xb1\x67\x22\x4f\x9e\
\x77\x1b\x68\xb7\xf9\xb8\x60\x02\x04\x08\x74\x12\xb8\x7b\x38\x78\
\x9e\xc1\x42\x03\x63\x1b\xe8\xb4\xef\xb8\x56\x02\x04\x08\x54\x13\
\x70\x26\x8e\x3d\x13\x79\xf2\xbc\xd3\x40\xb5\x7d\xc5\xf5\x10\x20\
\x40\x80\xc0\x37\x81\x3b\x87\x83\xe7\x18\x2a\x34\x30\xbe\x81\x6f\
\x1f\x4d\x7f\x25\x40\x80\x00\x81\x44\x02\xce\xc5\xf1\xe7\x22\x53\
\xa6\x57\x1b\x48\xb4\x65\x58\x2a\x01\x02\x04\x08\xdc\x11\xb8\x7a\
\x30\x78\xbc\x61\x42\x03\x73\x1a\xb8\xf3\xf9\xf5\x1c\x02\x04\x08\
\x10\x88\x21\xe0\x6c\x9c\x73\x36\x72\xe5\x7a\xa5\x81\x18\xbb\x81\
\x55\x10\x20\x40\x80\xc0\x34\x81\x2b\x87\x82\xc7\x1a\x22\x34\x30\
\xaf\x81\x69\x1f\x72\x2f\x4c\x80\x00\x01\x02\x53\x05\x9c\x8d\xf3\
\xce\x46\xb6\x6c\xaf\x34\x30\xf5\x83\xee\xc5\x09\x10\x20\x40\x60\
\xbf\xc0\x95\x43\xc1\x63\x0d\x11\x1a\x98\xd7\xc0\xfe\xdd\xc0\x0a\
\x08\x10\x20\x40\xe0\x8e\x80\xb3\x71\xde\xd9\xc8\x96\xed\x95\x06\
\xee\x7c\x7e\x3d\x87\x00\x01\x02\x04\x12\x09\x5c\x39\x14\x3c\xd6\
\x10\xa1\x81\x79\x0d\x24\xda\x36\x2c\x95\x00\x01\x02\x04\xbe\x08\
\x38\x1b\xe7\x9d\x8d\x6c\xd9\x5e\x69\xe0\xcb\xc7\xd2\x1f\x09\x10\
\x20\x40\xa0\xaa\xc0\x95\x83\xc1\x63\x0d\x12\x1a\x98\xd3\x40\xd5\
\xfd\xc5\x75\x11\x20\x40\xa0\xba\x80\x73\x71\xce\xb9\xc8\x95\xeb\
\xd5\x06\xaa\xef\x35\xae\x8f\x00\x01\x02\x04\x3e\x3e\x3e\xae\x1e\
\x0e\x1e\x6f\xa0\xd0\xc0\xf8\x06\x6c\x46\x04\x08\x10\x20\x90\x53\
\xc0\x99\x38\xfe\x4c\x64\xca\xf4\x4e\x03\x39\x77\x10\xab\x26\x40\
\x80\x00\x81\x4b\x02\x77\x0e\x08\xcf\x31\x58\x68\x60\x6c\x03\x97\
\x3e\xb4\x1e\x4c\x80\x00\x01\x02\x61\x04\x9c\x87\x63\xcf\x43\x9e\
\x3c\xef\x36\x10\x66\x53\xb0\x10\x02\x04\x08\x10\x98\x27\x70\xf7\
\x90\xf0\x3c\x03\x86\x06\xc6\x36\x30\xef\x53\xee\x95\x09\x10\x20\
\x40\x60\x96\x80\xb3\x70\xec\x59\xc8\x93\xe7\xdd\x06\x66\x7d\xc6\
\xbd\x2e\x01\x02\x04\x08\x04\x12\xb8\x7b\x48\x78\x9e\x01\x43\x03\
\x63\x1b\x08\xb4\x2d\x58\x0a\x01\x02\x04\x08\x9c\x14\x70\x16\x8e\
\x3d\x0b\x79\xf2\xbc\xdb\xc0\xc9\x8f\xac\x87\x11\x20\x40\x80\x40\
\x66\x81\xbb\x87\x84\xe7\x19\x30\x34\x30\xb6\x81\xcc\xfb\x88\xb5\
\x13\x20\x40\xa0\xa3\x80\x73\x70\xec\x39\xc8\x93\xe7\xdd\x06\x3a\
\xee\x3f\xae\x99\x00\x01\x02\x2d\x05\xee\x1e\x14\x9e\x67\xc8\xd0\
\xc0\xd8\x06\x5a\x6e\x40\x2e\x9a\x00\x01\x02\x89\x05\x9c\x83\x63\
\xcf\x41\x9e\x3c\xef\x36\x90\x78\x1b\xb1\x74\x02\x04\x08\x10\xb8\
\x22\x70\xf7\xa0\xf0\x3c\x43\x86\x06\xc6\x36\x70\xe5\x73\xeb\xb1\
\x04\x08\x10\x20\xb0\x5f\xc0\x39\x38\xf6\x1c\xe4\xc9\xf3\x6e\x03\
\xfb\x77\x03\x2b\x20\x40\x80\x00\x81\x25\x02\x77\x0f\x0a\xcf\x33\
\x64\x68\x60\x6c\x03\x4b\x3e\xf0\xde\x84\x00\x01\x02\x04\x86\x09\
\x38\x07\xc7\x9e\x83\x3c\x79\xde\x6d\x60\xd8\x87\xda\x0b\x11\x20\
\x40\x80\x40\x7c\x81\xbb\x87\x85\xe7\x19\x34\x34\x30\xb6\x81\xf8\
\xbb\x85\x15\x12\x20\x40\x80\xc0\xa7\x80\x33\x70\xec\x19\xc8\x93\
\xe7\xdd\x06\x3e\x3f\x93\xfe\x4b\x80\x00\x01\x02\x0d\x04\xee\x1e\
\x16\x9e\x67\xd0\xd0\xc0\xd8\x06\x1a\x6c\x37\x2e\x91\x00\x01\x02\
\x65\x04\x9c\x81\x63\xcf\x40\x9e\x3c\xef\x36\x50\x66\x53\x71\x21\
\x04\x08\x10\x20\x70\x2c\x70\xf7\xb0\xf0\x3c\x83\x86\x06\xc6\x36\
\x70\xfc\x69\xf5\x08\x02\x04\x08\x10\x88\x20\xe0\xfc\x1b\x7b\xfe\
\xf1\xe4\x79\xb7\x81\x08\xfb\x81\x35\x10\x20\x40\x80\xc0\x42\x81\
\xbb\x07\x86\xe7\x19\x36\x34\x30\xb6\x81\x85\x1f\x7b\x6f\x45\x80\
\x00\x01\x02\x0f\x04\x9c\x7f\x63\xcf\x3f\x9e\x3c\xef\x36\xf0\xe0\
\x63\xec\xa9\x04\x08\x10\x20\x90\x51\xe0\xee\x81\xe1\x79\x86\x0d\
\x0d\x8c\x6d\x20\xe3\xfe\x61\xcd\x04\x08\x10\xe8\x28\xe0\xfc\x1b\
\x7b\xfe\xf1\xe4\x79\xb7\x81\x8e\xfb\x8f\x6b\x26\x40\x80\x40\x7b\
\x81\xbb\x87\x86\xe7\x19\x38\x34\x30\xb6\x81\xf6\x9b\x11\x00\x02\
\x04\x08\x24\x10\x70\xf6\x8d\x3d\xfb\x78\xf2\xbc\xdb\x40\x82\xed\
\xc2\x12\x09\x10\x20\x40\x60\xb4\xc0\xdd\x43\xc3\xf3\x0c\x1c\x1a\
\x18\xdb\xc0\xe8\xcf\xb6\xd7\x23\x40\x80\x00\x81\xf1\x02\xce\xbe\
\xb1\x67\x1f\x4f\x9e\x77\x1b\x18\xff\xe9\xf6\x8a\x04\x08\x10\x20\
\x10\x5e\xe0\xee\xa1\xe1\x79\x06\x0e\x0d\x8c\x6d\x20\xfc\x66\x61\
\x81\x04\x08\x10\x20\xf0\xe1\xec\x1b\x7b\xf6\xf1\xe4\x79\xb7\x01\
\xdb\x11\x01\x02\x04\x08\x34\x14\xb8\x7b\x68\x78\x9e\x81\x43\x03\
\x63\x1b\x68\xb8\xfd\xb8\x64\x02\x04\x08\xa4\x13\x70\xf6\x8d\x3d\
\xfb\x78\xf2\xbc\xd3\x40\xba\x8d\xc3\x82\x09\x10\x20\x40\x60\x8c\
\xc0\x9d\x43\xc3\x73\x0c\x1b\x1a\x18\xdf\xc0\x98\x4f\xb4\x57\x21\
\x40\x80\x00\x81\x59\x02\xce\xbe\xf1\x67\x1f\x53\xa6\x77\x1a\x98\
\xf5\x19\xf7\xba\x04\x08\x10\x20\x10\x5c\xe0\xce\xa1\xe1\x39\x86\
\x0d\x0d\x8c\x6f\x20\xf8\x56\x61\x79\x04\x08\x10\x68\x2f\xe0\xec\
\x1b\x7f\xf6\x31\x65\x7a\xa7\x81\xf6\x9b\x11\x00\x02\x04\x08\x74\
\x15\xb8\x73\x68\x78\x8e\x61\x43\x03\x73\x1a\xe8\xba\x0f\xb9\x6e\
\x02\x04\x08\x64\x10\x70\xf6\xcd\x39\xfb\xb8\x72\xbd\xda\x40\x86\
\xfd\xc2\x1a\x09\x10\x20\x40\x60\x92\xc0\xd5\x43\xc3\xe3\x0d\x1a\
\x1a\x98\xd3\xc0\xa4\x8f\xb8\x97\x25\x40\x80\x00\x81\x87\x02\xce\
\xbd\x39\xe7\x1e\x57\xae\x77\x1a\x78\xf8\x71\xf6\x74\x02\x04\x08\
\x10\xc8\x2c\x70\xe7\xe0\xf0\x1c\x03\x87\x06\xc6\x37\x90\x79\x1f\
\xb1\x76\x02\x04\x08\x54\x16\x70\xe6\x8d\x3f\xf3\x98\x32\xbd\xdb\
\x40\xe5\xbd\xc6\xb5\x11\x20\x40\x80\xc0\x81\xc0\xdd\xc3\xc3\xf3\
\x0c\x1e\x1a\x18\xdb\xc0\xc1\x47\xd5\x8f\x09\x10\x20\x40\x60\x93\
\x80\xf3\x6e\xec\x79\xc7\x93\xe7\xdd\x06\x36\x6d\x01\xde\x96\x00\
\x01\x02\x04\xa2\x08\xdc\x3d\x40\x3c\xcf\xf0\xa1\x81\xf1\x0d\x44\
\xd9\x17\xac\x83\x00\x01\x02\x04\xfe\x11\x70\xde\x8d\x3f\xef\x98\
\x32\xbd\xd3\xc0\x3f\x9f\x4a\x7f\x22\x40\x80\x00\x81\x96\x02\x77\
\x0e\x0f\xcf\x31\x74\x68\x60\x4e\x03\x2d\x37\x21\x17\x4d\x80\x00\
\x81\xe0\x02\xce\xbc\x39\x67\x1e\x57\xae\x57\x1b\x08\xbe\x55\x58\
\x1e\x01\x02\x04\x08\xac\x10\xb8\x7a\x78\x78\xbc\x81\x43\x03\x73\
\x1a\x58\xf1\x79\xf7\x1e\x04\x08\x10\x20\x70\x5e\xc0\x79\x37\xe7\
\xbc\xe3\xca\xf5\x4e\x03\xe7\x3f\xb9\x1e\x49\x80\x00\x01\x02\x65\
\x05\xee\x1c\x20\x9e\x63\xf0\xd0\xc0\xf8\x06\xca\x6e\x32\x2e\x8c\
\x00\x01\x02\x49\x05\x9c\x75\xe3\xcf\x3a\xa6\x4c\xef\x34\x90\x74\
\x0b\xb1\x6c\x02\x04\x08\x10\x18\x2d\x70\xe7\x10\xf1\x1c\xc3\x87\
\x06\xc6\x37\x30\xfa\xb3\xed\xf5\x08\x10\x20\x40\xe0\x99\x80\xb3\
\x6e\xfc\x59\xc7\x94\xe9\x9d\x06\x9e\x7d\x92\x3d\x9b\x00\x01\x02\
\x04\xca\x08\xdc\x39\x44\x3c\xc7\xf0\xa1\x81\x39\x0d\x94\xd9\x58\
\x5c\x08\x01\x02\x04\x0a\x08\x38\xeb\xe6\x9c\x75\x5c\xb9\x5e\x6d\
\xa0\xc0\x76\xe2\x12\x08\x10\x20\x40\x60\x94\xc0\xd5\x43\xc4\xe3\
\x0d\x1e\x1a\x98\xd3\xc0\xa8\xcf\xb4\xd7\x21\x40\x80\x00\x81\x67\
\x02\xce\xb9\x39\xe7\x1c\x57\xae\x77\x1a\x78\xf6\x69\xf6\x6c\x02\
\x04\x08\x10\x28\x25\x70\xe7\x20\xf1\x1c\x03\x88\x06\xc6\x37\x50\
\x6a\x63\x71\x31\x04\x08\x10\x48\x2c\xe0\x8c\x1b\x7f\xc6\x31\x65\
\x7a\xb7\x81\xc4\x5b\x89\xa5\x13\x20\x40\x80\xc0\x68\x81\xbb\x87\
\x89\xe7\x19\x44\x34\x30\xbe\x81\xd1\x9f\x6f\xaf\x47\x80\x00\x01\
\x02\xd7\x05\x9c\x6f\xe3\xcf\x37\xa6\x4c\xef\x36\x70\xfd\x13\xec\
\x19\x04\x08\x10\x20\x50\x56\xe0\xee\x61\xe2\x79\x06\x11\x0d\x8c\
\x6f\xa0\xec\x46\xe3\xc2\x08\x10\x20\x90\x44\xc0\xd9\x36\xfe\x6c\
\x63\xca\xf4\x6e\x03\x49\xb6\x0d\xcb\x24\x40\x80\x00\x81\x55\x02\
\x77\x0f\x14\xcf\x33\x8c\x68\x60\x7c\x03\xab\x3e\xf7\xde\x87\x00\
\x01\x02\x04\x7e\x17\x70\xb6\x8d\x3f\xdb\x98\x32\xbd\xdb\xc0\xef\
\x9f\x52\xff\x4a\x80\x00\x01\x02\x6d\x05\xee\x1e\x28\x9e\x67\x18\
\xd1\xc0\x9c\x06\xda\x6e\x46\x2e\x9c\x00\x01\x02\x01\x04\x9c\x6d\
\x73\xce\x36\xae\x5c\xef\x34\x10\x60\x4b\xb0\x04\x02\x04\x08\x10\
\x88\x26\x70\xe7\x40\xf1\x1c\x83\x88\x06\xe6\x34\x10\x6d\x7f\xb0\
\x1e\x02\x04\x08\x74\x12\x70\xb6\xcd\x39\xdb\xb8\x72\xbd\xd3\x40\
\xa7\xbd\xc7\xb5\x12\x20\x40\x80\xc0\x49\x81\x3b\x07\x8a\xe7\x18\
\x44\x34\x30\xa7\x81\x93\x1f\x5b\x0f\x23\x40\x80\x00\x81\xc1\x02\
\xce\xb5\x39\xe7\x1a\x57\xae\x77\x1a\x18\xfc\xf1\xf6\x72\x04\x08\
\x10\x20\x50\x45\xe0\xce\xa1\xe2\x39\x86\x11\x0d\xcc\x69\xa0\xca\
\xbe\xe2\x3a\x08\x10\x20\x90\x4d\xc0\xb9\x36\xe7\x5c\xe3\xca\xf5\
\x4e\x03\xd9\xf6\x0f\xeb\x25\x40\x80\x00\x81\x45\x02\x77\x0e\x15\
\xcf\x31\x8c\x68\x60\x5e\x03\x8b\x3e\xfa\xde\x86\x00\x01\x02\x04\
\xbe\x08\x38\xd7\xe6\x9d\x6b\x6c\xd9\x5e\x6d\xe0\xcb\x47\xd3\x1f\
\x09\x10\x20\x40\x80\xc0\xdf\x02\x57\x0f\x15\x8f\x37\x88\x68\x60\
\x5e\x03\x7f\x7f\x3a\xfd\x8d\x00\x01\x02\x04\x66\x0b\x38\xd3\xe6\
\x9d\x69\x6c\xd9\xde\x69\x60\xf6\x67\xde\xeb\x13\x20\x40\x80\x40\
\x62\x81\x3b\x07\x8b\xe7\x18\x48\x34\x30\xaf\x81\xc4\xdb\x89\xa5\
\x13\x20\x40\x20\x9d\x80\xf3\x6c\xde\x79\xc6\x96\xed\xd5\x06\xd2\
\x6d\x20\x16\x4c\x80\x00\x01\x02\x6b\x05\xae\x1e\x2c\x1e\x6f\x18\
\xd1\xc0\xdc\x06\xd6\xee\x00\xde\x8d\x00\x01\x02\xbd\x05\x9c\x69\
\x73\xcf\x34\xbe\x7c\xaf\x34\xd0\x7b\x37\x72\xf5\x04\x08\x10\x20\
\x70\x28\x70\xe5\x50\xf1\x58\x43\x88\x06\xe6\x37\x70\xf8\xa1\xf5\
\x00\x02\x04\x08\x10\x18\x22\xe0\x4c\x9b\x7f\xa6\x31\x66\x7c\xa5\
\x81\x21\x1f\x6c\x2f\x42\x80\x00\x01\x02\xb5\x05\xae\x1c\x2c\x1e\
\x6b\x10\xd1\xc0\xfc\x06\x6a\xef\x38\xae\x8e\x00\x01\x02\x31\x04\
\x9c\x67\xf3\xcf\x33\xc6\x8c\xaf\x34\x10\x63\x67\xb0\x0a\x02\x04\
\x08\x10\x08\x2d\x70\xe5\x60\xf1\x58\x83\x88\x06\xe6\x37\x10\x7a\
\xc3\xb0\x38\x02\x04\x08\x14\x11\x70\x9e\xcd\x3f\xcf\x18\x33\xbe\
\xd2\x40\x91\xad\xc5\x65\x10\x20\x40\x80\xc0\x4c\x81\x2b\x07\x8b\
\xc7\x1a\x44\x34\x30\xbf\x81\x99\x9f\x77\xaf\x4d\x80\x00\x01\x02\
\x1f\x1f\xce\xb2\xf9\x67\x19\x63\xc6\x57\x1a\xb0\x2f\x11\x20\x40\
\x80\x00\x81\x53\x02\x57\x0e\x17\x8f\x35\x8c\x68\x60\x4d\x03\xa7\
\x3e\xbc\x1e\x44\x80\x00\x01\x02\xb7\x04\x9c\x65\x6b\xce\x32\xce\
\x9c\xcf\x36\x70\xeb\x83\xec\x49\x04\x08\x10\x20\xd0\x4f\xe0\xec\
\xc1\xe2\x71\x86\x10\x0d\xac\x6b\xa0\xdf\x4e\xe4\x8a\x09\x10\x20\
\xb0\x46\xc0\x59\xb6\xee\x2c\x63\xcd\xfa\x6c\x03\x6b\x3e\xfd\xde\
\x85\x00\x01\x02\x04\x4a\x08\x9c\x3d\x5c\x3c\xce\x20\xa2\x81\x75\
\x0d\x94\xd8\x5c\x5c\x04\x01\x02\x04\x82\x09\x38\xc7\xd6\x9d\x63\
\xac\x59\x9f\x6d\x20\xd8\x36\x61\x39\x04\x08\x10\x20\x10\x59\xe0\
\xec\xe1\xe2\x71\x06\x11\x0d\xac\x6b\x20\xf2\x9e\x61\x6d\x04\x08\
\x10\xc8\x2a\xe0\x1c\x5b\x77\x8e\xb1\x66\x7d\xa6\x81\xac\x7b\x89\
\x75\x13\x20\x40\x80\xc0\x26\x81\x33\x87\x8b\xc7\x18\x42\x34\xb0\
\xb6\x81\x4d\xdb\x81\xb7\x25\x40\x80\x40\x59\x01\xe7\xd8\xda\x73\
\x8c\x37\xef\x33\x0d\x94\xdd\x70\x5c\x18\x01\x02\x04\x08\xcc\x13\
\x38\x73\xc0\x78\x8c\x41\x44\x03\x6b\x1b\x98\xf7\x89\xf7\xca\x04\
\x08\x10\xe8\x27\xe0\x0c\x5b\x7b\x86\xf1\xe6\x7d\xa6\x81\x7e\x3b\
\x91\x2b\x26\x40\x80\x00\x81\xc7\x02\x67\x0e\x18\x8f\x31\x88\x68\
\x60\x6d\x03\x8f\x3f\xd8\x5e\x80\x00\x01\x02\x04\xfe\x25\xe0\xfc\
\x5a\x7b\x7e\xf1\xe6\x7d\xb6\x01\x5b\x14\x01\x02\x04\x08\x10\xb8\
\x2c\x70\xf6\x90\xf1\x38\x03\x89\x06\xd6\x36\x70\xf9\xc3\xec\x09\
\x04\x08\x10\x20\xf0\x43\xc0\xd9\xb5\xf6\xec\xe2\xcd\xfb\x4c\x03\
\x3f\x3e\xa8\xfe\x81\x00\x01\x02\x04\x08\x9c\x11\x38\x73\xc8\x78\
\x8c\x61\x44\x03\xeb\x1b\x38\xf3\xf9\xf5\x18\x02\x04\x08\x10\x78\
\x2d\xe0\xec\x5a\x7f\x76\x31\x67\x7e\xa6\x81\xd7\x9f\x5a\x3f\x21\
\x40\x80\x00\x01\x02\x6f\x04\xce\x1c\x32\x1e\x63\x18\xd1\xc0\xfa\
\x06\xde\x7c\x6c\xfd\x88\x00\x01\x02\x04\x4e\x08\x38\xbb\xd6\x9f\
\x5d\xcc\x99\x9f\x69\xe0\xc4\xc7\xd7\x43\x08\x10\x20\x40\x80\xc0\
\xef\x02\x67\x0e\x1a\x8f\x31\x90\x68\x60\x7d\x03\xbf\x7f\x62\xfd\
\x2b\x01\x02\x04\x08\x9c\x11\x70\x6e\xad\x3f\xb7\x98\x33\x3f\x6a\
\xe0\xcc\x67\xd7\x63\x08\x10\x20\x40\x80\xc0\x4b\x81\xa3\x83\xc6\
\xcf\x0d\x23\x1a\xd8\xd3\xc0\xcb\x0f\xad\x1f\x10\x20\x40\x80\xc0\
\x5b\x01\xe7\xd6\x9e\x73\x8b\x3b\xf7\xa3\x06\xde\x7e\x70\xfd\x90\
\x00\x01\x02\x04\x08\x1c\x09\x1c\x1d\x34\x7e\x6e\x18\xd1\xc0\xbe\
\x06\x8e\x3e\xbf\x7e\x4e\x80\x00\x01\x02\x3f\x05\x9c\x5b\xfb\xce\
\x2d\xf6\xec\xdf\x35\xf0\xf3\xd3\xea\x5f\x08\x10\x20\x40\x80\xc0\
\x45\x81\x77\x07\x8d\x9f\x19\x44\x34\xb0\xaf\x81\x8b\x1f\x65\x0f\
\x27\x40\x80\x40\x7b\x01\x67\xd6\xbe\x33\x8b\x3d\xfb\xa3\x06\xda\
\x6f\x50\x00\x08\x10\x20\x40\xe0\xb9\xc0\xd1\x61\xe3\xe7\x06\x12\
\x0d\xec\x6b\xe0\xf9\x27\xdc\x2b\x10\x20\x40\xa0\x8f\x80\xf3\x6a\
\xdf\x79\xc5\x9e\xfd\xbb\x06\xfa\xec\x42\xae\x94\x00\x01\x02\x04\
\xa6\x0a\xbc\x3b\x6c\xfc\xcc\x30\xa2\x81\xbd\x0d\x4c\xfd\xf0\x7b\
\x71\x02\x04\x08\x14\x12\x70\x5e\xed\x3d\xaf\xf8\xf3\x7f\xd7\x40\
\xa1\xad\xc6\xa5\x10\x20\x40\x80\xc0\x6e\x81\x77\x07\x8e\x9f\x19\
\x48\x34\xb0\xb7\x81\xdd\xfb\x83\xf7\x27\x40\x80\x40\x06\x01\x67\
\xd5\xde\xb3\x8a\x3f\xff\x77\x0d\x64\xd8\x43\xac\x91\x00\x01\x02\
\x04\x92\x08\xbc\x3b\x70\xfc\xcc\x40\xa2\x81\xbd\x0d\x24\xd9\x46\
\x2c\x93\x00\x01\x02\xdb\x04\x9c\x53\x7b\xcf\x29\xfe\xfc\x8f\x1a\
\xd8\xb6\x39\x78\x63\x02\x04\x08\x10\xa8\x27\x70\x74\xe8\xf8\xb9\
\xc1\x44\x03\x7b\x1b\xa8\xb7\xeb\xb8\x22\x02\x04\x08\x8c\x13\x70\
\x46\xed\x3d\xa3\xf8\xf3\x7f\xd7\xc0\xb8\x4f\xba\x57\x22\x40\x80\
\x00\x01\x02\x1f\x1f\x1f\xef\x0e\x1d\x3f\x33\x94\x68\x60\x7f\x03\
\x36\x2a\x02\x04\x08\x10\xf8\x5d\xc0\x19\xb5\xff\x8c\x72\x0f\xdc\
\x83\x77\x0d\xfc\xfe\xc9\xf5\xaf\x04\x08\x10\x20\x40\xe0\x81\xc0\
\xbb\x83\xc7\xcf\x0c\x26\x1a\xd8\xdf\xc0\x83\x8f\xb7\xa7\x12\x20\
\x40\xa0\xac\x80\xf3\x69\xff\xf9\xe4\x1e\xb8\x07\xef\x1a\x28\xbb\
\xf9\xb8\x30\x02\x04\x08\x10\xd8\x27\xf0\xee\xe0\xf1\x33\x83\x89\
\x06\xf6\x37\xb0\x6f\x77\xf0\xce\x04\x08\x10\x88\x29\xe0\x6c\xda\
\x7f\x36\xb9\x07\xee\xc1\xbb\x06\x62\xee\x1c\x56\x45\x80\x00\x01\
\x02\xe9\x05\xde\x1d\x3e\x7e\x66\x38\xd1\x40\x8c\x06\xd2\x6f\x34\
\x2e\x80\x00\x01\x02\x03\x05\x9c\x4d\x31\xce\x26\xf7\xc1\x7d\x78\
\xd5\xc0\xc0\x8f\xbb\x97\x22\x40\x80\x00\x01\x02\x7f\x0b\xbc\x3a\
\x7c\xfc\xbb\xc1\x44\x03\x31\x1a\xf8\xfb\x13\xeb\x6f\x04\x08\x10\
\xe8\x2b\xe0\x5c\x8a\x71\x2e\xb9\x0f\xee\xc3\xbb\x06\xfa\xee\x50\
\xae\x9c\x00\x01\x02\x04\xa6\x0b\xbc\x3b\x80\xfc\xcc\x80\xa2\x81\
\x18\x0d\x4c\xdf\x08\xbc\x01\x01\x02\x04\x12\x08\x38\x93\x62\x9c\
\x49\xee\x83\xfb\xf0\xaa\x81\x04\xdb\x88\x25\x12\x20\x40\x80\x40\
\x66\x81\x57\x07\x90\x7f\x37\x9c\x68\x20\x4e\x03\x99\xf7\x18\x6b\
\x27\x40\x80\xc0\x08\x01\x67\x52\x9c\x33\xc9\xbd\x70\x2f\x5e\x35\
\x30\xe2\xb3\xee\x35\x08\x10\x20\x40\x80\xc0\x5b\x81\x57\x87\x90\
\x7f\x37\xa0\x68\x20\x4e\x03\x6f\x3f\xc4\x7e\x48\x80\x00\x81\xc2\
\x02\xce\xa2\x38\x67\x91\x7b\xe1\x5e\xbc\x6b\xa0\xf0\x36\xe4\xd2\
\x08\x10\x20\x40\x20\x8a\xc0\xbb\x83\xc8\xcf\x0c\x2a\x1a\x88\xd3\
\x40\x94\x3d\xc3\x3a\x08\x10\x20\xb0\x52\xc0\x39\x14\xe7\x1c\x72\
\x2f\xdc\x8b\x77\x0d\xac\xdc\x17\xbc\x17\x01\x02\x04\x08\x34\x15\
\x78\x77\x10\xf9\x99\x41\x45\x03\x71\x1a\x68\xba\x45\xb9\x6c\x02\
\x04\x1a\x0b\x38\x83\xe2\x9c\x41\xee\x85\x7b\xf1\xae\x81\xc6\xdb\
\x94\x4b\x27\x40\x80\x00\x81\xd5\x02\xef\x0e\x24\x3f\x33\xb0\x68\
\x20\x4e\x03\xab\xf7\x06\xef\x47\x80\x00\x81\x9d\x02\xce\x9f\x38\
\xe7\x8f\x7b\xe1\x5e\xbc\x6b\x60\xe7\x3e\xe1\xbd\x09\x10\x20\x40\
\xa0\x99\xc0\xbb\x03\xc9\xcf\x0c\x2c\x1a\x88\xd3\x40\xb3\xad\xc9\
\xe5\x12\x20\xd0\x58\xc0\xd9\x13\xe7\xec\x71\x2f\xdc\x8b\x77\x0d\
\x34\xde\xa6\x5c\x3a\x01\x02\x04\x08\xec\x10\x78\x77\x28\xf9\x99\
\xa1\x45\x03\xb1\x1a\xd8\xb1\x47\x78\x4f\x02\x04\x08\xac\x14\x70\
\xee\xc4\x3a\x77\xdc\x0f\xf7\xe3\x5d\x03\x2b\xf7\x06\xef\x45\x80\
\x00\x01\x02\x04\xfe\x25\xf0\xee\x60\xf2\x33\x83\x8b\x06\x62\x35\
\x60\xdb\x22\x40\x80\x40\x65\x01\x67\x4e\xac\x33\xc7\xfd\x70\x3f\
\xde\x35\x50\x79\x2f\x72\x6d\x04\x08\x10\x20\x10\x54\xe0\xdd\xc1\
\xe4\x67\x06\x17\x0d\xc4\x6a\x20\xe8\x36\x62\x59\x04\x08\x10\x78\
\x2c\xe0\xbc\x89\x75\xde\xb8\x1f\xee\xc7\xbb\x06\x1e\x7f\xe0\xbd\
\x00\x01\x02\x04\x08\x10\xb8\x23\xf0\xee\x70\xf2\x33\xc3\x8b\x06\
\xe2\x35\x70\xe7\x73\xee\x39\x04\x08\x10\x88\x2e\xe0\xbc\x89\x77\
\xde\xb8\x27\xee\xc9\xab\x06\xa2\xef\x27\xd6\x47\x80\x00\x01\x02\
\x45\x05\x5e\x1d\x4c\xfe\xdd\xd0\xa2\x81\xb8\x0d\x14\xdd\x8e\x5c\
\x16\x01\x02\x4d\x05\x9c\x37\x71\xcf\x1b\xf7\xc6\xbd\xf9\xad\x81\
\xa6\x5b\x95\xcb\x26\x40\x80\x00\x81\x08\x02\xbf\x1d\x4c\xfe\xcd\
\xc0\xa2\x81\xb8\x0d\x44\xd8\x37\xac\x81\x00\x01\x02\x23\x04\x9c\
\x35\x71\xcf\x1a\xf7\xc6\xbd\xf9\xad\x81\x11\x9f\x7b\xaf\x41\x80\
\x00\x01\x02\x04\x6e\x0b\xfc\x76\x38\xf9\x37\x43\x8b\x06\x62\x37\
\x70\xfb\x03\xef\x89\x04\x08\x10\x08\x24\xe0\xac\x89\x7d\xd6\xb8\
\x3f\xee\xcf\xf7\x06\x02\x6d\x1f\x96\x42\x80\x00\x01\x02\x5d\x05\
\xbe\x1f\x4e\xfe\x6e\x60\xd1\x40\xfc\x06\xba\xee\x57\xae\x9b\x00\
\x81\x1a\x02\xce\x99\xf8\xe7\x8c\x7b\xe4\x1e\x7d\x6f\xa0\xc6\xee\
\xe3\x2a\x08\x10\x20\x40\x20\xb5\xc0\xf7\xc3\xc9\xdf\x0d\x2c\x1a\
\x88\xdf\x40\xea\x4d\xc7\xe2\x09\x10\x68\x2d\xe0\x8c\x89\x7f\xc6\
\xb8\x47\xee\xd1\xf7\x06\x5a\x6f\x5a\x2e\x9e\x00\x01\x02\x04\xe2\
\x08\x7c\x3f\xa0\xfc\xdd\xd0\xa2\x81\x1c\x0d\xc4\xd9\x45\xac\x84\
\x00\x01\x02\xe7\x05\x9c\x31\x39\xce\x18\xf7\xc9\x7d\xfa\xda\xc0\
\xf9\x4f\xb8\x47\x12\x20\x40\x80\x00\x81\xc9\x02\x5f\x0f\x28\x7f\
\x36\xb0\x68\x20\x4f\x03\x93\xb7\x06\x2f\x4f\x80\x00\x81\xa1\x02\
\xce\x97\x3c\xe7\x8b\x7b\xe5\x5e\x7d\x6d\x60\xe8\x46\xe0\xc5\x08\
\x10\x20\x40\x80\xc0\x13\x81\xaf\x07\x94\x3f\x1b\x58\x34\x90\xa7\
\x81\x27\x9f\x7b\xcf\x25\x40\x80\xc0\x4a\x01\x67\x4b\x9e\xb3\xc5\
\xbd\x72\xaf\xbe\x36\xb0\x72\x9f\xf0\x5e\x04\x08\x10\x20\x40\xe0\
\x50\xe0\xeb\x21\xe5\xcf\x86\x16\x0d\xe4\x6a\xe0\xf0\x03\xee\x01\
\x04\x08\x10\xd8\x2c\xe0\x5c\xc9\x75\xae\xb8\x5f\xee\xd7\xd7\x06\
\x36\x6f\x1f\xde\x9e\x00\x01\x02\x04\x08\xfc\x14\xf8\x7a\x50\xf9\
\xb3\xc1\x45\x03\xb9\x1a\xf8\xf9\x89\xf6\x2f\x04\x08\x10\x88\x23\
\xe0\x4c\xc9\x75\xa6\xb8\x5f\xee\xd7\x67\x03\x71\x76\x11\x2b\x21\
\x40\x80\x00\x01\x02\x5f\x04\x3e\x0f\x2a\xff\x35\xb4\x68\x20\x67\
\x03\x5f\x3e\xce\xfe\x48\x80\x00\x81\x30\x02\xce\x94\x9c\x67\x8a\
\xfb\xe6\xbe\xfd\x69\x20\xcc\x46\x62\x21\x04\x08\x10\x20\x40\xe0\
\xbb\x80\x61\xc5\xb0\xa2\x81\xbc\x0d\x7c\xff\x3c\xfb\x3b\x01\x02\
\x04\x76\x0b\x38\x53\xf2\x9e\x29\xee\x9d\x7b\xf7\xa7\x81\xdd\x7b\
\x88\xf7\x27\x40\x80\x00\x01\x02\x2f\x05\x0c\x2b\x86\x15\x0d\xe4\
\x6e\xe0\xe5\x87\xdb\x0f\x08\x10\x20\xb0\x58\xc0\x79\x92\xfb\x3c\
\x71\xff\xdc\xbf\x3f\x0d\x2c\xde\x36\xbc\x1d\x01\x02\x04\x08\x10\
\x38\x2f\x60\x58\x31\xac\x68\x20\x7f\x03\xe7\x3f\xf1\x1e\x49\x80\
\x00\x81\x39\x02\xce\x92\xfc\x67\x89\x7b\xe8\x1e\xce\xd9\x1d\xbc\
\x2a\x01\x02\x04\x08\x10\x18\x28\x60\x60\x31\xb0\x68\x20\x7f\x03\
\x03\xb7\x04\x2f\x45\x80\x00\x81\xcb\x02\xce\x91\xfc\xe7\x88\x7b\
\xe8\x1e\x5e\xfe\xe0\x7b\x02\x01\x02\x04\x08\x10\x58\x2d\x60\x60\
\x31\xb0\x68\x20\x7f\x03\xab\xf7\x0d\xef\x47\x80\x00\x81\x4f\x01\
\x67\x48\xfe\x33\xc4\x3d\x74\x0f\x3f\x3f\xcf\xfe\x4b\x80\x00\x01\
\x02\x04\x42\x0b\x18\x5a\x0c\x2d\x1a\xa8\xd1\x40\xe8\x8d\xc6\xe2\
\x08\x10\x28\x29\xe0\xfc\xa8\x71\x7e\xb8\x8f\xee\x63\xc9\x0d\xca\
\x45\x11\x20\x40\x80\x40\x4d\x01\x83\x8b\xc1\x45\x03\x35\x1a\xa8\
\xb9\x43\xb9\x2a\x02\x04\x22\x0a\x38\x37\x6a\x9c\x1b\xee\xa3\xfb\
\x18\x71\x7f\xb1\x26\x02\x04\x08\x10\x20\xf0\x52\xc0\xf0\x62\x78\
\xd1\x40\x9d\x06\x5e\x7e\xd0\xfd\x80\x00\x01\x02\x03\x05\x9c\x1b\
\x75\xce\x0d\xf7\xb2\xf7\xbd\x1c\xb8\x2d\x78\x29\x02\x04\x08\x10\
\x20\xb0\x46\xc0\xf0\xd2\x7b\x78\x71\xff\x6b\xdd\xff\x35\xbb\x86\
\x77\x21\x40\xa0\xab\x80\x33\xa3\xd6\x99\xe1\x7e\xf6\xbe\x9f\x5d\
\xf7\x31\xd7\x4d\x80\x00\x01\x02\x89\x05\x0c\x2f\xbd\x87\x17\xf7\
\xbf\xde\xfd\x4f\xbc\x1d\x59\x3a\x01\x02\x81\x05\x9c\x17\xf5\xce\
\x0b\xf7\xb4\xef\x3d\x0d\xbc\xd5\x58\x1a\x01\x02\x04\x08\x10\x78\
\x2d\x60\x78\xe9\x3b\xbc\xb8\xf7\x75\xef\xfd\xeb\x4f\xbc\x9f\x10\
\x20\x40\xe0\xba\x80\xf3\xa2\xee\x79\xe1\xde\xf6\xbc\xb7\xd7\x77\
\x01\xcf\x20\x40\x80\x00\x01\x02\x41\x04\x0c\x2f\x3d\x87\x17\xf7\
\xbd\xee\x7d\x0f\xb2\xb5\x58\x06\x01\x02\x05\x04\x9c\x15\x75\xcf\
\x0a\xf7\xb6\xe7\xbd\x2d\xb0\x2d\xb9\x04\x02\x04\x08\x10\xe8\x2c\
\x60\x80\xe9\x39\xc0\xb8\xef\xb5\xef\x7b\xe7\x3d\xcd\xb5\x13\x20\
\x30\x46\xc0\x39\x51\xfb\x9c\x70\x7f\x7b\xde\xdf\x31\xbb\x83\x57\
\x21\x40\x80\x00\x01\x02\x1b\x05\x0c\x31\x3d\x87\x18\xf7\xbd\xf6\
\x7d\xdf\xb8\xa5\x78\x6b\x02\x04\x92\x0b\x38\x1f\x6a\x9f\x0f\xee\
\x6f\xdf\xfb\x9b\x7c\x6b\xb2\x7c\x02\x04\x08\x10\x20\xf0\xf1\x61\
\x90\xe9\x3b\xc8\xb8\xf7\xb5\xef\xbd\xfd\x8d\x00\x01\x02\x57\x05\
\x9c\x0b\xb5\xcf\x05\xf7\xb7\xef\xfd\xbd\xba\x17\x78\x3c\x01\x02\
\x04\x08\x10\x08\x2b\x60\xa0\xe9\x3b\xd0\xb8\xf7\xb5\xef\x7d\xd8\
\x4d\xc7\xc2\x08\x10\x08\x27\xe0\x3c\xa8\x7d\x1e\xb8\xbf\xbd\xef\
\x6f\xb8\x0d\xc7\x82\x08\x10\x20\x40\x80\xc0\x5d\x01\x43\x4d\xef\
\xa1\xc6\xfd\xaf\x7d\xff\xef\xee\x0b\x9e\x47\x80\x40\x1f\x01\xe7\
\x40\xed\x73\xc0\xfd\xed\x7d\x7f\xfb\xec\x64\xae\x94\x00\x01\x02\
\x04\x5a\x08\x18\x6c\x7a\x0f\x36\xee\x7f\xfd\xfb\xdf\x62\x23\x73\
\x91\x04\x08\xdc\x12\x70\x06\xd4\x3f\x03\xdc\xe3\xde\xf7\xf8\xd6\
\xc6\xe0\x49\x04\x08\x10\x20\x40\x20\xb2\x80\xe1\xa6\xf7\x70\xe3\
\xfe\xd7\xbf\xff\x91\xf7\x1f\x6b\x23\x40\x60\x8f\x80\xbd\xbf\xfe\
\xde\xef\x1e\xf7\xbe\xc7\x7b\x76\x16\xef\x4a\x80\x00\x01\x02\x04\
\x26\x0b\x18\x70\x7a\x0f\x38\xee\x7f\x8f\xfb\x3f\x79\x1b\xf1\xf2\
\x04\x08\x24\x13\xb0\xf7\xf7\xd8\xfb\xdd\xe7\xbe\xf7\x39\xd9\x96\
\x64\xb9\x04\x08\x10\x20\x40\xe0\xbc\x80\x01\xa7\xef\x80\xe3\xde\
\xf7\xb9\xf7\xe7\x77\x04\x8f\x24\x40\xa0\xaa\x80\x3d\xbf\xcf\x9e\
\xef\x5e\xf7\xbe\xd7\x55\xf7\x30\xd7\x45\x80\x00\x01\x02\x04\x3e\
\x0c\x39\xbd\x87\x1c\xf7\xbf\xcf\xfd\xb7\xdd\x11\x20\xd0\x57\xc0\
\x5e\xdf\x67\xaf\x77\xaf\x7b\xdf\xeb\xbe\xbb\x9c\x2b\x27\x40\x80\
\x00\x81\x36\x02\x86\x9d\xde\xc3\x8e\xfb\xdf\xe7\xfe\xb7\xd9\xd4\
\x5c\x28\x01\x02\xff\x15\xb0\xc7\xf7\xd9\xe3\xdd\x6b\xf7\xfa\xbf\
\x1f\x7c\x7f\x20\x40\x80\x00\x01\x02\x55\x05\x0c\x3c\x06\x1e\x0d\
\xf4\x69\xa0\xea\x3e\xe6\xba\x08\x10\xf8\x29\x60\x6f\xef\xb3\xb7\
\xbb\xd7\xee\xf5\xcf\x1d\xc0\xbf\x10\x20\x40\x80\x00\x81\xa2\x02\
\x06\x1f\x83\x8f\x06\xfa\x34\x50\x74\x1b\x73\x59\x04\x08\x7c\x11\
\xb0\xa7\xf7\xd9\xd3\xdd\x6b\xf7\xfa\x4f\x03\x5f\x3e\xfe\xfe\x48\
\x80\x00\x01\x02\x04\x6a\x0b\x18\x7e\x0c\x3f\x1a\xe8\xd5\x40\xed\
\x1d\xcd\xd5\x11\xe8\x2d\x60\x3f\xef\xb5\x9f\xbb\xdf\xee\x77\xef\
\x1d\xcf\xd5\x13\x20\x40\x80\x40\x3b\x01\xc3\x8f\xe1\x47\x03\xfd\
\x1a\x68\xb7\xd1\xb9\x60\x02\x0d\x04\xec\xe5\xfd\xf6\x72\xf7\xdc\
\x3d\x6f\xb0\xb5\xb9\x44\x02\x04\x08\x10\x20\xf0\xb7\x80\x01\xc8\
\x00\xa4\x81\x9e\x0d\xfc\xbd\x13\xf8\x1b\x01\x02\x59\x05\xec\xe1\
\x3d\xf7\x70\xf7\xdd\x7d\xcf\xba\x67\x59\x37\x01\x02\x04\x08\x10\
\xb8\x2d\x60\x00\x32\x00\x69\xa0\x6f\x03\xb7\x37\x0e\x4f\x24\x40\
\x20\x84\x80\xfd\xbb\xef\xfe\xed\xde\xf7\xbe\xf7\x21\x36\x20\x8b\
\x20\x40\x80\x00\x01\x02\x3b\x04\x0c\x41\xbd\x87\x20\xf7\xbf\xf7\
\xfd\xdf\xb1\xe7\x78\x4f\x02\x04\x9e\x0b\xd8\xbb\x7b\xef\xdd\xee\
\x7f\xdf\xfb\xff\x7c\xf7\xf0\x0a\x04\x08\x10\x20\x40\x20\xb1\x80\
\x21\xa8\xef\x10\xe4\xde\xbb\xf7\x7f\x1a\x48\xbc\x7d\x59\x3a\x81\
\x76\x02\xf6\x6d\xfb\xb6\x06\x7a\x37\xd0\x6e\xd3\x73\xc1\x04\x08\
\x10\x20\x40\xe0\xbb\x80\x61\xa8\xf7\x30\xe4\xfe\xbb\xff\xdf\xf7\
\x04\x7f\x27\x40\x20\x9e\x80\xbd\xda\x5e\xad\x01\x0d\xc4\xdb\x99\
\xac\x88\x00\x01\x02\x04\x08\x2c\x16\x30\x10\x19\x88\x34\xa0\x81\
\xc5\xdb\x8e\xb7\x23\x40\xe0\x82\x80\x3d\xda\x1e\xad\x01\x0d\x5c\
\xd8\x32\x3c\x94\x00\x01\x02\x04\x08\xd4\x16\x30\x18\x19\x8c\x34\
\xa0\x81\x3f\x0d\xd4\xde\xe9\x5c\x1d\x81\x7c\x02\xf6\x66\x7b\xb3\
\x06\x34\xe0\x7c\xce\xb7\x77\x5b\x31\x01\x02\x04\x08\x4c\x14\x30\
\x1c\x19\x8e\x34\xa0\x81\xcf\x06\x26\x6e\x35\x5e\x9a\x00\x81\x93\
\x02\x9f\x9f\x47\xff\xb5\x37\x6b\x40\x03\x27\xb7\x0d\x0f\x23\x40\
\x80\x00\x01\x02\x7d\x04\x0c\x48\x06\x24\x0d\x68\xe0\xb3\x81\x3e\
\x3b\x9f\x2b\x25\x10\x4f\xe0\xf3\x73\xe8\xbf\xf6\x64\x0d\x68\xe0\
\x4f\x03\xf1\x76\x29\x2b\x22\x40\x80\x00\x01\x02\x9b\x05\x0c\x49\
\x86\x24\x0d\x68\xe0\x7b\x03\x9b\xb7\x25\x6f\x4f\xa0\x9d\xc0\xf7\
\xcf\xa0\xbf\xdb\x97\x35\xd0\xbb\x81\x76\x9b\xa0\x0b\x26\x40\x80\
\x00\x01\x02\x67\x05\x0c\x49\xbd\x87\x24\xf7\xdf\xfd\xff\xad\x81\
\xb3\xfb\x87\xc7\x11\x20\xf0\x4c\xe0\xb7\xcf\x9f\x7f\xb3\x2f\x6b\
\xa0\x77\x03\xcf\x76\x15\xcf\x26\x40\x80\x00\x01\x02\x85\x05\x0c\
\x49\xbd\x87\x24\xf7\xdf\xfd\x7f\xd5\x40\xe1\x6d\xcf\xa5\x11\xd8\
\x2e\xf0\xea\x73\xe7\xdf\xed\xc9\x1a\xe8\xdd\xc0\xf6\xcd\xc9\x02\
\x08\x10\x20\x40\x80\x40\x74\x01\xc3\x52\xef\x61\xc9\xfd\x77\xff\
\xdf\x35\x10\x7d\xff\xb2\x3e\x02\xd9\x04\xde\x7d\xde\xfc\xcc\x7e\
\xac\x81\xde\x0d\x64\xdb\xcf\xac\x97\x00\x01\x02\x04\x08\x2c\x17\
\x30\x2c\xf5\x1e\x96\xdc\x7f\xf7\xff\xa8\x81\xe5\x9b\x92\x37\x24\
\x50\x50\xe0\xe8\x73\xe6\xe7\xf6\x62\x0d\xf4\x6e\xa0\xe0\xb6\xe7\
\x92\x08\x10\x20\x40\x80\xc0\x1c\x01\x43\x53\xef\xa1\xc9\xfd\x77\
\xff\xcf\x34\x30\x67\xf7\xf1\xaa\x04\xea\x0b\x9c\xf9\x7c\x79\x8c\
\x7d\x58\x03\xbd\x1b\xa8\xbf\x13\xba\x42\x02\x04\x08\x10\x20\x30\
\x48\xc0\xd0\xd4\x7b\x68\x72\xff\xdd\xff\xb3\x0d\x0c\xda\x72\xbc\
\x0c\x81\x16\x02\x67\x3f\x57\x1e\x67\x0f\xd6\x40\xef\x06\x5a\x6c\
\x88\x2e\x92\x00\x01\x02\x04\x08\x8c\x14\x30\x3c\xf5\x1e\x9e\xdc\
\x7f\xf7\xff\x4a\x03\x23\xf7\x1e\xaf\x45\xa0\xa2\xc0\x95\xcf\x93\
\xc7\xda\x7f\x35\xd0\xbb\x81\x8a\x7b\xa0\x6b\x22\x40\x80\x00\x01\
\x02\x53\x05\x0c\x4f\xbd\x87\x27\xf7\xdf\xfd\xbf\xda\xc0\xd4\x0d\
\xc9\x8b\x13\x48\x2a\x70\xf5\x73\xe4\xf1\xf6\x5e\x0d\xf4\x6e\x20\
\xe9\x56\x67\xd9\x04\x08\x10\x20\x40\x60\xbf\x80\x21\xaa\xf7\x10\
\xe5\xfe\xbb\xff\x77\x1a\xd8\xbf\x73\x59\x01\x81\x18\x02\x77\x3e\
\x3f\x9e\x63\xdf\xd5\x40\xef\x06\x62\xec\x5e\x56\x41\x80\x00\x01\
\x02\x04\x12\x0a\x18\xa2\x7a\x0f\x51\xee\xbf\xfb\x7f\xb7\x81\x84\
\xdb\x9d\x25\x13\x18\x26\x70\xf7\x73\xe3\x79\xf6\x5c\x0d\xf4\x6e\
\x60\xd8\x26\xe4\x85\x08\x10\x20\x40\x80\x40\x57\x01\xc3\x54\xef\
\x61\xca\xfd\x77\xff\x9f\x34\xd0\x75\xdf\x74\xdd\x3d\x05\x9e\x7c\
\x56\x3c\xd7\x5e\xab\x01\x0d\xf4\xdc\x39\x5d\x35\x01\x02\x04\x08\
\x10\x18\x28\x60\xa0\x32\x50\x69\x40\x03\x4f\x1b\x18\xb8\x25\x79\
\x29\x02\x21\x05\x9e\x7e\x46\x3c\xdf\x3e\xab\x81\xde\x0d\x84\xdc\
\xd8\x2c\x8a\x00\x01\x02\x04\x08\x64\x14\x30\x54\xf5\x1e\xaa\xdc\
\x7f\xf7\x7f\x44\x03\x19\xf7\x3e\x6b\x26\x70\x24\x30\xe2\xb3\xe1\
\x35\xec\xb1\x1a\xe8\xdd\xc0\xd1\x3e\xe3\xe7\x04\x08\x10\x20\x40\
\x80\xc0\x05\x01\x83\x55\xef\xc1\xca\xfd\x77\xff\x47\x36\x70\x61\
\xeb\xf1\x50\x02\x61\x05\x46\x7e\x26\xbc\x96\x3d\x56\x03\xbd\x1b\
\x08\xbb\xd1\x59\x18\x01\x02\x04\x08\x10\xc8\x2a\x60\xb8\xea\x3d\
\x5c\xb9\xff\xee\xff\xe8\x06\xb2\xee\x85\xd6\xdd\x5b\x60\xf4\xe7\
\xc0\xeb\xd9\x5b\x35\xd0\xbb\x81\xde\x3b\xaa\xab\x27\x40\x80\x00\
\x01\x02\x93\x04\x0c\x58\xbd\x07\x2c\xf7\xdf\xfd\x9f\xd5\xc0\xa4\
\x2d\xcb\xcb\x12\x18\x2a\x30\xab\x7f\xaf\x6b\x6f\xd5\x40\xef\x06\
\x86\x6e\x54\x5e\x8c\x00\x01\x02\x04\x08\x10\xf8\x47\xc0\x90\xd5\
\x7b\xc8\x72\xff\xdd\xff\x99\x0d\xfc\xb3\xd3\xf8\x13\x81\x58\x02\
\x33\xbb\xf7\xda\xf6\x55\x0d\xf4\x6d\x20\xd6\x4e\x67\x35\x04\x08\
\x10\x20\x40\xa0\x98\x80\x21\xab\xef\x90\xe5\xde\xbb\xf7\xab\x1a\
\x28\xb6\x6d\xba\x9c\xc4\x02\xab\x9a\xf7\x3e\xf6\x57\x0d\xf4\x6c\
\x20\xf1\xf6\x68\xe9\x04\x08\x10\x20\x40\x20\x87\x80\x21\xab\xe7\
\x90\xe5\xbe\xbb\xef\xab\x1b\xc8\xb1\x23\x5a\x65\x35\x81\xd5\x9d\
\x7b\x3f\x7b\xab\x06\x7a\x36\x50\x6d\xef\x74\x3d\x04\x08\x10\x20\
\x40\x20\xac\x80\x61\xab\xe7\xb0\xe5\xbe\xbb\xef\x3b\x1a\x08\xbb\
\x11\x5a\x58\x29\x81\x1d\x6d\x7b\x4f\x7b\xaa\x06\xfa\x36\x50\x6a\
\x03\x75\x31\x04\x08\x10\x20\x40\x20\xb2\x80\x81\xab\xef\xc0\xe5\
\xde\xbb\xf7\xbb\x1a\x88\xbc\x27\x5a\x5b\x5e\x81\x5d\x3d\x7b\x5f\
\x7b\xa9\x06\xfa\x36\x90\x77\xc7\xb4\x72\x02\x04\x08\x10\x20\x90\
\x54\xc0\xe0\xd5\x77\xf0\x72\xef\xdd\xfb\xdd\x0d\x24\xdd\x36\x2d\
\x3b\x90\xc0\xee\x86\xbd\xbf\x7d\x54\x03\x7d\x1b\x08\xb4\x15\x5a\
\x0a\x01\x02\x04\x08\x10\xe8\x21\x60\xf0\xea\x3b\x78\xb9\xf7\xee\
\x7d\x94\x06\x7a\xec\xb6\xae\x72\x94\x40\x94\x6e\xad\xc3\x1e\xaa\
\x81\xbe\x0d\x8c\xda\xcf\xbc\x0e\x01\x02\x04\x08\x10\x20\x70\x51\
\xc0\x00\xd6\x77\x00\x73\xef\xdd\xfb\x68\x0d\x5c\xdc\xbe\x3c\xbc\
\x91\x40\xb4\x56\xad\xc7\xfe\xa9\x81\xbe\x0d\x34\xda\x7a\x5d\x2a\
\x01\x02\x04\x08\x10\x88\x25\x60\x00\xeb\x3b\x80\xb9\xf7\xee\x7d\
\xd4\x06\x62\xed\x92\x56\xb3\x4b\x20\x6a\x9f\xd6\x65\xef\xd4\x40\
\xdf\x06\x76\xed\x87\xde\x97\x00\x01\x02\x04\x08\x10\xf8\x8f\x80\
\x41\xac\xef\x20\xe6\xde\xbb\xf7\xd1\x1b\xb0\x51\xf7\x13\x88\xde\
\xa4\xf5\xd9\x37\x35\xd0\xb3\x81\x7e\xbb\xb1\x2b\x26\x40\x80\x00\
\x01\x02\x01\x05\x0c\x62\x3d\x07\x31\xf7\xdd\x7d\xcf\xd6\x40\xc0\
\xed\xd3\x92\x06\x09\x64\x6b\xd1\x7a\xed\x9f\x1a\xe8\xd7\xc0\xa0\
\xed\xce\xcb\x10\x20\x40\x80\x00\x01\x02\x4f\x05\x0c\x62\xfd\x06\
\x31\xf7\xdc\x3d\xcf\xdc\xc0\xd3\x3d\xcf\xf3\xf7\x0b\x64\xee\xcf\
\xda\xed\x9f\x1a\xe8\xd5\xc0\xfe\x1d\xd3\x0a\x08\x10\x20\x40\x80\
\x00\x81\xbf\x04\x0c\x63\xbd\x86\x31\xf7\xdb\xfd\xae\xd2\xc0\x5f\
\x1b\x99\xbf\x84\x15\xa8\xd2\x9b\xeb\xb0\x77\x6a\xa0\x5f\x03\x61\
\x37\x56\x0b\x23\x40\x80\x00\x01\x02\x5d\x05\x0c\x64\xfd\x06\x32\
\xf7\xdc\x3d\xaf\xd6\x40\xd7\xfd\x3b\xea\x75\x57\xeb\xcb\xf5\xd8\
\x33\x35\xd0\xaf\x81\xa8\xfb\xab\x75\x11\x20\x40\x80\x00\x81\xf6\
\x02\x06\xb3\x7e\x83\x99\x7b\xee\x9e\x57\x6e\xa0\xfd\xa6\xbe\x01\
\xa0\x72\x4f\xae\xcd\x7e\xa9\x81\x7e\x0d\x6c\xd8\x46\xbd\x25\x01\
\x02\x04\x08\x10\x20\x70\x46\xc0\x60\xd6\x6f\x30\x73\xcf\xdd\xf3\
\x4e\x0d\x9c\xd9\x07\x3d\xe6\xbc\x40\xa7\x76\x5c\xab\xbd\x52\x03\
\xfd\x1a\x38\xbf\x1b\x7a\x24\x01\x02\x04\x08\x10\x20\xb0\x45\xc0\
\x80\xd6\x6f\x40\x73\xcf\xdd\xf3\xce\x0d\x6c\xd9\x68\x93\xbe\x69\
\xe7\x4e\x5c\xbb\x7d\x52\x03\xbd\x1a\x48\xba\x4d\x5b\x36\x01\x02\
\x04\x08\x10\xe8\x25\x60\x40\xeb\x35\xa0\xb9\xdf\xee\xb7\x06\xfe\
\x6e\xa0\xd7\x8e\xff\xfa\x6a\x75\xf1\x77\x17\x3c\x78\x68\xa0\x57\
\x03\xaf\x77\x47\x3f\x21\x40\x80\x00\x01\x02\x04\x42\x09\x18\xd2\
\x7a\x0d\x69\xee\xb7\xfb\xad\x81\xf3\x0d\x84\xda\xac\x1f\x2e\xc6\
\x7d\x3f\x7f\xdf\x59\xb1\xd2\x40\xaf\x06\x1e\x6e\xaf\x9e\x4e\x80\
\x00\x01\x02\x04\x08\xac\x12\x30\xa4\xf5\x1a\xd2\xdc\x6f\xf7\x5b\
\x03\x63\x1a\x58\xb5\x47\x5f\x79\x1f\xf7\x76\xcc\xbd\xe5\xc8\x51\
\x03\x7d\x1a\xb8\xb2\xc7\x7a\x2c\x01\x02\x04\x08\x10\x20\x10\x40\
\xc0\xa0\xd6\x67\x50\x73\xaf\xdd\x6b\x0d\x68\x40\x03\x1a\xd0\x80\
\x06\x34\xf0\xbf\xff\x17\x60\x04\xb7\x04\x02\x04\x08\x10\x20\x40\
\xe0\x8e\x80\x41\xc6\x30\xab\x01\x0d\x68\x40\x03\x1a\xd0\x80\x06\
\x34\xd0\xa5\x81\x3b\xf3\xb2\xe7\x10\x20\x40\x80\x00\x01\x02\x01\
\x04\xba\x0c\x2b\xae\xd3\x60\xae\x01\x0d\x68\x40\x03\x1a\xd0\x80\
\x06\x7a\x37\x10\x60\xf4\xb6\x04\x02\x04\x08\x10\x20\x40\xe0\x89\
\x80\x61\xae\xf7\x30\xe7\xfe\xbb\xff\x1a\xd0\x80\x06\x34\xa0\x01\
\x0d\x74\x68\xe0\xc9\xbc\xec\xb9\x04\x08\x10\x20\x40\x80\x40\x00\
\x81\x0e\x03\x8b\x6b\x34\x98\x6b\x40\x03\x1a\xd0\x80\x06\x34\xa0\
\x81\xbe\x0d\x04\x18\xb9\x2d\x81\x00\x01\x02\x04\x08\x10\x18\x21\
\x60\xa0\xeb\x3b\xd0\xb9\xf7\xee\xbd\x06\x34\xa0\x01\x0d\x68\x40\
\x03\x95\x1b\x18\x31\x2b\x7b\x0d\x02\x04\x08\x10\x20\x40\x20\x90\
\x40\xe5\xc1\xc5\xb5\x19\xcc\x35\xa0\x01\x0d\x68\x40\x03\x1a\xd0\
\x40\xcf\x06\x02\x8d\xdb\x96\x42\x80\x00\x01\x02\x04\x08\x8c\x10\
\x30\xd4\xf5\x1c\xea\xdc\x77\xf7\x5d\x03\x1a\xd0\x80\x06\x34\xa0\
\x81\xaa\x0d\x8c\x98\x91\xbd\x06\x01\x02\x04\x08\x10\x20\x10\x50\
\xa0\xea\xf0\xe2\xba\x0c\xe6\x1a\xd0\x80\x06\x34\xa0\x01\x0d\x68\
\xa0\x5f\x03\x01\xc7\x6d\x4b\x22\x40\x80\x00\x01\x02\x04\x46\x08\
\x18\xec\xfa\x0d\x76\xee\xb9\x7b\xae\x01\x0d\x68\x40\x03\x1a\xd0\
\x40\xc5\x06\x46\xcc\xc6\x5e\x83\x00\x01\x02\x04\x08\x10\x08\x2c\
\x50\x71\x80\x71\x4d\x06\x73\x0d\x68\x40\x03\x1a\xd0\x80\x06\x34\
\xd0\xab\x81\xc0\xe3\xb6\xa5\x11\x20\x40\x80\x00\x01\x02\x23\x04\
\x0c\x77\xbd\x86\x3b\xf7\xdb\xfd\xd6\x80\x06\x34\xa0\x01\x0d\x68\
\xa0\x5a\x03\x23\x66\x62\xaf\x41\x80\x00\x01\x02\x04\x08\x24\x10\
\xa8\x36\xc4\xb8\x1e\x83\xb9\x06\x34\xa0\x01\x0d\x68\x40\x03\x1a\
\xe8\xd1\x40\x82\x51\xdb\x12\x09\x10\x20\x40\x80\x00\x81\x51\x02\
\x06\xbc\x1e\x03\x9e\xfb\xec\x3e\x6b\x40\x03\x1a\xd0\x80\x06\x34\
\x50\xad\x81\x51\xf3\xb0\xd7\x21\x40\x80\x00\x01\x02\x04\x92\x08\
\x54\x1b\x66\x5c\x8f\x01\x5d\x03\x1a\xd0\x80\x06\x34\xa0\x01\x0d\
\xd4\x6e\x20\xc9\x98\x6d\x99\x04\x08\x10\x20\x40\x80\xc0\x68\x01\
\x43\x5e\xed\x21\xcf\xfd\x75\x7f\x35\xa0\x01\x0d\x68\x40\x03\x1a\
\xa8\xd4\xc0\xe8\x59\xd8\xeb\x11\x20\x40\x80\x00\x01\x02\x49\x04\
\x2a\x0d\x34\xae\xc5\x80\xae\x01\x0d\x68\x40\x03\x1a\xd0\x80\x06\
\xea\x36\x90\x64\xbc\xb6\x4c\x02\x04\x08\x10\x20\x40\x60\x96\x80\
\x41\xaf\xee\xa0\xe7\xde\xba\xb7\x1a\xd0\x80\x06\x34\xa0\x01\x0d\
\x54\x69\x60\xd6\x2c\xec\x75\x09\x10\x20\x40\x80\x00\x81\x24\x02\
\x55\x86\x1a\xd7\x61\x40\xd7\x80\x06\x34\xa0\x01\x0d\x68\x40\x03\
\x35\x1b\x48\x32\x56\x5b\x26\x01\x02\x04\x08\x10\x20\x30\x5b\xc0\
\xb0\x57\x73\xd8\x73\x5f\xdd\x57\x0d\x68\x40\x03\x1a\xd0\x80\x06\
\xb2\x37\x30\x7b\x0e\xf6\xfa\x04\x08\x10\x20\x40\x80\x40\x22\x81\
\xec\x83\x8d\xf5\x1b\xce\x35\xa0\x01\x0d\x68\x40\x03\x1a\xd0\x40\
\xcd\x06\x12\x8d\xd4\x96\x4a\x80\x00\x01\x02\x04\x08\xac\x10\x30\
\xf4\xd5\x1c\xfa\xdc\x57\xf7\x55\x03\x1a\xd0\x80\x06\x34\xa0\x81\
\xac\x0d\xac\x98\x81\xbd\x07\x01\x02\x04\x08\x10\x20\x90\x4c\x20\
\xeb\x60\x63\xdd\x86\x72\x0d\x68\x40\x03\x1a\xd0\x80\x06\x34\x50\
\xb3\x81\x64\xe3\xb4\xe5\x12\x20\x40\x80\x00\x01\x02\xab\x04\x0c\
\x7f\x35\x87\x3f\xf7\xd5\x7d\xd5\x80\x06\x34\xa0\x01\x0d\x68\x20\
\x5b\x03\xab\xe6\x5f\xef\x43\x80\x00\x01\x02\x04\x08\x24\x15\xc8\
\x36\xdc\x58\xaf\x81\x5c\x03\x1a\xd0\x80\x06\x34\xa0\x01\x0d\xd4\
\x6b\x20\xe9\x28\x6d\xd9\x04\x08\x10\x20\x40\x80\xc0\x2a\x01\x03\
\x60\xbd\x01\xd0\x3d\x75\x4f\x35\xa0\x01\x0d\x68\x40\x03\x1a\xc8\
\xd4\xc0\xaa\xb9\xd7\xfb\x10\x20\x40\x80\x00\x01\x02\xc9\x05\x32\
\x0d\x38\xd6\x6a\x20\xd7\x80\x06\x34\xa0\x01\x0d\x68\x40\x03\xb5\
\x1a\x48\x3e\x4a\x5b\x3e\x01\x02\x04\x08\x10\x20\xb0\x4a\xc0\x10\
\x58\x6b\x08\x74\x3f\xdd\x4f\x0d\x68\x40\x03\x1a\xd0\x80\x06\xb2\
\x34\xb0\x6a\xde\xf5\x3e\x04\x08\x10\x20\x40\x80\x40\x11\x81\x2c\
\x43\x8e\x75\x1a\xc8\x35\xa0\x01\x0d\x68\x40\x03\x1a\xd0\x40\x8d\
\x06\x8a\x8c\xd1\x2e\x83\x00\x01\x02\x04\x08\x10\x58\x2d\x60\x18\
\xac\x31\x0c\xba\x8f\xee\xa3\x06\x34\xa0\x01\x0d\x68\x40\x03\x19\
\x1a\x58\x3d\xeb\x7a\x3f\x02\x04\x08\x10\x20\x40\xa0\x88\x40\x86\
\x41\xc7\x1a\x0d\xe4\x1a\xd0\x80\x06\x34\xa0\x01\x0d\x68\x20\x7f\
\x03\x45\xc6\x67\x97\x41\x80\x00\x01\x02\x04\x08\xec\x12\x30\x10\
\xe6\x1f\x08\xdd\x43\xf7\x50\x03\x1a\xd0\x80\x06\x34\xa0\x81\xe8\
\x0d\xec\x9a\x75\xbd\x2f\x01\x02\x04\x08\x10\x20\x50\x44\x20\xfa\
\xb0\x63\x7d\x06\x72\x0d\x68\x40\x03\x1a\xd0\x80\x06\x34\x90\xbb\
\x81\x22\x63\xb3\xcb\x20\x40\x80\x00\x01\x02\x04\x76\x0b\x18\x0a\
\x73\x0f\x85\xee\x9f\xfb\xa7\x01\x0d\x68\x40\x03\x1a\xd0\x40\xe4\
\x06\x76\xcf\xba\xde\x9f\x00\x01\x02\x04\x08\x10\x28\x22\x10\x79\
\xe0\xb1\x36\x03\xb9\x06\x34\xa0\x01\x0d\x68\x40\x03\x1a\xc8\xdb\
\x40\x91\x71\xd9\x65\x10\x20\x40\x80\x00\x01\x02\x51\x04\x0c\x86\
\x79\x07\x43\xf7\xce\xbd\xd3\x80\x06\x34\xa0\x01\x0d\x68\x20\x62\
\x81\xf9\x29\x7d\x00\x00\x20\x00\x49\x44\x41\x54\x03\x51\xe6\x5c\
\xeb\x20\x40\x80\x00\x01\x02\x04\x8a\x09\x44\x1c\x7c\xac\xc9\x40\
\xae\x01\x0d\x68\x40\x03\x1a\xd0\x80\x06\x72\x36\x50\x6c\x54\x76\
\x39\x04\x08\x10\x20\x40\x80\x40\x14\x01\xc3\x61\xce\xe1\xd0\x7d\
\x73\xdf\x34\xa0\x01\x0d\x68\x40\x03\x1a\x88\xd6\x40\x94\xf9\xd6\
\x3a\x08\x10\x20\x40\x80\x00\x81\xa2\x02\xd1\x86\x1f\xeb\x31\x90\
\x6b\x40\x03\x1a\xd0\x80\x06\x34\xa0\x81\x7c\x0d\x14\x1d\x95\x5d\
\x16\x01\x02\x04\x08\x10\x20\x10\x45\xc0\x80\x98\x6f\x40\x74\xcf\
\xdc\x33\x0d\x68\x40\x03\x1a\xd0\x80\x06\x22\x35\x10\x65\xae\xb5\
\x0e\x02\x04\x08\x10\x20\x40\xa0\xb8\x40\xa4\x01\xc8\x5a\x0c\xe4\
\x1a\xd0\x80\x06\x34\xa0\x01\x0d\x68\x20\x57\x03\xc5\x47\x65\x97\
\x47\x80\x00\x01\x02\x04\x08\x44\x11\x30\x24\xe6\x1a\x12\xdd\x2f\
\xf7\x4b\x03\x1a\xd0\x80\x06\x34\xa0\x81\x28\x0d\x44\x99\x67\xad\
\x83\x00\x01\x02\x04\x08\x10\x68\x22\x10\x65\x08\xb2\x0e\x03\xb9\
\x06\x34\xa0\x01\x0d\x68\x40\x03\x1a\xc8\xd1\x40\x93\x31\xd9\x65\
\x12\x20\x40\x80\x00\x01\x02\xd1\x04\x0c\x8b\x39\x86\x45\xf7\xc9\
\x7d\xd2\x80\x06\x34\xa0\x01\x0d\x68\x20\x42\x03\xd1\x66\x59\xeb\
\x21\x40\x80\x00\x01\x02\x04\x9a\x08\x44\x18\x84\xac\xc1\x40\xae\
\x01\x0d\x68\x40\x03\x1a\xd0\x80\x06\xe2\x37\xd0\x64\x3c\x76\x99\
\x04\x08\x10\x20\x40\x80\x40\x54\x01\x03\x63\xfc\x81\xd1\x3d\x72\
\x8f\x34\xa0\x01\x0d\x68\x40\x03\x1a\xd8\xdd\x40\xd4\x59\xd6\xba\
\x08\x10\x20\x40\x80\x00\x81\x26\x02\xbb\x87\x21\xef\x6f\x20\xd7\
\x80\x06\x34\xa0\x01\x0d\x68\x40\x03\xb1\x1b\x68\x32\x16\xbb\x4c\
\x02\x04\x08\x10\x20\x40\x20\xba\x80\xa1\x31\xf6\xd0\xe8\xfe\xb8\
\x3f\x1a\xd0\x80\x06\x34\xa0\x01\x0d\xec\x6c\x20\xfa\x2c\x6b\x7d\
\x04\x08\x10\x20\x40\x80\x40\x13\x81\x9d\x03\x91\xf7\x36\x90\x6b\
\x40\x03\x1a\xd0\x80\x06\x34\xa0\x81\xb8\x0d\x34\x19\x87\x5d\x26\
\x01\x02\x04\x08\x10\x20\x90\x45\xc0\xe0\x18\x77\x70\x74\x6f\xdc\
\x1b\x0d\x68\x40\x03\x1a\xd0\x80\x06\x76\x34\x90\x65\x8e\xb5\x4e\
\x02\x04\x08\x10\x20\x40\xa0\x99\xc0\x8e\xc1\xc8\x7b\x1a\xc8\x35\
\xa0\x01\x0d\x68\x40\x03\x1a\xd0\x40\xcc\x06\x9a\x8d\xc2\x2e\x97\
\x00\x01\x02\x04\x08\x10\xc8\x22\x60\x78\x8c\x39\x3c\xba\x2f\xee\
\x8b\x06\x34\xa0\x01\x0d\x68\x40\x03\xab\x1b\xc8\x32\xbf\x5a\x27\
\x01\x02\x04\x08\x10\x20\xd0\x54\x60\xf5\x70\xe4\xfd\x0c\xe4\x1a\
\xd0\x80\x06\x34\xa0\x01\x0d\x68\x20\x5e\x03\x4d\x47\x61\x97\x4d\
\x80\x00\x01\x02\x04\x08\x64\x11\x30\x40\xc6\x1b\x20\xdd\x13\xf7\
\x44\x03\x1a\xd0\x80\x06\x34\xa0\x81\x95\x0d\x64\x99\x5b\xad\x93\
\x00\x01\x02\x04\x08\x10\x68\x2e\xb0\x72\x40\xf2\x5e\x06\x72\x0d\
\x68\x40\x03\x1a\xd0\x80\x06\x34\x10\xab\x81\xe6\xa3\xb0\xcb\x27\
\x40\x80\x00\x01\x02\x04\xb2\x08\x18\x22\x63\x0d\x91\xee\x87\xfb\
\xa1\x01\x0d\x68\x40\x03\x1a\xd0\xc0\xaa\x06\xb2\xcc\xab\xd6\x49\
\x80\x00\x01\x02\x04\x08\x10\xf8\x97\xc0\xaa\x21\xc9\xfb\x18\xc8\
\x35\xa0\x01\x0d\x68\x40\x03\x1a\xd0\x40\x8c\x06\x8c\xc1\x04\x08\
\x10\x20\x40\x80\x00\x81\x74\x02\x06\xc9\x18\x83\xa4\xfb\xe0\x3e\
\x68\x40\x03\x1a\xd0\x80\x06\x34\xb0\xaa\x81\x74\x03\xab\x05\x13\
\x20\x40\x80\x00\x01\x02\x04\xfe\x08\xac\x1a\x96\xbc\x8f\xc1\x5c\
\x03\x1a\xd0\x80\x06\x34\xa0\x01\x0d\xec\x6d\xc0\xf4\x4b\x80\x00\
\x01\x02\x04\x08\x10\x48\x2d\x60\x98\xdc\x3b\x4c\xf2\xe7\xaf\x01\
\x0d\x68\x40\x03\x1a\xd0\xc0\x8a\x06\x52\x0f\xac\x16\x4f\x80\x00\
\x01\x02\x04\x08\x10\x58\x31\x30\x79\x0f\x83\xb9\x06\x34\xa0\x01\
\x0d\x68\x40\x03\x1a\xd8\xd7\x80\x89\x97\x00\x01\x02\x04\x08\x10\
\x20\x50\x42\xc0\x40\xb9\x6f\xa0\x64\xcf\x5e\x03\x1a\xd0\x80\x06\
\x34\xa0\x81\xd9\x0d\x94\x18\x58\x5d\x04\x01\x02\x04\x08\x10\x20\
\x40\x60\xf6\xd0\xe4\xf5\x0d\xe6\x1a\xd0\x80\x06\x34\xa0\x01\x0d\
\x68\x60\x4f\x03\x26\x5d\x02\x04\x08\x10\x20\x40\x80\x40\x29\x01\
\x43\xe5\x9e\xa1\x92\x3b\x77\x0d\x68\x40\x03\x1a\xd0\x80\x06\x66\
\x35\x50\x6a\x58\x75\x31\x04\x08\x10\x20\x40\x80\x00\x81\x4f\x81\
\x59\xc3\x93\xd7\x35\x98\x6b\x40\x03\x1a\xd0\x80\x06\x34\xa0\x81\
\xf5\x0d\x7c\xce\x78\xfe\x4b\x80\x00\x01\x02\x04\x08\x10\x28\x25\
\x60\xb0\x5c\x3f\x58\x32\x67\xae\x01\x0d\x68\x40\x03\x1a\xd0\xc0\
\x8c\x06\x4a\x0d\xa9\x2e\x86\x00\x01\x02\x04\x08\x10\x20\xf0\x5d\
\x60\xc6\x00\xe5\x35\x0d\xe6\x1a\xd0\x80\x06\x34\xa0\x01\x0d\x68\
\x60\x6d\x03\xdf\x67\x3c\x7f\x27\x40\x80\x00\x01\x02\x04\x08\x94\
\x12\x30\x5c\xae\x1d\x2e\x79\xf3\xd6\x80\x06\x34\xa0\x01\x0d\x68\
\x60\x74\x03\xa5\x86\x53\x17\x43\x80\x00\x01\x02\x04\x08\x10\x78\
\x25\x30\x7a\x88\xf2\x7a\x06\x73\x0d\x68\x40\x03\x1a\xd0\x80\x06\
\x34\xb0\xae\x81\x57\x33\x9e\x7f\x27\x40\x80\x00\x01\x02\x04\x08\
\x94\x12\x30\x60\xae\x1b\x30\x59\xb3\xd6\x80\x06\x34\xa0\x01\x0d\
\x68\x60\x64\x03\xa5\x86\x52\x17\x43\x80\x00\x01\x02\x04\x08\x10\
\x38\x12\x18\x39\x48\x79\x2d\x83\xb9\x06\x34\xa0\x01\x0d\x68\x40\
\x03\x1a\x58\xd3\xc0\xd1\x8c\xe7\xe7\x04\x08\x10\x20\x40\x80\x00\
\x81\x72\x02\x06\xcd\x35\x83\x26\x67\xce\x1a\xd0\x80\x06\x34\xa0\
\x01\x0d\x8c\x68\xa0\xdc\x30\xea\x82\x08\x10\x20\x40\x80\x00\x01\
\x02\x67\x04\x46\x0c\x52\x5e\xc3\x40\xae\x01\x0d\x68\x40\x03\x1a\
\xd0\x80\x06\xe6\x37\x70\x66\xb6\xf3\x18\x02\x04\x08\x10\x20\x40\
\x80\x40\x59\x01\x03\xe7\xfc\x81\x93\x31\x63\x0d\x68\x40\x03\x1a\
\xd0\x80\x06\x9e\x36\x50\x76\x18\x75\x61\x04\x08\x10\x20\x40\x80\
\x00\x81\x33\x02\x4f\x87\x29\xcf\x37\x90\x6b\x40\x03\x1a\xd0\x80\
\x06\x34\xa0\x81\xb9\x0d\x9c\x99\xe9\x3c\x86\x00\x01\x02\x04\x08\
\x10\x20\x50\x5e\xc0\xd0\x39\x77\xe8\xe4\xcb\x57\x03\x1a\xd0\x80\
\x06\x34\xa0\x81\x27\x0d\x94\x1f\x46\x5d\x20\x01\x02\x04\x08\x10\
\x20\x40\xe0\x8c\xc0\x93\x81\xca\x73\x0d\xe4\x1a\xd0\x80\x06\x34\
\xa0\x01\x0d\x68\x60\x5e\x03\x67\x66\x39\x8f\x21\x40\x80\x00\x01\
\x02\x04\x08\xb4\x11\x30\x78\xce\x1b\x3c\xd9\xb2\xd5\x80\x06\x34\
\xa0\x01\x0d\x68\xe0\x4e\x03\x6d\x06\x51\x17\x4a\x80\x00\x01\x02\
\x04\x08\x10\xb8\x22\x70\x67\xb0\xf2\x1c\x03\xb9\x06\x34\xa0\x01\
\x0d\x68\x40\x03\x1a\x98\xd3\xc0\x95\x39\xce\x63\x09\x10\x20\x40\
\x80\x00\x01\x02\x6d\x04\x0c\x9f\x73\x86\x4f\xae\x5c\x35\xa0\x01\
\x0d\x68\x40\x03\x1a\xb8\xda\x40\x9b\x01\xd4\x85\x12\x20\x40\x80\
\x00\x01\x02\x04\xee\x08\x5c\x1d\xae\x3c\xde\x40\xae\x01\x0d\x68\
\x40\x03\x1a\xd0\x80\x06\xc6\x37\x70\x67\x8e\xf3\x1c\x02\x04\x08\
\x10\x20\x40\x80\x40\x1b\x01\x03\xe8\xf8\x01\x94\x29\x53\x0d\x68\
\x40\x03\x1a\xd0\x80\x06\xae\x34\xd0\x66\xf0\x74\xa1\x04\x08\x10\
\x20\x40\x80\x00\x81\x27\x02\x57\x06\x2c\x8f\x35\x90\x6b\x40\x03\
\x1a\xd0\x80\x06\x34\xa0\x81\xb1\x0d\x3c\x99\xe3\x3c\x97\x00\x01\
\x02\x04\x08\x10\x20\xd0\x46\xc0\x10\x3a\x76\x08\xe5\xc9\x53\x03\
\x1a\xd0\x80\x06\x34\xa0\x81\xb3\x0d\xb4\x19\x38\x5d\x28\x01\x02\
\x04\x08\x10\x20\x40\x60\x84\xc0\xd9\x21\xcb\xe3\x0c\xe4\x1a\xd0\
\x80\x06\x34\xa0\x01\x0d\x68\x60\x4c\x03\x23\x66\x38\xaf\x41\x80\
\x00\x01\x02\x04\x08\x10\x68\x25\x60\x10\x1d\x33\x88\x72\xe4\xa8\
\x01\x0d\x68\x40\x03\x1a\xd0\xc0\xd9\x06\x5a\x0d\x9b\x2e\x96\x00\
\x01\x02\x04\x08\x10\x20\x30\x4a\xe0\xec\xb0\xe5\x71\x06\x73\x0d\
\x68\x40\x03\x1a\xd0\x80\x06\x34\xf0\xac\x81\x51\xf3\x9b\xd7\x21\
\x40\x80\x00\x01\x02\x04\x08\xb4\x14\x30\x8c\x3e\x1b\x46\xf9\xf1\
\xd3\x80\x06\x34\xa0\x01\x0d\x68\xe0\x4c\x03\x2d\x07\x4d\x17\x4d\
\x80\x00\x01\x02\x04\x08\x10\x18\x25\x70\x66\xe0\xf2\x18\x83\xb9\
\x06\x34\xa0\x01\x0d\x68\x40\x03\x1a\xb8\xdf\xc0\xa8\xb9\xcd\xeb\
\x10\x20\x40\x80\x00\x01\x02\x04\x5a\x0b\x18\x48\xef\x0f\xa4\xec\
\xd8\x69\x40\x03\x1a\xd0\x80\x06\x34\x70\xd4\x40\xeb\x41\xd3\xc5\
\x13\x20\x40\x80\x00\x01\x02\x04\x46\x09\x1c\x0d\x5d\x7e\x6e\x30\
\xd7\x80\x06\x34\xa0\x01\x0d\x68\x40\x03\xf7\x1a\x18\x35\xaf\x79\
\x1d\x02\x04\x08\x10\x20\x40\x80\x00\x81\x8f\x8f\x0f\x43\xe9\xbd\
\xa1\x94\x1b\x37\x0d\x68\x40\x03\x1a\xd0\x80\x06\x5e\x35\x60\xc8\
\x24\x40\x80\x00\x01\x02\x04\x08\x10\x98\x20\xf0\x6a\xf8\xf2\xef\
\x06\x73\x0d\x68\x40\x03\x1a\xd0\x80\x06\x34\x70\xbd\x81\x09\xe3\
\x9a\x97\x24\x40\x80\x00\x01\x02\x04\x08\x10\x30\x98\x5e\x1f\x4c\
\x99\x31\xd3\x80\x06\x34\xa0\x01\x0d\x68\xe0\xb7\x06\x4c\x96\x04\
\x08\x10\x20\x40\x80\x00\x01\x02\x13\x05\x7e\x1b\xc0\xfc\x9b\xc1\
\x5c\x03\x1a\xd0\x80\x06\x34\xa0\x01\x0d\x5c\x6b\x60\xe2\xb8\xe6\
\xa5\x09\x10\x20\x40\x80\x00\x01\x02\x04\x0c\xa7\xd7\x86\x53\x5e\
\xbc\x34\xa0\x01\x0d\x68\x40\x03\x1a\xf8\xde\x80\x89\x92\x00\x01\
\x02\x04\x08\x10\x20\x40\x60\x81\xc0\xf7\x21\xcc\xdf\x0d\xe6\x1a\
\xd0\x80\x06\x34\xa0\x01\x0d\x68\xe0\x5c\x03\x0b\x46\x35\x6f\x41\
\x80\x00\x01\x02\x04\x08\x10\x20\xf0\x47\xc0\x80\x7a\x6e\x40\xe5\
\xc4\x49\x03\x1a\xd0\x80\x06\x34\xa0\x81\xef\x0d\x98\x26\x09\x10\
\x20\x40\x80\x00\x01\x02\x04\x16\x0a\x7c\x1f\xc6\xfc\xdd\x80\xae\
\x01\x0d\x68\x40\x03\x1a\xd0\x80\x06\xde\x37\xb0\x70\x54\xf3\x56\
\x04\x08\x10\x20\x40\x80\x00\x01\x02\x7f\x04\x0c\xa8\xef\x07\x54\
\x3e\x7c\x34\xa0\x01\x0d\x68\x40\x03\x1a\xf8\xde\x80\x29\x92\x00\
\x01\x02\x04\x08\x10\x20\x40\x60\x83\xc0\xf7\xa1\xcc\xdf\x0d\xea\
\x1a\xd0\x80\x06\x34\xa0\x01\x0d\x68\xe0\xf7\x06\x36\x8c\x6a\xde\
\x92\x00\x01\x02\x04\x08\x10\x20\x40\xe0\x53\xc0\x90\xfa\xfb\x90\
\xca\x85\x8b\x06\x34\xa0\x01\x0d\x68\x40\x03\x5f\x1b\xf8\x9c\x9d\
\xfc\x97\x00\x01\x02\x04\x08\x10\x20\x40\x60\x83\xc0\xd7\xc1\xcc\
\x9f\x0d\xea\x1a\xd0\x80\x06\x34\xa0\x01\x0d\x68\xe0\x67\x03\x1b\
\x46\x34\x6f\x49\x80\x00\x01\x02\x04\x08\x10\x20\xf0\x5d\xc0\xa0\
\xfa\x73\x50\x65\xc2\x44\x03\x1a\xd0\x80\x06\x34\xa0\x81\xcf\x06\
\xbe\xcf\x4e\xfe\x4e\x80\x00\x01\x02\x04\x08\x10\x20\xb0\x41\xe0\
\x73\x38\xf3\x5f\x83\xba\x06\x34\xa0\x01\x0d\x68\x40\x03\x1a\xf8\
\xbb\x81\x0d\xa3\x99\xb7\x24\x40\x80\x00\x01\x02\x04\x08\x10\x78\
\x25\x60\x58\xfd\x7b\x58\xe5\xc1\x43\x03\x1a\xd0\x80\x06\x34\xa0\
\x81\x57\x73\x93\x7f\x27\x40\x80\x00\x01\x02\x04\x08\x10\xd8\x28\
\x60\x50\x37\xa8\x6b\x40\x03\x1a\xd0\x80\x06\x34\xa0\x81\x7f\x1a\
\xd8\x38\x96\x79\x6b\x02\x04\x08\x10\x20\x40\x80\x00\x81\x57\x02\
\x06\xd6\x7f\x06\x56\x16\x2c\x34\xa0\x01\x0d\x68\x40\x03\xbd\x1b\
\x78\x35\x2f\xf9\x77\x02\x04\x08\x10\x20\x40\x80\x00\x81\x00\x02\
\x86\xf5\xde\xc3\xba\xfb\xef\xfe\x6b\x40\x03\x1a\xd0\x80\x06\xfe\
\xdd\x40\x80\xb1\xcc\x12\x08\x10\x20\x40\x80\x00\x01\x02\x04\x5e\
\x09\x18\x5a\x7d\x71\xd1\x80\x06\x34\xa0\x01\x0d\x68\xa0\x7b\x03\
\xaf\xe6\x24\xff\x4e\x80\x00\x01\x02\x04\x08\x10\x20\x10\x48\xa0\
\xfb\xd0\xea\xfa\x7d\x71\xd3\x80\x06\x34\xa0\x01\x0d\xf4\x6e\x20\
\xd0\x58\x66\x29\x04\x08\x10\x20\x40\x80\x00\x01\x02\xaf\x04\x0c\
\xed\xbd\x87\x76\xf7\xdf\xfd\xd7\x80\x06\x34\xa0\x81\xce\x0d\xbc\
\x9a\x8f\xfc\x3b\x01\x02\x04\x08\x10\x20\x40\x80\x40\x40\x81\xce\
\x83\xab\x6b\xf7\xc5\x4d\x03\x1a\xd0\x80\x06\x34\xd0\xb3\x81\x80\
\x23\x99\x25\x11\x20\x40\x80\x00\x01\x02\x04\x08\x1c\x09\x18\xde\
\x7b\x0e\xef\xee\xbb\xfb\xae\x01\x0d\x68\x40\x03\x5d\x1b\x38\x9a\
\x8d\xfc\x9c\x00\x01\x02\x04\x08\x10\x20\x40\x20\xa0\x40\xd7\xe1\
\xd5\x75\xfb\xe2\xa6\x01\x0d\x68\x40\x03\x1a\xe8\xd7\x40\xc0\x51\
\xcc\x92\x08\x10\x20\x40\x80\x00\x01\x02\x04\xce\x0a\x18\xe0\xfb\
\x0d\xf0\xee\xb9\x7b\xae\x01\x0d\x68\x40\x03\x1d\x1b\x38\x3b\x1b\
\x79\x1c\x01\x02\x04\x08\x10\x20\x40\x80\x40\x40\x81\x8e\x03\xac\
\x6b\xf6\xc5\x4d\x03\x1a\xd0\x80\x06\x34\xd0\xab\x81\x80\x23\x98\
\x25\x11\x20\x40\x80\x00\x01\x02\x04\x08\x5c\x15\x30\xc4\xf7\x1a\
\xe2\xdd\x6f\xf7\x5b\x03\x1a\xd0\x80\x06\xba\x35\x70\x75\x36\xf2\
\x78\x02\x04\x08\x10\x20\x40\x80\x00\x81\xa0\x02\xdd\x06\x59\xd7\
\xeb\xcb\x9b\x06\x34\xa0\x01\x0d\x68\xa0\x47\x03\x41\x47\x2f\xcb\
\x22\x40\x80\x00\x01\x02\x04\x08\x10\xb8\x23\x60\x88\xef\x31\xc4\
\xbb\xcf\xee\xb3\x06\x34\xa0\x01\x0d\x74\x6b\xe0\xce\x5c\xe4\x39\
\x04\x08\x10\x20\x40\x80\x00\x01\x02\x81\x05\xba\x0d\xb4\xae\xd7\
\x97\x38\x0d\x68\x40\x03\x1a\xd0\x40\xed\x06\x02\x8f\x5d\x96\x46\
\x80\x00\x01\x02\x04\x08\x10\x20\x70\x57\xc0\x10\x5f\x7b\x88\x77\
\x7f\xdd\x5f\x0d\x68\x40\x03\x1a\xe8\xd4\xc0\xdd\x79\xc8\xf3\x08\
\x10\x20\x40\x80\x00\x01\x02\x04\x12\x08\x74\x1a\x6c\x5d\xab\x2f\
\x72\x1a\xd0\x80\x06\x34\xa0\x81\xba\x0d\x24\x18\xbb\x2c\x91\x00\
\x01\x02\x04\x08\x10\x20\x40\xe0\xae\x80\x41\xbe\xee\x20\xef\xde\
\xba\xb7\x1a\xd0\x80\x06\x34\xd0\xa5\x81\xbb\x73\x90\xe7\x11\x20\
\x40\x80\x00\x01\x02\x04\x08\x24\x12\xe8\x32\xdc\xba\x4e\x5f\xe4\
\x34\xa0\x01\x0d\xfc\xff\x76\xec\x2c\xc9\x6d\x24\x89\x02\xa0\xee\
\x7f\xea\x31\x4d\x37\x4d\x25\x36\x17\x2c\xb9\xc4\xe2\x5f\x52\x55\
\x91\x40\xc2\xe3\x01\xc8\x08\x19\x90\x81\x9a\x19\x48\xb4\xed\xb2\
\x54\x02\x04\x08\x10\x20\x40\x80\x00\x81\xab\x02\x36\xf3\x35\x37\
\xf3\xea\xaa\xae\x32\x20\x03\x32\x20\x03\x1d\x32\x70\x75\xff\xe3\
\x7b\x04\x08\x10\x20\x40\x80\x00\x01\x02\x09\x05\x3a\x6c\x70\x5d\
\xa3\x46\x4e\x06\x64\x40\x06\x64\x40\x06\x6a\x65\x20\xe1\x96\xcb\
\x92\x09\x10\x20\x40\x80\x00\x01\x02\x04\xee\x0a\xd8\xd4\xd7\xda\
\xd4\xab\xa7\x7a\xca\x80\x0c\xc8\x80\x0c\x54\xcf\xc0\xdd\xbd\x8f\
\xef\x13\x20\x40\x80\x00\x01\x02\x04\x08\x24\x14\xa8\xbe\xc9\x75\
\x7d\x1a\x39\x19\x90\x01\x19\x90\x01\x19\xa8\x93\x81\x84\x5b\x2d\
\x4b\x26\x40\x80\x00\x01\x02\x04\x08\x10\x18\x25\x60\x63\x5f\x67\
\x63\xaf\x96\x6a\x29\x03\x32\x20\x03\x32\x50\x39\x03\xa3\xf6\x3e\
\x8e\x43\x80\x00\x01\x02\x04\x08\x10\x20\x90\x50\xa0\xf2\x46\xd7\
\xb5\x69\xe4\x64\x40\x06\x64\x40\x06\x64\xa0\x46\x06\x12\x6e\xb1\
\x2c\x99\x00\x01\x02\x04\x08\x10\x20\x40\x60\xb4\x80\xcd\x7d\x8d\
\xcd\xbd\x3a\xaa\xa3\x0c\xc8\x80\x0c\xc8\x40\xc5\x0c\x8c\xde\xf7\
\x38\x1e\x01\x02\x04\x08\x10\x20\x40\x80\x40\x52\x81\x8a\x9b\x5d\
\xd7\xa4\x89\x93\x01\x19\x90\x01\x19\x90\x81\x1a\x19\x48\xba\xbd\
\xb2\x6c\x02\x04\x08\x10\x20\x40\x80\x00\x81\x19\x02\x36\xf9\x35\
\x36\xf9\xea\xa8\x8e\x32\x20\x03\x32\x20\x03\x95\x32\x30\x63\xcf\
\xe3\x98\x04\x08\x10\x20\x40\x80\x00\x01\x02\x89\x05\x2a\x6d\x76\
\x5d\x8b\xe6\x4d\x06\x64\x40\x06\x64\x40\x06\x6a\x64\x20\xf1\xd6\
\xca\xd2\x09\x10\x20\x40\x80\x00\x01\x02\x04\x66\x09\xd8\xec\xd7\
\xd8\xec\xab\xa3\x3a\xca\x80\x0c\xc8\x80\x0c\x54\xc8\xc0\xac\xfd\
\x8e\xe3\x12\x20\x40\x80\x00\x01\x02\x04\x08\x14\x10\xa8\xb0\xe1\
\x75\x0d\x1a\x37\x19\x90\x01\x19\x90\x01\x19\xc8\x9f\x81\x02\xdb\
\x2a\x97\x40\x80\x00\x01\x02\x04\x08\x10\x20\x30\x4b\xc0\x86\x3f\
\xff\x86\x5f\x0d\xd5\x50\x06\x64\x40\x06\x64\x20\x7b\x06\x66\xed\
\x73\x1c\x97\x00\x01\x02\x04\x08\x10\x20\x40\xa0\x90\x40\xf6\x4d\
\xaf\xf5\x6b\xdc\x64\x40\x06\x64\x40\x06\x64\x20\x77\x06\x0a\x6d\
\xab\x5c\x0a\x01\x02\x04\x08\x10\x20\x40\x80\xc0\x2c\x01\x9b\xfe\
\xdc\x9b\x7e\xf5\x53\x3f\x19\x90\x01\x19\x90\x81\xcc\x19\x98\xb5\
\xbf\x71\x5c\x02\x04\x08\x10\x20\x40\x80\x00\x81\x82\x02\x99\x37\
\xbe\xd6\xae\x71\x93\x01\x19\x90\x01\x19\x90\x81\x9c\x19\x28\xb8\
\xa5\x72\x49\x04\x08\x10\x20\x40\x80\x00\x01\x02\xb3\x05\x6c\xfe\
\x73\x6e\xfe\xd5\x4d\xdd\x64\x40\x06\x64\x40\x06\xb2\x66\x60\xf6\
\xde\xc6\xf1\x09\x10\x20\x40\x80\x00\x01\x02\x04\x0a\x0a\x64\xdd\
\xfc\x5a\xb7\xc6\x4d\x06\x64\x40\x06\x64\x40\x06\xf2\x65\xa0\xe0\
\x56\xca\x25\x11\x20\x40\x80\x00\x01\x02\x04\x08\xac\x12\xd0\x00\
\xe4\x6b\x00\xd4\x4c\xcd\x64\x40\x06\x64\x40\x06\x32\x66\x60\xd5\
\xde\xc6\x79\x08\x10\x20\x40\x80\x00\x01\x02\x04\x0a\x0a\x64\xdc\
\x00\x5b\xb3\xc6\x4d\x06\x64\x40\x06\x64\x40\x06\x72\x65\xa0\xe0\
\x16\xca\x25\x11\x20\x40\x80\x00\x01\x02\x04\x08\xac\x16\xd0\x04\
\xe4\x6a\x02\xd4\x4b\xbd\x64\x40\x06\x64\x40\x06\x32\x65\x60\xf5\
\xbe\xc6\xf9\x08\x10\x20\x40\x80\x00\x01\x02\x04\x8a\x0a\x64\xda\
\x04\x5b\xab\xa6\x4d\x06\x64\x40\x06\x64\x40\x06\x72\x65\xa0\xe8\
\xf6\xc9\x65\x11\x20\x40\x80\x00\x01\x02\x04\x08\xec\x10\xd0\x0c\
\xe4\x6a\x06\xd4\x4b\xbd\x64\x40\x06\x64\x40\x06\x32\x64\x60\xc7\
\x9e\xc6\x39\x09\x10\x20\x40\x80\x00\x01\x02\x04\x0a\x0b\x64\xd8\
\x04\x5b\xa3\x66\x4d\x06\x64\x40\x06\x64\x40\x06\x72\x65\xa0\xf0\
\xd6\xc9\xa5\x11\x20\x40\x80\x00\x01\x02\x04\x08\xec\x12\xd0\x14\
\xe4\x6a\x0a\xd4\x4b\xbd\x64\x40\x06\x64\x40\x06\x22\x67\x60\xd7\
\x7e\xc6\x79\x09\x10\x20\x40\x80\x00\x01\x02\x04\x1a\x08\x44\xde\
\x08\x5b\x9b\x46\x4d\x06\x64\x40\x06\x64\x40\x06\xf2\x64\xa0\xc1\
\xb6\xc9\x25\x12\x20\x40\x80\x00\x01\x02\x04\x08\xec\x12\xd0\x18\
\xe4\x69\x0c\xd4\x4a\xad\x64\x40\x06\x64\x40\x06\xa2\x66\x60\xd7\
\x3e\xc6\x79\x09\x10\x20\x40\x80\x00\x01\x02\x04\x1a\x09\x44\xdd\
\x0c\x5b\x97\x46\x4d\x06\x64\x40\x06\x64\x40\x06\x72\x64\xa0\xd1\
\xb6\xc9\xa5\x12\x20\x40\x80\x00\x01\x02\x04\x08\xec\x12\xd0\x1c\
\xe4\x68\x0e\xd4\x49\x9d\x64\x40\x06\x64\x40\x06\x22\x66\x60\xd7\
\xfe\xc5\x79\x09\x10\x20\x40\x80\x00\x01\x02\x04\x1a\x0a\x44\xdc\
\x10\x5b\x93\x46\x4d\x06\x64\x40\x06\x64\x40\x06\x62\x67\xa0\xe1\
\x96\xc9\x25\x13\x20\x40\x80\x00\x01\x02\x04\x08\xec\x16\xd0\x24\
\xc4\x6e\x12\xd4\x47\x7d\x64\x40\x06\x64\x40\x06\xa2\x65\x60\xf7\
\xde\xc5\xf9\x09\x10\x20\x40\x80\x00\x01\x02\x04\x1a\x0a\x44\xdb\
\x14\x5b\x8f\x46\x4d\x06\x64\x40\x06\x64\x40\x06\xe2\x66\xa0\xe1\
\x56\xc9\x25\x13\x20\x40\x80\x00\x01\x02\x04\x08\x44\x11\xd0\x28\
\xc4\x6d\x14\xd4\x46\x6d\x64\x40\x06\x64\x40\x06\x22\x65\x20\xca\
\xde\xc5\x3a\x08\x10\x20\x40\x80\x00\x01\x02\x04\x1a\x0a\x44\xda\
\x18\x5b\x8b\x46\x4d\x06\x64\x40\x06\x64\x40\x06\x62\x66\xa0\xe1\
\x16\xc9\x25\x13\x20\x40\x80\x00\x01\x02\x04\x08\x44\x13\xd0\x2c\
\xc4\x6c\x16\xd4\x45\x5d\x64\x40\x06\x64\x40\x06\x22\x64\x20\xda\
\xbe\xc5\x7a\x08\x10\x20\x40\x80\x00\x01\x02\x04\x9a\x0a\x44\xd8\
\x1c\x5b\x83\x26\x4d\x06\x64\x40\x06\x64\x40\x06\x62\x66\xa0\xe9\
\xf6\xc8\x65\x13\x20\x40\x80\x00\x01\x02\x04\x08\x44\x14\xd0\x34\
\xc4\x6c\x1a\xd4\x45\x5d\x64\x40\x06\x64\x40\x06\x76\x66\x20\xe2\
\x9e\xc5\x9a\x08\x10\x20\x40\x80\x00\x01\x02\x04\x9a\x0b\xec\xdc\
\x20\x3b\xb7\x06\x4d\x06\x64\x40\x06\x64\x40\x06\xe2\x65\xa0\xf9\
\xd6\xc8\xe5\x13\x20\x40\x80\x00\x01\x02\x04\x08\x44\x14\xd0\x38\
\xc4\x6b\x1c\xd4\x44\x4d\x64\x40\x06\x64\x40\x06\x76\x65\x20\xe2\
\x5e\xc5\x9a\x08\x10\x20\x40\x80\x00\x01\x02\x04\x08\xfc\x5f\x60\
\xd7\x26\xd9\x79\x35\x68\x32\x20\x03\x32\x20\x03\x32\x10\x2b\x03\
\xb6\x46\x04\x08\x10\x20\x40\x80\x00\x01\x02\x04\xc2\x0a\x68\x1e\
\x62\x35\x0f\xea\xa1\x1e\x32\x20\x03\x32\x20\x03\x3b\x32\x10\x76\
\xa3\x62\x61\x04\x08\x10\x20\x40\x80\x00\x01\x02\x04\x1e\x02\x3b\
\x36\xca\xce\xa9\x41\x93\x01\x19\x90\x01\x19\x90\x81\x38\x19\x78\
\xec\x09\xfc\x4b\x80\x00\x01\x02\x04\x08\x10\x20\x40\x20\xb4\x80\
\x26\x22\x4e\x13\xa1\x16\x6a\x21\x03\x32\x20\x03\x32\xb0\x32\x03\
\xa1\x37\x28\x16\x47\x80\x00\x01\x02\x04\x08\x10\x20\x40\xe0\xa7\
\xc0\xca\x8d\xb2\x73\x69\xcc\x64\x40\x06\x64\x40\x06\x64\x20\x46\
\x06\x7e\xee\x05\xfc\x9f\x00\x01\x02\x04\x08\x10\x20\x40\x80\x40\
\x0a\x01\xcd\x44\x8c\x66\x42\x1d\xd4\x41\x06\x64\x40\x06\x64\x60\
\x55\x06\x52\x6c\x50\x2c\x92\x00\x01\x02\x04\x08\x10\x20\x40\x80\
\xc0\x4f\x81\x55\x9b\x65\xe7\xd1\x98\xc9\x80\x0c\xc8\x80\x0c\xc8\
\xc0\xfe\x0c\xfc\xdc\x03\xf8\x3f\x01\x02\x04\x08\x10\x20\x40\x80\
\x00\x81\x54\x02\x1a\x8a\xfd\x0d\x85\x1a\xa8\x81\x0c\xc8\x80\x0c\
\xc8\xc0\x8a\x0c\xa4\xda\xa0\x58\x2c\x01\x02\x04\x08\x10\x20\x40\
\x80\x00\x81\x9f\x02\x2b\x36\xcc\xce\xa1\x31\x93\x01\x19\x90\x01\
\x19\x90\x81\xbd\x19\xf8\xf9\xee\xf7\x7f\x02\x04\x08\x10\x20\x40\
\x80\x00\x01\x02\x29\x05\x34\x15\x7b\x9b\x0a\xfe\xfc\x65\x40\x06\
\x64\x40\x06\x66\x67\x20\xe5\x06\xc5\xa2\x09\x10\x20\x40\x80\x00\
\x01\x02\x04\x08\x3c\x0b\xcc\xde\x38\x3b\xbe\xe6\x4c\x06\x64\x40\
\x06\x64\x40\x06\xf6\x64\xe0\xf9\x9d\xef\x67\x02\x04\x08\x10\x20\
\x40\x80\x00\x01\x02\x69\x05\x34\x15\x7b\x9a\x0a\xee\xdc\x65\x40\
\x06\x64\x40\x06\x66\x66\x20\xed\xc6\xc4\xc2\x09\x10\x20\x40\x80\
\x00\x01\x02\x04\x08\xbc\x13\x98\xb9\x81\x76\x6c\x0d\x9a\x0c\xc8\
\x80\x0c\xc8\x80\x0c\xac\xcf\xc0\xbb\x77\xbe\xdf\x13\x20\x40\x80\
\x00\x01\x02\x04\x08\x10\x48\x2b\xa0\xb1\x58\xdf\x58\x30\x67\x2e\
\x03\x32\x20\x03\x32\x30\x2b\x03\x69\x37\x24\x16\x4e\x80\x00\x01\
\x02\x04\x08\x10\x20\x40\xe0\x9b\xc0\xac\x4d\xb4\xe3\x6a\xd0\x64\
\x40\x06\x64\x40\x06\x64\x60\x6d\x06\xbe\xbd\xf3\xfd\x9d\x00\x01\
\x02\x04\x08\x10\x20\x40\x80\x40\x5a\x01\xcd\xc5\xda\xe6\x82\x37\
\x6f\x19\x90\x01\x19\x90\x81\x19\x19\x48\xbb\x11\xb1\x70\x02\x04\
\x08\x10\x20\x40\x80\x00\x01\x02\x47\x05\x66\x6c\xa4\x1d\x53\x83\
\x26\x03\x32\x20\x03\x32\x20\x03\x6b\x32\x70\xf4\x7d\xef\x73\x04\
\x08\x10\x20\x40\x80\x00\x01\x02\x04\xd2\x0b\x68\x32\xd6\x34\x19\
\x9c\x39\xcb\x80\x0c\xc8\x80\x0c\x8c\xce\x40\xfa\x4d\x88\x0b\x20\
\x40\x80\x00\x01\x02\x04\x08\x10\x20\x70\x54\x60\xf4\x66\xda\xf1\
\x34\x68\x32\x20\x03\x32\x20\x03\x32\x30\x3f\x03\x47\xdf\xf3\x3e\
\x47\x80\x00\x01\x02\x04\x08\x10\x20\x40\xa0\x8c\x80\x46\x63\x7e\
\xa3\xc1\x98\xb1\x0c\xc8\x80\x0c\xc8\xc0\xc8\x0c\x94\xd9\x84\xb8\
\x10\x02\x04\x08\x10\x20\x40\x80\x00\x01\x02\x47\x05\x46\x6e\xa8\
\x1d\x4b\x83\x26\x03\x32\x20\x03\x32\x20\x03\x73\x33\x70\xf4\xfd\
\xee\x73\x04\x08\x10\x20\x40\x80\x00\x01\x02\x04\xca\x09\x68\x36\
\xe6\x36\x1b\x7c\xf9\xca\x80\x0c\xc8\x80\x0c\x8c\xc8\x40\xb9\x0d\
\x88\x0b\x22\x40\x80\x00\x01\x02\x04\x08\x10\x20\x70\x46\x60\xc4\
\xa6\xda\x31\x34\x67\x32\x20\x03\x32\x20\x03\x32\x30\x37\x03\x67\
\xde\xed\x3e\x4b\x80\x00\x01\x02\x04\x08\x10\x20\x40\xa0\xa4\x80\
\xa6\x63\x6e\xd3\xc1\x97\xaf\x0c\xc8\x80\x0c\xc8\xc0\x9d\x0c\x94\
\xdc\x7c\xb8\x28\x02\x04\x08\x10\x20\x40\x80\x00\x01\x02\x67\x05\
\xee\x6c\xaa\x7d\x57\x53\x26\x03\x32\x20\x03\x32\x20\x03\x73\x33\
\x70\xf6\xbd\xee\xf3\x04\x08\x10\x20\x40\x80\x00\x01\x02\x04\xca\
\x0a\x68\x3e\xe6\x36\x1f\x7c\xf9\xca\x80\x0c\xc8\x80\x0c\x5c\xc9\
\x40\xd9\x8d\x87\x0b\x23\x40\x80\x00\x01\x02\x04\x08\x10\x20\x70\
\x55\xe0\xca\xc6\xda\x77\x34\x64\x32\x20\x03\x32\x20\x03\x32\x30\
\x2f\x03\x57\xdf\xe9\xbe\x47\x80\x00\x01\x02\x04\x08\x10\x20\x40\
\xa0\xac\x80\x06\x64\x5e\x03\xc2\x96\xad\x0c\xc8\x80\x0c\xc8\xc0\
\xd9\x0c\x94\xdd\x70\xb8\x30\x02\x04\x08\x10\x20\x40\x80\x00\x01\
\x02\x77\x05\xce\x6e\xae\x7d\x5e\x43\x26\x03\x32\x20\x03\x32\x20\
\x03\x73\x32\x70\xf7\x9d\xee\xfb\x04\x08\x10\x20\x40\x80\x00\x01\
\x02\x04\xca\x0a\x68\x42\xe6\x34\x21\x5c\xb9\xca\x80\x0c\xc8\x80\
\x0c\x9c\xc9\x40\xd9\x8d\x86\x0b\x23\x40\x80\x00\x01\x02\x04\x08\
\x10\x20\x30\x4a\xe0\xcc\x06\xdb\x67\x35\x64\x32\x20\x03\x32\x20\
\x03\x32\x30\x36\x03\xa3\xde\xe7\x8e\x43\x80\x00\x01\x02\x04\x08\
\x10\x20\x40\xa0\xbc\x80\x66\x64\x6c\x33\xc2\x93\xa7\x0c\xc8\x80\
\x0c\xc8\xc0\xd1\x0c\x94\xdf\x64\xb8\x40\x02\x04\x08\x10\x20\x40\
\x80\x00\x01\x02\xa3\x04\x8e\x6e\xb2\x7d\x4e\x43\x26\x03\x32\x20\
\x03\x32\x20\x03\xe3\x32\x30\xea\x3d\xee\x38\x04\x08\x10\x20\x40\
\x80\x00\x01\x02\x04\xda\x08\x68\x48\xc6\x35\x24\x2c\x59\xca\x80\
\x0c\xc8\x80\x0c\x1c\xc9\x40\x9b\x4d\x86\x0b\x25\x40\x80\x00\x01\
\x02\x04\x08\x10\x20\x30\x4a\xe0\xc8\x46\xdb\x67\x34\x64\x32\x20\
\x03\x32\x20\x03\x32\x30\x26\x03\xa3\xde\xdf\x8e\x43\x80\x00\x01\
\x02\x04\x08\x10\x20\x40\xa0\x9d\x80\xa6\x64\x4c\x53\xc2\x91\xa3\
\x0c\xc8\x80\x0c\xc8\xc0\xa7\x0c\xb4\xdb\x60\xb8\x60\x02\x04\x08\
\x10\x20\x40\x80\x00\x01\x02\x23\x05\x3e\x6d\xb6\xfd\x4d\x33\x26\
\x03\x32\x20\x03\x32\x20\x03\x63\x32\x30\xf2\xdd\xed\x58\x04\x08\
\x10\x20\x40\x80\x00\x01\x02\x04\x5a\x0a\x68\x4e\xc6\x34\x27\x1c\
\x39\xca\x80\x0c\xc8\x80\x0c\xbc\xca\x40\xcb\xcd\x85\x8b\x26\x40\
\x80\x00\x01\x02\x04\x08\x10\x20\x30\x5a\xe0\xd5\x66\xdb\xef\x34\
\x61\x32\x20\x03\x32\x20\x03\x32\x30\x26\x03\xa3\xdf\xdb\x8e\x47\
\x80\x00\x01\x02\x04\x08\x10\x20\x40\xa0\xad\x80\x26\x65\x4c\x93\
\xc2\x91\xa3\x0c\xc8\x80\x0c\xc8\xc0\xcf\x0c\xb4\xdd\x58\xb8\x70\
\x02\x04\x08\x10\x20\x40\x80\x00\x01\x02\xb3\x04\x7e\x6e\xb8\xfd\
\x5f\x03\x26\x03\x32\x20\x03\x32\x20\x03\xf7\x33\x30\xeb\x9d\xed\
\xb8\x04\x08\x10\x20\x40\x80\x00\x01\x02\x04\xda\x0a\x68\x54\xee\
\x37\x2a\x0c\x19\xca\x80\x0c\xc8\x80\x0c\x3c\x32\xd0\x76\x43\xe1\
\xc2\x09\x10\x20\x40\x80\x00\x01\x02\x04\x08\xcc\x16\x78\x6c\xba\
\xfd\xab\x01\x93\x01\x19\x90\x01\x19\x90\x81\x7b\x19\x98\xfd\xce\
\x76\x7c\x02\x04\x08\x10\x20\x40\x80\x00\x01\x02\x6d\x05\x34\x2b\
\xf7\x9a\x15\x7e\xfc\x64\x40\x06\x64\x40\x06\x7e\x67\xa0\xed\x46\
\xc2\x85\x13\x20\x40\x80\x00\x01\x02\x04\x08\x10\x58\x25\xa0\xf9\
\xd2\x7c\xc9\x80\x0c\xc8\x80\x0c\xc8\xc0\xf5\x0c\xac\x7a\x5f\x3b\
\x0f\x01\x02\x04\x08\x10\x20\x40\x80\x00\x81\xf6\x02\x1a\x97\xeb\
\x8d\x0b\x3b\x76\x32\x20\x03\x32\xd0\x3b\x03\xed\x37\x11\x00\x08\
\x10\x20\x40\x80\x00\x01\x02\x04\x08\xac\x12\xd0\x7c\xf5\x6e\xbe\
\xd4\x5f\xfd\x65\x40\x06\x64\xe0\x5a\x06\x56\xbd\xa7\x9d\x87\x00\
\x01\x02\x04\x08\x10\x20\x40\x80\x00\x81\x7f\x05\x34\x2f\xd7\x9a\
\x17\x6e\xdc\x64\x40\x06\x64\xa0\x6f\x06\x6c\x22\x08\x10\x20\x40\
\x80\x00\x01\x02\x04\x08\x10\x58\x2c\xa0\x01\xeb\xdb\x80\xa9\xbd\
\xda\xcb\x80\x0c\xc8\xc0\xf9\x0c\x2c\x7e\x4d\x3b\x1d\x01\x02\x04\
\x08\x10\x20\x40\x80\x00\x01\x02\x0f\x01\x0d\xcc\xf9\x06\x86\x19\
\x33\x19\x90\x01\x19\xe8\x99\x81\xc7\xbb\xd3\xbf\x04\x08\x10\x20\
\x40\x80\x00\x01\x02\x04\x08\x2c\x16\xd0\x84\xf5\x6c\xc2\xd4\x5d\
\xdd\x65\x40\x06\x64\xe0\x5c\x06\x16\xbf\x9e\x9d\x8e\x00\x01\x02\
\x04\x08\x10\x20\x40\x80\x00\x81\x67\x01\x4d\xcc\xb9\x26\x86\x17\
\x2f\x19\x90\x01\x19\xe8\x95\x81\xe7\xf7\xa6\x9f\x09\x10\x20\x40\
\x80\x00\x01\x02\x04\x08\x10\xd8\x24\xa0\x19\xeb\xd5\x8c\xa9\xb7\
\x7a\xcb\x80\x0c\xc8\xc0\xf1\x0c\x6c\x7a\x35\x3b\x2d\x01\x02\x04\
\x08\x10\x20\x40\x80\x00\x01\x02\xcf\x02\x1a\x99\xe3\x8d\x0c\x2b\
\x56\x32\x20\x03\x32\xd0\x27\x03\xcf\xef\x4b\x3f\x13\x20\x40\x80\
\x00\x01\x02\x04\x08\x10\x20\xb0\x59\x40\x43\xd6\xa7\x21\x53\x6b\
\xb5\x96\x01\x19\x90\x81\x63\x19\xd8\xfc\x6a\x76\x7a\x02\x04\x08\
\x10\x20\x40\x80\x00\x01\x02\x04\x9e\x05\x34\x33\xc7\x9a\x19\x4e\
\x9c\x64\x40\x06\x64\xa0\x47\x06\x9e\xdf\x93\x7e\x26\x40\x80\x00\
\x01\x02\x04\x08\x10\x20\x40\x20\x88\x80\xa6\xac\x47\x53\xa6\xce\
\xea\x2c\x03\x32\x20\x03\xdf\x33\x10\xe4\xd5\x6c\x19\x04\x08\x10\
\x20\x40\x80\x00\x01\x02\x04\x08\xbc\x12\xd0\xd4\x7c\x6f\x6a\x18\
\x31\x92\x01\x19\x90\x81\xda\x19\x78\xf5\x7e\xf4\x3b\x02\x04\x08\
\x10\x20\x40\x80\x00\x01\x02\x04\x02\x09\x68\xca\x6a\x37\x65\xea\
\xab\xbe\x32\x20\x03\x32\xf0\x39\x03\x81\x5e\xc9\x96\x42\x80\x00\
\x01\x02\x04\x08\x10\x20\x40\x80\xc0\x27\x01\xcd\xcd\xe7\xe6\x86\
\x0f\x1f\x19\x90\x01\x19\xa8\x9b\x81\x4f\xef\x47\x7f\x23\x40\x80\
\x00\x01\x02\x04\x08\x10\x20\x40\x20\x90\x80\xc6\xac\x6e\x63\xa6\
\xb6\x6a\x2b\x03\x32\x20\x03\xef\x33\x10\xe8\x55\x6c\x29\x04\x08\
\x10\x20\x40\x80\x00\x01\x02\x04\x08\x1c\x11\xd0\xe0\xbc\x6f\x70\
\xd8\xb0\x91\x01\x19\x90\x81\x9a\x19\x38\xf2\x7e\xf4\x19\x02\x04\
\x08\x10\x20\x40\x80\x00\x01\x02\x04\x02\x09\x68\xce\x6a\x36\x67\
\xea\xaa\xae\x32\x20\x03\x32\xf0\x3a\x03\x81\x5e\xc1\x96\x42\x80\
\x00\x01\x02\x04\x08\x10\x20\x40\x80\xc0\x19\x01\x4d\xce\xeb\x26\
\x87\x0b\x17\x19\x90\x01\x19\xa8\x97\x81\x33\xef\x47\x9f\x25\x40\
\x80\x00\x01\x02\x04\x08\x10\x20\x40\x20\x98\x80\x26\xad\x5e\x93\
\xa6\xa6\x6a\x2a\x03\x32\x20\x03\x7f\x67\x20\xd8\xab\xd7\x72\x08\
\x10\x20\x40\x80\x00\x01\x02\x04\x08\x10\x38\x2b\xa0\xc9\xf9\xbb\
\xc9\xe1\xc1\x43\x06\x64\x40\x06\x6a\x65\xe0\xec\x7b\xd1\xe7\x09\
\x10\x20\x40\x80\x00\x01\x02\x04\x08\x10\x08\x2a\xa0\x59\xab\xd5\
\xac\xa9\xa7\x7a\xca\x80\x0c\xc8\xc0\x9f\x0c\x04\x7d\xf5\x5a\x16\
\x01\x02\x04\x08\x10\x20\x40\x80\x00\x01\x02\x67\x05\x34\x3a\x7f\
\x1a\x1d\x16\x2c\x64\x40\x06\x64\xa0\x4e\x06\xce\xbe\x0f\x7d\x9e\
\x00\x01\x02\x04\x08\x10\x20\x40\x80\x00\x81\xe0\x02\x1a\xb6\x3a\
\x0d\x9b\x5a\xaa\xa5\x0c\xc8\x80\x0c\xfc\x93\x81\xe0\xaf\x5e\xcb\
\x23\x40\x80\x00\x01\x02\x04\x08\x10\x20\x40\xe0\xac\x80\x66\x47\
\xc3\x2b\x03\x32\x20\x03\x32\x50\x29\x03\x67\xdf\x83\x3e\x4f\x80\
\x00\x01\x02\x04\x08\x10\x20\x40\x80\x40\x12\x81\x4a\x8d\x8b\x6b\
\xd1\x88\xcb\x80\x0c\xc8\x40\xdf\x0c\x24\x79\xed\x5a\x26\x01\x02\
\x04\x08\x10\x20\x40\x80\x00\x01\x02\x57\x05\x34\x7c\x7d\x1b\x3e\
\xb5\x57\x7b\x19\x90\x81\x2a\x19\xb8\xfa\x0e\xf4\x3d\x02\x04\x08\
\x10\x20\x40\x80\x00\x01\x02\x04\x92\x08\x54\x69\x5e\x5c\x87\x46\
\x5c\x06\x64\x40\x06\x7a\x66\x20\xc9\xeb\xd6\x32\x09\x10\x20\x40\
\x80\x00\x01\x02\x04\x08\x10\xb8\x2b\xa0\xe9\xeb\xd9\xf4\xa9\xbb\
\xba\xcb\x80\x0c\x54\xc8\xc0\xdd\x77\xa0\xef\x13\x20\x40\x80\x00\
\x01\x02\x04\x08\x10\x20\x90\x44\xa0\x42\x03\xe3\x1a\x34\xe2\x32\
\x20\x03\x32\xd0\x2f\x03\x49\x5e\xb3\x96\x49\x80\x00\x01\x02\x04\
\x08\x10\x20\x40\x80\xc0\x28\x01\x8d\x5f\xbf\xc6\x4f\xcd\xd5\x5c\
\x06\x64\x20\x73\x06\x46\xbd\xff\x1c\x87\x00\x01\x02\x04\x08\x10\
\x20\x40\x80\x00\x81\x44\x02\x99\x9b\x18\x6b\xd7\x84\xcb\x80\x0c\
\xc8\x40\xbf\x0c\x24\x7a\xc5\x5a\x2a\x01\x02\x04\x08\x10\x20\x40\
\x80\x00\x01\x02\x23\x05\x34\x80\xfd\x1a\x40\x35\x57\x73\x19\x90\
\x81\x8c\x19\x18\xf9\xee\x73\x2c\x02\x04\x08\x10\x20\x40\x80\x00\
\x01\x02\x04\x92\x09\x64\x6c\x62\xac\x59\xf3\x2d\x03\x32\x20\x03\
\xfd\x32\x90\xec\xf5\x6a\xb9\x04\x08\x10\x20\x40\x80\x00\x01\x02\
\x04\x08\x8c\x16\xd0\x08\xf6\x6b\x04\xd5\x5c\xcd\x65\x40\x06\x32\
\x65\x60\xf4\x7b\xcf\xf1\x08\x10\x20\x40\x80\x00\x01\x02\x04\x08\
\x10\x48\x2a\x90\xa9\x91\xb1\x56\x8d\xb7\x0c\xc8\x80\x0c\xf4\xca\
\x40\xd2\x57\xab\x65\x13\x20\x40\x80\x00\x01\x02\x04\x08\x10\x20\
\x30\x5a\x40\x33\xd8\xab\x19\x54\x6f\xf5\x96\x01\x19\xc8\x92\x81\
\xd1\xef\x3b\xc7\x23\x40\x80\x00\x01\x02\x04\x08\x10\x20\x40\x20\
\xb9\x40\x96\x66\xc6\x3a\x35\xde\x32\x20\x03\x32\xd0\x27\x03\xc9\
\x5f\xad\x96\x4f\x80\x00\x01\x02\x04\x08\x10\x20\x40\x80\xc0\x68\
\x01\x0d\x61\x9f\x86\x50\xad\xd5\x5a\x06\x64\x20\x43\x06\x46\xbf\
\xe7\x1c\x8f\x00\x01\x02\x04\x08\x10\x20\x40\x80\x00\x81\x22\x02\
\x19\x1a\x1a\x6b\xd4\x78\xcb\x80\x0c\xc8\x40\xfd\x0c\x14\x79\xad\
\xba\x0c\x02\x04\x08\x10\x20\x40\x80\x00\x01\x02\x04\x66\x09\x68\
\x0c\xeb\x37\x86\x6a\xac\xc6\x32\x20\x03\xd1\x33\x30\xeb\x1d\xe7\
\xb8\x04\x08\x10\x20\x40\x80\x00\x01\x02\x04\x08\x14\x11\x88\xde\
\xd4\x58\x9f\xc6\x5b\x06\x64\x40\x06\x6a\x67\xa0\xc8\xeb\xd4\x65\
\x10\x20\x40\x80\x00\x01\x02\x04\x08\x10\x20\x30\x5b\x40\x73\x58\
\xbb\x39\x54\x5f\xf5\x95\x01\x19\x88\x9c\x81\xd9\xef\x38\xc7\x27\
\x40\x80\x00\x01\x02\x04\x08\x10\x20\x40\xa0\x88\x40\xe4\xc6\xc6\
\xda\x34\xde\x32\x20\x03\x32\x50\x37\x03\x45\x5e\xa3\x2e\x83\x00\
\x01\x02\x04\x08\x10\x20\x40\x80\x00\x81\x55\x02\x1a\xc4\xba\x0d\
\xa2\xda\xaa\xad\x0c\xc8\x40\xc4\x0c\xac\x7a\xbf\x39\x0f\x01\x02\
\x04\x08\x10\x20\x40\x80\x00\x01\x02\x85\x04\x22\x36\x37\xd6\xa4\
\xe9\x96\x01\x19\x90\x81\xba\x19\x28\xf4\x0a\x75\x29\x04\x08\x10\
\x20\x40\x80\x00\x01\x02\x04\x08\xac\x14\xd0\x28\xd6\x6d\x14\xd5\
\x56\x6d\x65\x40\x06\x22\x65\x60\xe5\xbb\xcd\xb9\x08\x10\x20\x40\
\x80\x00\x01\x02\x04\x08\x10\x28\x26\x10\xa9\xb9\xb1\x16\xcd\xb6\
\x0c\xc8\x80\x0c\xd4\xcd\x40\xb1\xd7\xa7\xcb\x21\x40\x80\x00\x01\
\x02\x04\x08\x10\x20\x40\x60\xb5\x80\x86\xb1\x6e\xc3\xa8\xb6\x6a\
\x2b\x03\x32\x10\x21\x03\xab\xdf\x6b\xce\x47\x80\x00\x01\x02\x04\
\x08\x10\x20\x40\x80\x40\x51\x81\x08\x0d\x8e\x35\x68\xb4\x65\x40\
\x06\x64\xa0\x66\x06\x8a\xbe\x3a\x5d\x16\x01\x02\x04\x08\x10\x20\
\x40\x80\x00\x01\x02\xab\x05\x34\x8d\x35\x9b\x46\x75\x55\x57\x19\
\x90\x81\xdd\x19\x58\xfd\x3e\x73\x3e\x02\x04\x08\x10\x20\x40\x80\
\x00\x01\x02\x04\x8a\x0b\xec\x6e\x72\x9c\x5f\xa3\x2d\x03\x32\x20\
\x03\xf5\x32\x50\xfc\xd5\xe9\xf2\x08\x10\x20\x40\x80\x00\x01\x02\
\x04\x08\x10\x58\x2d\xa0\x71\xac\xd7\x38\xaa\xa9\x9a\xca\x80\x0c\
\xec\xcc\xc0\xea\xf7\x98\xf3\x11\x20\x40\x80\x00\x01\x02\x04\x08\
\x10\x20\xd0\x44\x60\x67\xa3\xe3\xdc\x1a\x6d\x19\x90\x01\x19\xa8\
\x93\x81\x26\xaf\x4d\x97\x49\x80\x00\x01\x02\x04\x08\x10\x20\x40\
\x80\xc0\x2e\x01\x0d\x64\x9d\x06\x52\x2d\xd5\x52\x06\x64\x60\x57\
\x06\x76\xbd\xc3\x9c\x97\x00\x01\x02\x04\x08\x10\x20\x40\x80\x00\
\x81\x26\x02\xbb\x9a\x1d\xe7\xd5\x68\xcb\x80\x0c\xc8\x40\x8d\x0c\
\x34\x79\x5d\xba\x4c\x02\x04\x08\x10\x20\x40\x80\x00\x01\x02\x04\
\x76\x0b\x68\x22\x6b\x34\x91\xea\xa8\x8e\x32\x20\x03\x3b\x32\xb0\
\xfb\x1d\xe6\xfc\x04\x08\x10\x20\x40\x80\x00\x01\x02\x04\x08\x34\
\x11\xd8\xd1\xf0\x38\xa7\x46\x5b\x06\x64\x40\x06\xf2\x67\xa0\xc9\
\x6b\xd2\x65\x12\x20\x40\x80\x00\x01\x02\x04\x08\x10\x20\x10\x45\
\x40\x23\x99\xbf\x91\x54\x43\x35\x94\x01\x19\x58\x9d\x81\x28\xef\
\x30\xeb\x20\x40\x80\x00\x01\x02\x04\x08\x10\x20\x40\xa0\x89\xc0\
\xea\xa6\xc7\xf9\x34\xda\x32\x20\x03\x32\x90\x3b\x03\x4d\x5e\x8f\
\x2e\x93\x00\x01\x02\x04\x08\x10\x20\x40\x80\x00\x81\x68\x02\x9a\
\xc9\xdc\xcd\xa4\xfa\xa9\x9f\x0c\xc8\xc0\xaa\x0c\x44\x7b\x7f\x59\
\x0f\x01\x02\x04\x08\x10\x20\x40\x80\x00\x01\x02\xcd\x04\x56\x35\
\x3f\xce\xa3\xd1\x96\x01\x19\x90\x81\xbc\x19\x68\xf6\x6a\x74\xb9\
\x04\x08\x10\x20\x40\x80\x00\x01\x02\x04\x08\x44\x13\xd0\x50\xe6\
\x6d\x28\xd5\x4e\xed\x64\x40\x06\x56\x64\x20\xda\x7b\xcb\x7a\x08\
\x10\x20\x40\x80\x00\x01\x02\x04\x08\x10\x68\x2a\xb0\xa2\x01\x72\
\x0e\x8d\xb6\x0c\xc8\x80\x0c\xe4\xcc\x40\xd3\x57\xa3\xcb\x26\x40\
\x80\x00\x01\x02\x04\x08\x10\x20\x40\x20\x9a\x80\xa6\x32\x67\x53\
\xa9\x6e\xea\x26\x03\x32\x30\x3b\x03\xd1\xde\x57\xd6\x43\x80\x00\
\x01\x02\x04\x08\x10\x20\x40\x80\x40\x73\x81\xd9\x4d\x90\xe3\x6b\
\xb4\x65\x40\x06\x64\x20\x5f\x06\x9a\xbf\x1a\x5d\x3e\x01\x02\x04\
\x08\x10\x20\x40\x80\x00\x01\x02\x11\x05\x34\x97\xf9\x9a\x4b\x35\
\x53\x33\x19\x90\x81\x59\x19\x88\xf8\x9e\xb2\x26\x02\x04\x08\x10\
\x20\x40\x80\x00\x01\x02\x04\x08\xfc\x9a\xd5\x04\x39\xae\x06\x5b\
\x06\x64\x40\x06\x72\x65\xc0\x2b\x91\x00\x01\x02\x04\x08\x10\x20\
\x40\x80\x00\x01\x02\xa1\x05\x34\x99\xb9\x9a\x4c\xf5\x52\x2f\x19\
\x90\x81\x19\x19\x08\xfd\xa2\xb2\x38\x02\x04\x08\x10\x20\x40\x80\
\x00\x01\x02\x04\x08\xcc\x68\x84\x1c\x53\x83\x2d\x03\x32\x20\x03\
\x79\x32\xe0\x4d\x48\x80\x00\x01\x02\x04\x08\x10\x20\x40\x80\x00\
\x81\x14\x02\x1a\xcd\x3c\x8d\xa6\x5a\xa9\x95\x0c\xc8\xc0\xe8\x0c\
\xa4\x78\x51\x59\x24\x01\x02\x04\x08\x10\x20\x40\x80\x00\x01\x02\
\x04\x46\x37\x43\x8e\xa7\xc1\x96\x01\x19\x90\x81\x1c\x19\xf0\x06\
\x24\x40\x80\x00\x01\x02\x04\x08\x10\x20\x40\x80\x40\x2a\x01\xcd\
\x66\x8e\x66\x53\x9d\xd4\x49\x06\x64\x60\x64\x06\x52\xbd\xa8\x2c\
\x96\x00\x01\x02\x04\x08\x10\x20\x40\x80\x00\x01\x02\x23\x1b\x22\
\xc7\xd2\x60\xcb\x80\x0c\xc8\x40\xfc\x0c\x78\xf3\x11\x20\x40\x80\
\x00\x01\x02\x04\x08\x10\x20\x40\x20\xa5\x80\x86\x33\x7e\xc3\xa9\
\x46\x6a\x24\x03\x32\x30\x22\x03\x29\x5f\x52\x16\x4d\x80\x00\x01\
\x02\x04\x08\x10\x20\x40\x80\x00\x81\x87\xc0\x88\xc6\xc8\x31\x34\
\xd8\x32\x20\x03\x32\x10\x3b\x03\x8f\x67\xbe\x7f\x09\x10\x20\x40\
\x80\x00\x01\x02\x04\x08\x10\x20\x90\x52\x40\xd3\x19\xbb\xe9\x54\
\x1f\xf5\x91\x01\x19\xb8\x9b\x81\x94\x2f\x27\x8b\x26\x40\x80\x00\
\x01\x02\x04\x08\x10\x20\x40\x80\xc0\xb3\xc0\xdd\xe6\xc8\xf7\x35\
\xd8\x32\x20\x03\x32\x10\x37\x03\xcf\xcf\x7c\x3f\x13\x20\x40\x80\
\x00\x01\x02\x04\x08\x10\x20\x40\x20\xa5\x80\xc6\x33\x6e\xe3\xa9\
\x36\x6a\x23\x03\x32\x70\x27\x03\x29\x5f\x4a\x16\x4d\x80\x00\x01\
\x02\x04\x08\x10\x20\x40\x80\x00\x81\x77\x02\x77\x1a\x24\xdf\xd5\
\x60\xcb\x80\x0c\xc8\x40\xbc\x0c\xbc\x7b\xde\xfb\x3d\x01\x02\x04\
\x08\x10\x20\x40\x80\x00\x01\x02\x04\x52\x0b\x68\x40\xe3\x35\xa0\
\x6a\xa2\x26\x32\x20\x03\x57\x33\x90\xfa\x85\x64\xf1\x04\x08\x10\
\x20\x40\x80\x00\x01\x02\x04\x08\x10\x78\x27\x70\xb5\x49\xf2\x3d\
\x0d\xb6\x0c\xc8\x80\x0c\xc4\xca\xc0\xbb\xe7\xbc\xdf\x13\x20\x40\
\x80\x00\x01\x02\x04\x08\x10\x20\x40\xa0\x84\x80\x15\x87\x68\xef\
\x00\x00\x20\x00\x49\x44\x41\x54\x26\x34\x56\x13\xaa\x1e\xea\x21\
\x03\x32\x70\x25\x03\x25\x5e\x48\x2e\x82\x00\x01\x02\x04\x08\x10\
\x20\x40\x80\x00\x01\x02\xef\x04\xae\x34\x4a\xbe\xa3\xc1\x96\x01\
\x19\x90\x81\x38\x19\x78\xf7\x7c\xf7\x7b\x02\x04\x08\x10\x20\x40\
\x80\x00\x01\x02\x04\x08\x94\x12\xd0\x88\xc6\x69\x44\xd5\x42\x2d\
\x64\x40\x06\xce\x66\xa0\xd4\x0b\xc9\xc5\x10\x20\x40\x80\x00\x01\
\x02\x04\x08\x10\x20\x40\xe0\x9d\xc0\xd9\x66\xc9\xe7\x35\xd8\x32\
\x20\x03\x32\x10\x23\x03\xef\x9e\xeb\x7e\x4f\x80\x00\x01\x02\x04\
\x08\x10\x20\x40\x80\x00\x81\x92\x02\x9a\xd1\x18\xcd\xa8\x3a\xa8\
\x83\x0c\xc8\xc0\x99\x0c\x94\x7c\x21\xb9\x28\x02\x04\x08\x10\x20\
\x40\x80\x00\x01\x02\x04\x08\xbc\x13\x38\xd3\x30\xf9\xac\x06\x5b\
\x06\x64\x40\x06\xf6\x67\xe0\xdd\xf3\xdc\xef\x09\x10\x20\x40\x80\
\x00\x01\x02\x04\x08\x10\x20\x50\x5a\x40\x43\xba\xbf\x21\x55\x03\
\x35\x90\x01\x19\x38\x92\x81\xd2\x2f\x23\x17\x47\x80\x00\x01\x02\
\x04\x08\x10\x20\x40\x80\x00\x81\x6f\x02\x47\x1a\x27\x9f\xd1\x60\
\xcb\x80\x0c\xc8\xc0\xde\x0c\x7c\x7b\x96\xfb\x3b\x01\x02\x04\x08\
\x10\x20\x40\x80\x00\x01\x02\x04\x4a\x0b\x68\x4a\xf7\x36\xa5\xfc\
\xf9\xcb\x80\x0c\x7c\xcb\x40\xe9\x97\x90\x8b\x23\x40\x80\x00\x01\
\x02\x04\x08\x10\x20\x40\x80\xc0\x51\x81\x6f\xcd\x93\xbf\x6b\xb0\
\x65\x40\x06\x64\x60\x5f\x06\x8e\x3e\xcb\x7d\x8e\x00\x01\x02\x04\
\x08\x10\x20\x40\x80\x00\x01\x02\xa5\x05\x34\xa6\xfb\x1a\x53\xf6\
\xec\x65\x40\x06\x3e\x65\xa0\xf4\xcb\xc7\xc5\x11\x20\x40\x80\x00\
\x01\x02\x04\x08\x10\x20\x40\xe0\xac\xc0\xa7\x06\xca\xdf\x34\xd8\
\x32\x20\x03\x32\xb0\x3e\x03\x67\x9f\xe3\x3e\x4f\x80\x00\x01\x02\
\x04\x08\x10\x20\x40\x80\x00\x81\x16\x02\x1a\xd4\xf5\x0d\x2a\x73\
\xe6\x32\x20\x03\xef\x32\xd0\xe2\xc5\xe3\x22\x09\x10\x20\x40\x80\
\x00\x01\x02\x04\x08\x10\x20\x70\x56\xe0\x5d\x13\xe5\xf7\x1a\x6c\
\x19\x90\x01\x19\x58\x9b\x81\xb3\xcf\x6f\x9f\x27\x40\x80\x00\x01\
\x02\x04\x08\x10\x20\x40\x80\x40\x2b\x01\x4d\xea\xda\x26\x95\x37\
\x6f\x19\x90\x81\x57\x19\x68\xf5\xe2\x71\xb1\x04\x08\x10\x20\x40\
\x80\x00\x01\x02\x04\x08\x10\x38\x2b\xf0\xaa\x91\xf2\x3b\x0d\xb6\
\x0c\xc8\x80\x0c\xac\xcb\xc0\xd9\xe7\xb6\xcf\x13\x20\x40\x80\x00\
\x01\x02\x04\x08\x10\x20\x40\xa0\xa5\x80\x46\x75\x5d\xa3\xca\x9a\
\xb5\x0c\xc8\xc0\xcf\x0c\xb4\x7c\xe9\xb8\x68\x02\x04\x08\x10\x20\
\x40\x80\x00\x01\x02\x04\x08\x5c\x11\xf8\xd9\x4c\xf9\xbf\xe6\x5a\
\x06\x64\x40\x06\xd6\x65\xe0\xca\x33\xdb\x77\x08\x10\x20\x40\x80\
\x00\x01\x02\x04\x08\x10\x20\xd0\x56\x40\xc3\xba\xae\x61\x65\xcd\
\x5a\x06\x64\xe0\x77\x06\xda\xbe\x70\x5c\x38\x01\x02\x04\x08\x10\
\x20\x40\x80\x00\x01\x02\x04\xae\x0a\x68\xa8\x35\xd4\x32\x20\x03\
\x32\xb0\x36\x03\x57\x9f\xd7\xbe\x47\x80\x00\x01\x02\x04\x08\x10\
\x20\x40\x80\x00\x81\xd6\x02\x9a\xd7\xb5\xcd\x2b\x6f\xde\x32\xd0\
\x37\x03\xad\x5f\x36\x2e\x9e\x00\x01\x02\x04\x08\x10\x20\x40\x80\
\x00\x01\x02\x77\x05\x34\xd4\x7d\x1b\x6a\xb5\x57\x7b\x19\x58\x97\
\x81\xbb\xcf\x6a\xdf\x27\x40\x80\x00\x01\x02\x04\x08\x10\x20\x40\
\x80\x40\x6b\x01\x0d\xec\xba\x06\x96\x35\x6b\x19\xe8\x99\x81\xd6\
\x2f\x19\x17\x4f\x80\x00\x01\x02\x04\x08\x10\x20\x40\x80\x00\x81\
\x51\x02\x9a\xea\x9e\x4d\xb5\xba\xab\xbb\x0c\xcc\xcf\xc0\xa8\xe7\
\xb4\xe3\x10\x20\x40\x80\x00\x01\x02\x04\x08\x10\x20\x40\xa0\xbd\
\x80\x26\x76\x7e\x13\xcb\x98\xb1\x0c\xf4\xcc\x40\xfb\x17\x0c\x00\
\x02\x04\x08\x10\x20\x40\x80\x00\x01\x02\x04\x08\x8c\x14\xd0\x5c\
\xf7\x6c\xae\xd5\x5d\xdd\x65\x60\x5e\x06\x46\x3e\xa3\x1d\x8b\x00\
\x01\x02\x04\x08\x10\x20\x40\x80\x00\x01\x02\x04\xfe\x15\xd0\xc8\
\xce\x6b\x64\xd9\xb2\x95\x81\x7e\x19\xf0\x72\x21\x40\x80\x00\x01\
\x02\x04\x08\x10\x20\x40\x80\x00\x81\x09\x02\x1a\xec\x7e\x0d\xb6\
\x9a\xab\xb9\x0c\xcc\xc9\xc0\x84\x47\xb4\x43\x12\x20\x40\x80\x00\
\x01\x02\x04\x08\x10\x20\x40\x80\xc0\x43\x40\x33\x3b\xa7\x99\xe5\
\xca\x55\x06\x7a\x65\xe0\xf1\x4c\xf5\x2f\x01\x02\x04\x08\x10\x20\
\x40\x80\x00\x01\x02\x04\x08\x4c\x10\xd0\x64\xf7\x6a\xb2\xd5\x5b\
\xbd\x65\x60\x7c\x06\x26\x3c\x9a\x1d\x92\x00\x01\x02\x04\x08\x10\
\x20\x40\x80\x00\x01\x02\x04\x9e\x05\x34\xb4\xe3\x1b\x5a\xa6\x4c\
\x65\xa0\x47\x06\x9e\x9f\xa7\x7e\x26\x40\x80\x00\x01\x02\x04\x08\
\x10\x20\x40\x80\x00\x81\x49\x02\x1a\xed\x1e\x8d\xb6\x3a\xab\xb3\
\x0c\x8c\xcf\xc0\xa4\xc7\xb2\xc3\x12\x20\x40\x80\x00\x01\x02\x04\
\x08\x10\x20\x40\x80\xc0\x2b\x01\x8d\xed\xf8\xc6\x96\x29\x53\x19\
\xa8\x9d\x81\x57\xcf\x52\xbf\x23\x40\x80\x00\x01\x02\x04\x08\x10\
\x20\x40\x80\x00\x81\xc9\x02\x9a\xed\xda\xcd\xb6\xfa\xaa\xaf\x0c\
\x8c\xcd\xc0\xe4\x47\xb2\xc3\x13\x20\x40\x80\x00\x01\x02\x04\x08\
\x10\x20\x40\x80\xc0\x2b\x01\xcd\xed\xd8\xe6\x96\x27\x4f\x19\xa8\
\x9b\x81\x57\xcf\x50\xbf\x23\x40\x80\x00\x01\x02\x04\x08\x10\x20\
\x40\x80\x00\x81\x45\x02\x1a\xee\xba\x0d\xb7\xda\xaa\xad\x0c\x8c\
\xcb\xc0\xa2\x47\xb2\xd3\x10\x20\x40\x80\x00\x01\x02\x04\x08\x10\
\x20\x40\x80\xc0\x2b\x01\x0d\xee\xb8\x06\x97\x25\x4b\x19\xa8\x99\
\x81\x57\xcf\x4e\xbf\x23\x40\x80\x00\x01\x02\x04\x08\x10\x20\x40\
\x80\x00\x81\xc5\x02\x9a\xee\x9a\x4d\xb7\xba\xaa\xab\x0c\xdc\xcf\
\xc0\xe2\xc7\xb1\xd3\x11\x20\x40\x80\x00\x01\x02\x04\x08\x10\x20\
\x40\x80\xc0\x27\x01\x8d\xee\xfd\x46\x97\x21\x43\x19\xa8\x97\x81\
\x4f\xcf\x4d\x7f\x23\x40\x80\x00\x01\x02\x04\x08\x10\x20\x40\x80\
\x00\x81\xc5\x02\x1a\xef\x7a\x8d\xb7\x9a\xaa\xa9\x0c\xdc\xcb\xc0\
\xe2\xc7\xb0\xd3\x11\x20\x40\x80\x00\x01\x02\x04\x08\x10\x20\x40\
\x80\xc0\x11\x01\xcd\xee\xbd\x66\x97\x1f\x3f\x19\xa8\x95\x81\x23\
\xcf\x4d\x9f\x21\x40\x80\x00\x01\x02\x04\x08\x10\x20\x40\x80\x00\
\x81\xc5\x02\x9a\xef\x5a\xcd\xb7\x7a\xaa\xa7\x0c\x5c\xcf\xc0\xe2\
\xc7\xaf\xd3\x11\x20\x40\x80\x00\x01\x02\x04\x08\x10\x20\x40\x80\
\xc0\x19\x01\x0d\xef\xf5\x86\x97\x1d\x3b\x19\xa8\x93\x81\x33\xcf\
\x4d\x9f\x25\x40\x80\x00\x01\x02\x04\x08\x10\x20\x40\x80\x00\x81\
\xc5\x02\x1a\xf0\x3a\x0d\xb8\x5a\xaa\xa5\x0c\x5c\xcb\xc0\xe2\xc7\
\xae\xd3\x11\x20\x40\x80\x00\x01\x02\x04\x08\x10\x20\x40\x80\xc0\
\x15\x01\x4d\xef\xb5\xa6\x97\x1b\x37\x19\xa8\x91\x81\x2b\xcf\x4d\
\xdf\x21\x40\x80\x00\x01\x02\x04\x08\x10\x20\x40\x80\x00\x81\xc5\
\x02\x9a\xf0\x1a\x4d\xb8\x3a\xaa\xa3\x0c\x9c\xcf\xc0\xe2\xc7\xad\
\xd3\x11\x20\x40\x80\x00\x01\x02\x04\x08\x10\x20\x40\x80\xc0\x1d\
\x01\x8d\xef\xf9\xc6\x97\x19\x33\x19\xc8\x9d\x81\x3b\xcf\x4c\xdf\
\x25\x40\x80\x00\x01\x02\x04\x08\x10\x20\x40\x80\x00\x81\x4d\x02\
\x9a\xf1\xdc\xcd\xb8\xfa\xa9\x9f\x0c\x9c\xcb\xc0\xa6\x47\xad\xd3\
\x12\x20\x40\x80\x00\x01\x02\x04\x08\x10\x20\x40\x80\xc0\x1d\x01\
\xcd\xef\xb9\xe6\x97\x17\x2f\x19\xc8\x9b\x81\x3b\xcf\x4a\xdf\x25\
\x40\x80\x00\x01\x02\x04\x08\x10\x20\x40\x80\x00\x81\xcd\x02\x1a\
\xf2\xbc\x0d\xb9\xda\xa9\x9d\x0c\x1c\xcf\xc0\xe6\x47\xad\xd3\x13\
\x20\x40\x80\x00\x01\x02\x04\x08\x10\x20\x40\x80\xc0\x1d\x01\x0d\
\xf0\xf1\x06\x98\x15\x2b\x19\xc8\x99\x81\x3b\xcf\x48\xdf\x25\x40\
\x80\x00\x01\x02\x04\x08\x10\x20\x40\x80\x00\x81\x20\x02\x9a\xf2\
\x9c\x4d\xb9\xba\xa9\x9b\x0c\x7c\xcf\x40\x90\xc7\xac\x65\x10\x20\
\x40\x80\x00\x01\x02\x04\x08\x10\x20\x40\x80\xc0\x08\x01\x8d\xf0\
\xf7\x46\x98\x11\x23\x19\xc8\x97\x81\x11\xcf\x47\xc7\x20\x40\x80\
\x00\x01\x02\x04\x08\x10\x20\x40\x80\x00\x81\x20\x02\x1a\xf3\x7c\
\x8d\xb9\x9a\xa9\x99\x0c\x7c\xce\x40\x90\xc7\xab\x65\x10\x20\x40\
\x80\x00\x01\x02\x04\x08\x10\x20\x40\x80\xc0\x48\x01\xcd\xf0\xe7\
\x66\x98\x0f\x1f\x19\xc8\x95\x81\x91\xcf\x47\xc7\x22\x40\x80\x00\
\x01\x02\x04\x08\x10\x20\x40\x80\x00\x81\x20\x02\x9a\xf3\x5c\xcd\
\xb9\x7a\xa9\x97\x0c\xbc\xcf\x40\x90\xc7\xaa\x65\x10\x20\x40\x80\
\x00\x01\x02\x04\x08\x10\x20\x40\x80\xc0\x0c\x01\x0d\xf1\xfb\x86\
\x98\x0d\x1b\x19\xc8\x93\x81\x19\xcf\x47\xc7\x24\x40\x80\x00\x01\
\x02\x04\x08\x10\x20\x40\x80\x00\x81\x20\x02\x1a\xf4\x3c\x0d\xba\
\x5a\xa9\x95\x0c\xbc\xce\x40\x90\xc7\xa9\x65\x10\x20\x40\x80\x00\
\x01\x02\x04\x08\x10\x20\x40\x80\xc0\x4c\x01\x4d\xf1\xeb\xa6\x98\
\x0b\x17\x19\xc8\x91\x81\x99\xcf\x47\xc7\x26\x40\x80\x00\x01\x02\
\x04\x08\x10\x20\x40\x80\x00\x81\x40\x02\x1a\xf5\x1c\x8d\xba\x3a\
\xa9\x93\x0c\xfc\x9d\x81\x40\x8f\x51\x4b\x21\x40\x80\x00\x01\x02\
\x04\x08\x10\x20\x40\x80\x00\x81\xd9\x02\x9a\xe2\xbf\x9b\x62\x1e\
\x3c\x64\x20\x7e\x06\x66\x3f\x17\x1d\x9f\x00\x01\x02\x04\x08\x10\
\x20\x40\x80\x00\x01\x02\x04\x02\x0a\x68\xd8\xe3\x37\xec\x6a\xa4\
\x46\x32\xf0\x27\x03\x01\x1f\xa3\x96\x44\x80\x00\x01\x02\x04\x08\
\x10\x20\x40\x80\x00\x01\x02\xb3\x05\x34\xc6\x7f\x1a\x63\x16\x2c\
\x64\x20\x76\x06\x66\x3f\x0f\x1d\x9f\x00\x01\x02\x04\x08\x10\x20\
\x40\x80\x00\x01\x02\x04\x02\x0b\x68\xda\x63\x37\xed\xea\xa3\x3e\
\x32\xf0\x4f\x06\x02\x3f\x46\x2d\x8d\x00\x01\x02\x04\x08\x10\x20\
\x40\x80\x00\x01\x02\x04\x66\x0b\x68\x8e\x0d\x48\x64\x40\x06\xa2\
\x67\x60\xf6\x73\xd0\xf1\x09\x10\x20\x40\x80\x00\x01\x02\x04\x08\
\x10\x20\x40\x20\x81\x40\xf4\xe6\xd5\xfa\x0c\x58\x64\xa0\x6f\x06\
\x12\x3c\x42\x2d\x91\x00\x01\x02\x04\x08\x10\x20\x40\x80\x00\x01\
\x02\x04\x56\x09\x18\x10\xf4\x1d\x10\xa8\xbd\xda\x47\xce\xc0\xaa\
\x67\xa0\xf3\x10\x20\x40\x80\x00\x01\x02\x04\x08\x10\x20\x40\x80\
\x40\x02\x81\xc8\x0d\xac\xb5\x19\xb0\xc8\x40\xcf\x0c\x24\x78\x74\
\x5a\x22\x01\x02\x04\x08\x10\x20\x40\x80\x00\x01\x02\x04\x08\xac\
\x16\x30\x24\xe8\x39\x24\x50\x77\x75\x8f\x9a\x81\xd5\xcf\x40\xe7\
\x23\x40\x80\x00\x01\x02\x04\x08\x10\x20\x40\x80\x00\x81\x04\x02\
\x51\x9b\x58\xeb\x32\x60\x91\x81\x7e\x19\x48\xf0\xc8\xb4\x44\x02\
\x04\x08\x10\x20\x40\x80\x00\x01\x02\x04\x08\x10\xd8\x25\x60\x50\
\xd0\x6f\x50\xa0\xe6\x6a\x1e\x31\x03\xbb\x9e\x81\xce\x4b\x80\x00\
\x01\x02\x04\x08\x10\x20\x40\x80\x00\x01\x02\x49\x04\x22\x36\xb3\
\xd6\x64\xc8\x22\x03\x7d\x32\x90\xe4\x51\x69\x99\x04\x08\x10\x20\
\x40\x80\x00\x01\x02\x04\x08\x10\x20\xb0\x53\xc0\xa0\xa0\xcf\xa0\
\x40\xad\xd5\x3a\x5a\x06\x76\x3e\xfb\x9c\x9b\x00\x01\x02\x04\x08\
\x10\x20\x40\x80\x00\x01\x02\x04\x92\x09\x44\x6b\x6a\xad\xc7\xa0\
\x45\x06\x7a\x64\x20\xd9\xa3\xd2\x72\x09\x10\x20\x40\x80\x00\x01\
\x02\x04\x08\x10\x20\x40\x60\xa7\x80\x61\x41\x8f\x61\x81\x3a\xab\
\x73\xa4\x0c\xec\x7c\xe6\x39\x37\x01\x02\x04\x08\x10\x20\x40\x80\
\x00\x01\x02\x04\x08\x24\x15\x88\xd4\xd8\x5a\x8b\x41\x8b\x0c\xd4\
\xcf\x40\xd2\x47\xa5\x65\x13\x20\x40\x80\x00\x01\x02\x04\x08\x10\
\x20\x40\x80\xc0\x4e\x01\x03\x83\xfa\x03\x03\x35\x56\xe3\x28\x19\
\xd8\xf9\xac\x73\x6e\x02\x04\x08\x10\x20\x40\x80\x00\x01\x02\x04\
\x08\x10\x48\x2e\x10\xa5\xb9\xb5\x0e\x83\x16\x19\xa8\x9b\x81\xe4\
\x8f\x49\xcb\x27\x40\x80\x00\x01\x02\x04\x08\x10\x20\x40\x80\x00\
\x81\xdd\x02\x86\x06\x75\x87\x06\x6a\xab\xb6\x51\x32\xb0\xfb\x39\
\xe7\xfc\x04\x08\x10\x20\x40\x80\x00\x01\x02\x04\x08\x10\x20\x50\
\x40\x20\x4a\x93\x6b\x1d\x06\x2e\x32\x50\x2f\x03\x05\x1e\x91\x2e\
\x81\x00\x01\x02\x04\x08\x10\x20\x40\x80\x00\x01\x02\x04\xa2\x08\
\x18\x1c\xd4\x1b\x1c\xa8\xa9\x9a\x46\xc8\x40\x94\x67\x9c\x75\x10\
\x20\x40\x80\x00\x01\x02\x04\x08\x10\x20\x40\x80\x40\x01\x81\x08\
\x8d\xae\x35\x18\xb8\xc8\x40\xad\x0c\x14\x78\x34\xba\x04\x02\x04\
\x08\x10\x20\x40\x80\x00\x01\x02\x04\x08\x10\x88\x26\x60\x78\x50\
\x6b\x78\xa0\x9e\xea\xb9\x33\x03\xd1\x9e\x6f\xd6\x43\x80\x00\x01\
\x02\x04\x08\x10\x20\x40\x80\x00\x01\x02\x45\x04\x76\x36\xbb\xce\
\x6d\xd8\x22\x03\xb5\x32\x50\xe4\xb1\xe8\x32\x08\x10\x20\x40\x80\
\x00\x01\x02\x04\x08\x10\x20\x40\x20\xa2\x80\x21\x42\xad\x21\x82\
\x7a\xaa\xe7\x8e\x0c\x44\x7c\xb6\x59\x13\x01\x02\x04\x08\x10\x20\
\x40\x80\x00\x01\x02\x04\x08\x14\x12\xd8\xd1\xec\x3a\xa7\x21\x8b\
\x0c\xd4\xca\x40\xa1\x47\xa2\x4b\x21\x40\x80\x00\x01\x02\x04\x08\
\x10\x20\x40\x80\x00\x81\xa8\x02\x86\x09\xb5\x86\x09\xea\xa9\x9e\
\x2b\x33\x10\xf5\xb9\x66\x5d\x04\x08\x10\x20\x40\x80\x00\x01\x02\
\x04\x08\x10\x20\x50\x50\x60\x65\xc3\xeb\x5c\x06\x2c\x32\x50\x27\
\x03\x05\x1f\x87\x2e\x89\x00\x01\x02\x04\x08\x10\x20\x40\x80\x00\
\x01\x02\x04\xa2\x0a\x18\x28\xd4\x19\x28\xa8\xa5\x5a\xae\xca\x40\
\xd4\xe7\x99\x75\x11\x20\x40\x80\x00\x01\x02\x04\x08\x10\x20\x40\
\x80\x40\x61\x81\x55\x4d\xaf\xf3\x18\xb0\xc8\x40\x8d\x0c\x14\x7e\
\x1c\xba\x34\x02\x04\x08\x10\x20\x40\x80\x00\x01\x02\x04\x08\x10\
\x88\x2a\x60\xa8\x50\x63\xa8\xa0\x8e\xea\xb8\x22\x03\x51\x9f\x63\
\xd6\x45\x80\x00\x01\x02\x04\x08\x10\x20\x40\x80\x00\x01\x02\x0d\
\x04\x56\x34\xbe\xce\x61\xc0\x22\x03\xb9\x33\xd0\xe0\x51\xe8\x12\
\x09\x10\x20\x40\x80\x00\x01\x02\x04\x08\x10\x20\x40\x20\xba\x80\
\xe1\x42\xee\xe1\x82\xfa\xa9\xdf\xec\x0c\x44\x7f\x86\x59\x1f\x01\
\x02\x04\x08\x10\x20\x40\x80\x00\x01\x02\x04\x08\x34\x10\x98\xdd\
\xfc\x3a\xbe\x01\x8b\x0c\xe4\xcd\x40\x83\x47\xa0\x4b\x24\x40\x80\
\x00\x01\x02\x04\x08\x10\x20\x40\x80\x00\x81\x2c\x02\x06\x0c\x79\
\x07\x0c\x6a\xa7\x76\x33\x33\x90\xe5\x19\x66\x9d\x04\x08\x10\x20\
\x40\x80\x00\x01\x02\x04\x08\x10\x20\xd0\x40\x60\x66\x03\xec\xd8\
\x06\x2c\x32\x90\x33\x03\x0d\x1e\x7d\x2e\x91\x00\x01\x02\x04\x08\
\x10\x20\x40\x80\x00\x01\x02\x04\xb2\x09\x18\x32\xe4\x1c\x32\xa8\
\x9b\xba\xcd\xc8\x40\xb6\xe7\x97\xf5\x12\x20\x40\x80\x00\x01\x02\
\x04\x08\x10\x20\x40\x80\x40\x13\x81\x19\x4d\xb0\x63\x1a\xae\xc8\
\x40\xce\x0c\x34\x79\xec\xb9\x4c\x02\x04\x08\x10\x20\x40\x80\x00\
\x01\x02\x04\x08\x10\xc8\x28\x60\xd8\x90\x73\xd8\xa0\x6e\xea\x36\
\x32\x03\x19\x9f\x5d\xd6\x4c\x80\x00\x01\x02\x04\x08\x10\x20\x40\
\x80\x00\x01\x02\x8d\x04\x46\x36\xc1\x8e\x65\xa8\x22\x03\x39\x33\
\xd0\xe8\x91\xe7\x52\x09\x10\x20\x40\x80\x00\x01\x02\x04\x08\x10\
\x20\x40\x20\xab\x80\xa1\x43\xce\xa1\x83\xba\xa9\xdb\x88\x0c\x64\
\x7d\x6e\x59\x37\x01\x02\x04\x08\x10\x20\x40\x80\x00\x01\x02\x04\
\x08\x34\x14\x18\xd1\x08\x3b\x86\x81\x8a\x0c\xe4\xcb\x40\xc3\xc7\
\x9d\x4b\x26\x40\x80\x00\x01\x02\x04\x08\x10\x20\x40\x80\x00\x81\
\xac\x02\x06\x0f\xf9\x06\x0f\x6a\xa6\x66\x77\x33\x90\xf5\x79\x65\
\xdd\x04\x08\x10\x20\x40\x80\x00\x01\x02\x04\x08\x10\x20\xd0\x58\
\xe0\x6e\x33\xec\xfb\x06\x2a\x32\x90\x2b\x03\x8d\x1f\x77\x2e\x9d\
\x00\x01\x02\x04\x08\x10\x20\x40\x80\x00\x01\x02\x04\xb2\x0a\x18\
\x3e\xe4\x1a\x3e\xa8\x97\x7a\xdd\xc9\x40\xd6\xe7\x94\x75\x13\x20\
\x40\x80\x00\x01\x02\x04\x08\x10\x20\x40\x80\x00\x81\x5f\x77\x1a\
\x62\xdf\x35\x50\x91\x81\x1c\x19\xf0\xa8\x23\x40\x80\x00\x01\x02\
\x04\x08\x10\x20\x40\x80\x00\x01\x02\xe9\x05\x0c\x21\x72\x0c\x21\
\xd4\x49\x9d\xae\x66\x20\xfd\x43\xca\x05\x10\x20\x40\x80\x00\x01\
\x02\x04\x08\x10\x20\x40\x80\x00\x81\xab\x4d\xb1\xef\x19\xa8\xc8\
\x40\xfc\x0c\x78\xc2\x11\x20\x40\x80\x00\x01\x02\x04\x08\x10\x20\
\x40\x80\x00\x81\x32\x02\x06\x11\xf1\x07\x11\x6a\xa4\x46\x57\x32\
\x50\xe6\x21\xe5\x42\x08\x10\x20\x40\x80\x00\x01\x02\x04\x08\x10\
\x20\x40\x80\xc0\x95\xc6\xd8\x77\x0c\x54\x64\x20\x76\x06\x3c\xd9\
\x08\x10\x20\x40\x80\x00\x01\x02\x04\x08\x10\x20\x40\x80\x40\x39\
\x01\xc3\x88\xd8\xc3\x08\xf5\x51\x9f\x33\x19\x28\xf7\x80\x72\x41\
\x04\x08\x10\x20\x40\x80\x00\x01\x02\x04\x08\x10\x20\x40\xe0\xb7\
\xc0\x99\xe6\xd8\x67\x0d\x53\x64\x20\x76\x06\x3c\xd5\x08\x10\x20\
\x40\x80\x00\x01\x02\x04\x08\x10\x20\x40\x80\x40\x59\x01\x43\x89\
\xd8\x43\x09\xf5\x51\x9f\x23\x19\x28\xfb\x80\x72\x61\x04\x08\x10\
\x20\x40\x80\x00\x01\x02\x04\x08\x10\x20\x40\xe0\x21\x70\xa4\x41\
\xf6\x19\x83\x14\x19\x88\x9b\x81\xc7\xbd\xec\x5f\x02\x04\x08\x10\
\x20\x40\x80\x00\x01\x02\x04\x08\x10\x20\x50\x56\xc0\x60\x22\xee\
\x60\x42\x6d\xd4\xe6\x5b\x06\xca\x3e\x98\x5c\x18\x01\x02\x04\x08\
\x10\x20\x40\x80\x00\x01\x02\x04\x08\x10\x78\x16\xf8\xd6\x24\xfb\
\xbb\x41\x8a\x0c\xc4\xcc\xc0\xf3\xbd\xec\x67\x02\x04\x08\x10\x20\
\x40\x80\x00\x01\x02\x04\x08\x10\x20\x50\x56\xc0\x70\x22\xe6\x70\
\x42\x5d\xd4\xe5\x53\x06\xca\x3e\x90\x5c\x18\x01\x02\x04\x08\x10\
\x20\x40\x80\x00\x01\x02\x04\x08\x10\x78\x27\xf0\xa9\x51\xf6\x37\
\x83\x14\x19\x88\x97\x81\x77\xf7\xb2\xdf\x13\x20\x40\x80\x00\x01\
\x02\x04\x08\x10\x20\x40\x80\x00\x81\xd2\x02\x86\x14\xf1\x86\x14\
\x6a\xa2\x26\xaf\x32\x50\xfa\x41\xe4\xe2\x08\x10\x20\x40\x80\x00\
\x01\x02\x04\x08\x10\x20\x40\x80\xc0\x27\x81\x57\x8d\xb2\xdf\x19\
\xa0\xc8\x40\xac\x0c\x7c\xba\x87\xfd\x8d\x00\x01\x02\x04\x08\x10\
\x20\x40\x80\x00\x01\x02\x04\x08\xb4\x10\x30\xac\x88\x35\xac\x50\
\x0f\xf5\x78\xce\x40\x8b\x07\x91\x8b\x24\x40\x80\x00\x01\x02\x04\
\x08\x10\x20\x40\x80\x00\x01\x02\x9f\x04\x9e\x9b\x65\x3f\x1b\xa0\
\xc8\x40\x9c\x0c\x7c\xba\x77\xfd\x8d\x00\x01\x02\x04\x08\x10\x20\
\x40\x80\x00\x01\x02\x04\x08\xb4\x12\x30\xb0\x88\x33\xb0\x50\x0b\
\xb5\xf8\x99\x81\x56\x0f\x22\x17\x4b\x80\x00\x01\x02\x04\x08\x10\
\x20\x40\x80\x00\x01\x02\x04\x3e\x09\xfc\x6c\x98\xfd\xdf\x00\x45\
\x06\x62\x64\xe0\xd3\x3d\xeb\x6f\x04\x08\x10\x20\x40\x80\x00\x01\
\x02\x04\x08\x10\x20\x40\xa0\xa5\x80\xa1\x45\x8c\xa1\x85\x3a\xa8\
\xc3\x23\x03\x2d\x1f\x44\x2e\x9a\x00\x01\x02\x04\x08\x10\x20\x40\
\x80\x00\x01\x02\x04\x08\x7c\x13\x78\x34\xce\xfe\x35\x44\x91\x81\
\xbd\x19\xf8\x76\xaf\xfa\x3b\x01\x02\x04\x08\x10\x20\x40\x80\x00\
\x01\x02\x04\x08\x10\x68\x2b\x60\x68\xb1\x77\x68\xc1\x9f\xff\xef\
\x0c\xb4\x7d\x00\xb9\x70\x02\x04\x08\x10\x20\x40\x80\x00\x01\x02\
\x04\x08\x10\x20\x70\x54\xc0\x10\xc5\x10\x45\x06\xf6\x66\xe0\xe8\
\xbd\xea\x73\x04\x08\x10\x20\x40\x80\x00\x01\x02\x04\x08\x10\x20\
\x40\xa0\xad\x80\xe1\xc5\xde\xe1\x05\xff\xde\xfe\x6d\x1f\x3c\x2e\
\x9c\x00\x01\x02\x04\x08\x10\x20\x40\x80\x00\x01\x02\x04\x08\x9c\
\x15\x30\x44\xe9\x3d\x44\x51\xff\x7d\xf5\x3f\x7b\xaf\xfa\x3c\x01\
\x02\x04\x08\x10\x20\x40\x80\x00\x01\x02\x04\x08\x10\x68\x2b\x60\
\x80\xb1\x6f\x80\xc1\xbe\xaf\x7d\xdb\x07\x8e\x0b\x27\x40\x80\x00\
\x01\x02\x04\x08\x10\x20\x40\x80\x00\x01\x02\x57\x05\x0c\x52\xfa\
\x0e\x52\xd4\x7e\x7d\xed\xaf\xde\xa7\xbe\x47\x80\x00\x01\x02\x04\
\x08\x10\x20\x40\x80\x00\x01\x02\x04\xda\x0b\x18\x64\xac\x1f\x64\
\x30\xef\x69\xde\xfe\x61\x03\x80\x00\x01\x02\x04\x08\x10\x20\x40\
\x80\x00\x01\x02\x04\x08\x5c\x15\x30\x4c\xe9\x39\x4c\x51\xf7\xb5\
\x75\xbf\x7a\x7f\xfa\x1e\x01\x02\x04\x08\x10\x20\x40\x80\x00\x01\
\x02\x04\x08\x10\x20\xf0\xaf\x80\x61\xc6\xda\x61\x06\xef\x7e\xde\
\x1e\x36\x04\x08\x10\x20\x40\x80\x00\x01\x02\x04\x08\x10\x20\x40\
\x80\xc0\x4d\x01\x03\x95\x7e\x03\x15\x35\x5f\x57\xf3\x9b\xb7\xa7\
\xaf\x13\x20\x40\x80\x00\x01\x02\x04\x08\x10\x20\x40\x80\x00\x01\
\x02\x0f\x01\x03\x8d\x75\x03\x0d\xd6\x7d\xac\x1f\xf7\x97\x7f\x09\
\x10\x20\x40\x80\x00\x01\x02\x04\x08\x10\x20\x40\x80\x00\x81\x01\
\x02\x86\x2a\x7d\x86\x2a\x6a\xbd\xae\xd6\x03\x6e\x4d\x87\x20\x40\
\x80\x00\x01\x02\x04\x08\x10\x20\x40\x80\x00\x01\x02\x04\x7e\x0a\
\x18\x6c\xac\x1b\x6c\xb0\xae\x6f\xfd\xf3\xde\xf2\x7f\x02\x04\x08\
\x10\x20\x40\x80\x00\x01\x02\x04\x08\x10\x20\x40\x60\x90\x80\xa1\
\x4a\xfd\xa1\x8a\x1a\xaf\xab\xf1\xa0\xdb\xd2\x61\x08\x10\x20\x40\
\x80\x00\x01\x02\x04\x08\x10\x20\x40\x80\x00\x81\x67\x01\x03\x8e\
\x75\x03\x0e\xd6\x75\xad\x9f\xef\x2b\x3f\x13\x20\x40\x80\x00\x01\
\x02\x04\x08\x10\x20\x40\x80\x00\x01\x02\x83\x05\x0c\x56\xea\x0e\
\x56\xd4\x76\x4d\x6d\x07\xdf\x92\x0e\x47\x80\x00\x01\x02\x04\x08\
\x10\x20\x40\x80\x00\x01\x02\x04\x08\x3c\x0b\x18\x72\xac\x19\x72\
\x70\xae\xe9\xfc\x7c\x3f\xf9\x99\x00\x01\x02\x04\x08\x10\x20\x40\
\x80\x00\x01\x02\x04\x08\x10\x98\x24\x60\xb8\x52\x73\xb8\xa2\xae\
\xf3\xeb\x3a\xe9\x96\x74\x58\x02\x04\x08\x10\x20\x40\x80\x00\x01\
\x02\x04\x08\x10\x20\x40\xe0\x59\xc0\xa0\x63\xfe\xa0\x83\x71\x3d\
\xe3\xe7\xfb\xc8\xcf\x04\x08\x10\x20\x40\x80\x00\x01\x02\x04\x08\
\x10\x20\x40\x80\xc0\x64\x01\x03\x96\x7a\x03\x16\x35\x9d\x57\xd3\
\xc9\xb7\xa3\xc3\x13\x20\x40\x80\x00\x01\x02\x04\x08\x10\x20\x40\
\x80\x00\x01\x02\xef\x04\x0c\x3c\xe6\x0d\x3c\xd8\xd6\xb2\x7d\x77\
\x0f\xf9\x3d\x01\x02\x04\x08\x10\x20\x40\x80\x00\x01\x02\x04\x08\
\x10\x20\x30\x59\xc0\x90\xa5\xd6\x90\x45\x3d\xe7\xd4\x73\xf2\x6d\
\xe8\xf0\x04\x08\x10\x20\x40\x80\x00\x01\x02\x04\x08\x10\x20\x40\
\x80\xc0\x37\x01\x43\x8f\x39\x43\x0f\xae\x75\x5c\xbf\xdd\x43\xfe\
\x4e\x80\x00\x01\x02\x04\x08\x10\x20\x40\x80\x00\x01\x02\x04\x08\
\x4c\x16\x30\x68\xa9\x33\x68\x51\xcb\xf1\xb5\x9c\x7c\xfb\x39\x3c\
\x01\x02\x04\x08\x10\x20\x40\x80\x00\x01\x02\x04\x08\x10\x20\x70\
\x54\xc0\xe0\x63\xfc\xe0\x83\x69\x7e\xd3\xa3\xf7\x8f\xcf\x11\x20\
\x40\x80\x00\x01\x02\x04\x08\x10\x20\x40\x80\x00\x01\x02\x8b\x04\
\x0c\x5c\xf2\x0f\x5c\xd4\x70\x6c\x0d\x17\xdd\x7a\x4e\x43\x80\x00\
\x01\x02\x04\x08\x10\x20\x40\x80\x00\x01\x02\x04\x08\x1c\x15\x30\
\xfc\x18\x3b\xfc\xe0\x99\xdb\xf3\xe8\x7d\xe3\x73\x04\x08\x10\x20\
\x40\x80\x00\x01\x02\x04\x08\x10\x20\x40\x80\xc0\x42\x01\x03\x97\
\xdc\x03\x17\xf5\x1b\x5b\xbf\x85\xb7\x9e\x53\x11\x20\x40\x80\x00\
\x01\x02\x04\x08\x10\x20\x40\x80\x00\x01\x02\x67\x04\x0c\x41\xc6\
\x0e\x41\x78\xe6\xf4\x3c\x73\xcf\xf8\x2c\x01\x02\x04\x08\x10\x20\
\x40\x80\x00\x01\x02\x04\x08\x10\x20\xb0\x41\xc0\xd0\x25\xe7\xd0\
\x45\xdd\xc6\xd5\x6d\xc3\x6d\xe7\x94\x04\x08\x10\x20\x40\x80\x00\
\x01\x02\x04\x08\x10\x20\x40\x80\xc0\x19\x01\x83\x90\x71\x83\x10\
\x96\xf9\x2c\xcf\xdc\x2b\x3e\x4b\x80\x00\x01\x02\x04\x08\x10\x20\
\x40\x80\x00\x01\x02\x04\x08\x6c\x14\x30\x78\xc9\x37\x78\x51\xb3\
\xfb\x35\xdb\x78\xcb\x39\x35\x01\x02\x04\x08\x10\x20\x40\x80\x00\
\x01\x02\x04\x08\x10\x20\x70\x56\xc0\x30\xe4\xfe\x30\x84\x61\x3e\
\xc3\xb3\xf7\x89\xcf\x13\x20\x40\x80\x00\x01\x02\x04\x08\x10\x20\
\x40\x80\x00\x01\x02\x9b\x05\x0c\x60\xf2\x0d\x60\xd4\xec\x7a\xcd\
\x36\xdf\x6e\x4e\x4f\x80\x00\x01\x02\x04\x08\x10\x20\x40\x80\x00\
\x01\x02\x04\x08\x5c\x15\x30\x10\xb9\x3e\x10\x61\x97\xcb\xee\xea\
\x3d\xe2\x7b\x04\x08\x10\x20\x40\x80\x00\x01\x02\x04\x08\x10\x20\
\x40\x80\xc0\x66\x01\x43\x98\x5c\x43\x18\xf5\xba\x56\xaf\xcd\xb7\
\x99\xd3\x13\x20\x40\x80\x00\x01\x02\x04\x08\x10\x20\x40\x80\x00\
\x01\x02\x77\x05\x0c\x45\xae\x0d\x45\xb8\xe5\x71\xbb\x7b\x8f\xf8\
\x3e\x01\x02\x04\x08\x10\x20\x40\x80\x00\x01\x02\x04\x08\x10\x20\
\xb0\x59\xc0\x20\x26\xcf\x20\x46\xad\xce\xd7\x6a\xf3\xed\xe5\xf4\
\x04\x08\x10\x20\x40\x80\x00\x01\x02\x04\x08\x10\x20\x40\x80\xc0\
\x28\x01\x83\x91\xf3\x83\x11\x66\xf1\xcd\x46\xdd\x1f\x8e\x43\x80\
\x00\x01\x02\x04\x08\x10\x20\x40\x80\x00\x01\x02\x04\x08\x04\x10\
\x30\x8c\x89\x3f\x8c\x51\xa3\xf3\x35\x0a\x70\x6b\x59\x02\x01\x02\
\x04\x08\x10\x20\x40\x80\x00\x01\x02\x04\x08\x10\x20\x30\x52\xc0\
\x80\xe4\xfc\x80\x84\x59\x5c\xb3\x91\xf7\x86\x63\x11\x20\x40\x80\
\x00\x01\x02\x04\x08\x10\x20\x40\x80\x00\x01\x02\x81\x04\x0c\x64\
\xe2\x0e\x64\xd4\xe6\x5c\x6d\x02\xdd\x56\x96\x42\x80\x00\x01\x02\
\x04\x08\x10\x20\x40\x80\x00\x01\x02\x04\x08\x8c\x14\x30\x24\x39\
\x37\x24\xe1\x15\xd3\x6b\xe4\x3d\xe1\x58\x04\x08\x10\x20\x40\x80\
\x00\x01\x02\x04\x08\x10\x20\x40\x80\x40\x40\x01\x43\x99\x98\x43\
\x19\x75\x39\x5e\x97\x80\xb7\x95\x25\x11\x20\x40\x80\x00\x01\x02\
\x04\x08\x10\x20\x40\x80\x00\x01\x02\x23\x05\x0c\x4a\x8e\x0f\x4a\
\x58\xc5\xb3\x1a\x79\x2f\x38\x16\x01\x02\x04\x08\x10\x20\x40\x80\
\x00\x01\x02\x04\x08\x10\x20\x10\x58\xc0\x60\x26\xde\x60\x46\x4d\
\xbe\xd7\x24\xf0\x2d\x65\x69\x04\x08\x10\x20\x40\x80\x00\x01\x02\
\x04\x08\x10\x20\x40\x80\xc0\x0c\x01\x03\x93\xef\x03\x13\x46\xb1\
\x8c\x66\xdc\x07\x8e\x49\x80\x00\x01\x02\x04\x08\x10\x20\x40\x80\
\x00\x01\x02\x04\x08\x04\x16\x30\x9c\x89\x35\x9c\x51\x8f\xcf\xf5\
\x08\x7c\x2b\x59\x1a\x01\x02\x04\x08\x10\x20\x40\x80\x00\x01\x02\
\x04\x08\x10\x20\x30\x53\xc0\xd0\xe4\xf3\xd0\x84\x4f\x1c\x9f\x99\
\xf7\x81\x63\x13\x20\x40\x80\x00\x01\x02\x04\x08\x10\x20\x40\x80\
\x00\x01\x02\x81\x05\x0c\x68\xe2\x0c\x68\xd4\xe2\x7d\x2d\x02\xdf\
\x42\x96\x46\x80\x00\x01\x02\x04\x08\x10\x20\x40\x80\x00\x01\x02\
\x04\x08\xac\x10\x30\x38\x79\x3f\x38\x61\x13\xc3\x66\xc5\x7d\xe0\
\x1c\x04\x08\x10\x20\x40\x80\x00\x01\x02\x04\x08\x10\x20\x40\x80\
\x40\x70\x01\x83\x9a\x18\x83\x1a\x75\xf8\x6f\x1d\x82\xdf\x3a\x96\
\x47\x80\x00\x01\x02\x04\x08\x10\x20\x40\x80\x00\x01\x02\x04\x08\
\xac\x12\x30\x38\xf9\xef\xe0\x84\x49\x0c\x93\x55\xf7\x80\xf3\x10\
\x20\x40\x80\x00\x01\x02\x04\x08\x10\x20\x40\x80\x00\x01\x02\x09\
\x04\x0c\x6c\x62\x0c\x6c\xd4\xe1\x4f\x1d\x12\xdc\x36\x96\x48\x80\
\x00\x01\x02\x04\x08\x10\x20\x40\x80\x00\x01\x02\x04\x08\xac\x14\
\x30\x38\xf9\x33\x38\x61\xb1\xdf\x62\x65\xf6\x9d\x8b\x00\x01\x02\
\x04\x08\x10\x20\x40\x80\x00\x01\x02\x04\x08\x10\x48\x24\x60\x70\
\xb3\x7f\x70\xa3\x06\xff\xd4\x20\xd1\x6d\x63\xa9\x04\x08\x10\x20\
\x40\x80\x00\x01\x02\x04\x08\x10\x20\x40\x80\xc0\x4a\x01\xc3\x13\
\x03\xac\x08\x19\x58\x99\x79\xe7\x22\x40\x80\x00\x01\x02\x04\x08\
\x10\x20\x40\x80\x00\x01\x02\x04\x12\x0a\x44\x18\x60\x58\x43\xef\
\x41\x5a\xc2\xdb\xc6\x92\x09\x10\x20\x40\x80\x00\x01\x02\x04\x08\
\x10\x20\x40\x80\x00\x81\x95\x02\x86\x47\xbd\x87\x47\xbb\xeb\xbf\
\x32\xeb\xce\x45\x80\x00\x01\x02\x04\x08\x10\x20\x40\x80\x00\x01\
\x02\x04\x08\x24\x16\xd8\x3d\xc4\x70\xfe\x9e\x43\xb4\xc4\xb7\x8c\
\xa5\x13\x20\x40\x80\x00\x01\x02\x04\x08\x10\x20\x40\x80\x00\x01\
\x02\x3b\x04\x0c\x91\x7a\x0e\x91\x76\xd6\x7d\x47\xce\x9d\x93\x00\
\x01\x02\x04\x08\x10\x20\x40\x80\x00\x01\x02\x04\x08\x10\x48\x2c\
\xb0\x73\x90\xe1\xdc\xfd\x86\x67\x89\x6f\x15\x4b\x27\x40\x80\x00\
\x01\x02\x04\x08\x10\x20\x40\x80\x00\x01\x02\x04\x76\x0a\x18\x24\
\xf5\x1b\x24\xed\xaa\xf9\xce\x9c\x3b\x37\x01\x02\x04\x08\x10\x20\
\x40\x80\x00\x01\x02\x04\x08\x10\x20\x90\x58\x60\xd7\x30\xc3\x79\
\x7b\x0d\xce\x12\xdf\x22\x96\x4e\x80\x00\x01\x02\x04\x08\x10\x20\
\x40\x80\x00\x01\x02\x04\x08\x44\x10\x30\x4c\xea\x35\x4c\x5a\x5d\
\xef\x08\x19\xb7\x06\x02\x04\x08\x10\x20\x40\x80\x00\x01\x02\x04\
\x08\x10\x20\x40\xa0\x80\xc0\xea\xa1\x86\xf3\xf5\x19\x9a\x15\xb8\
\x3d\x5c\x02\x01\x02\x04\x08\x10\x20\x40\x80\x00\x01\x02\x04\x08\
\x10\x20\x10\x41\xc0\x40\xa9\xcf\x40\x69\x65\xad\x23\x64\xdb\x1a\
\x08\x10\x20\x40\x80\x00\x01\x02\x04\x08\x10\x20\x40\x80\x00\x81\
\x42\x02\x2b\x07\x1b\xce\xd5\x63\x60\x56\xe8\xf6\x70\x29\x04\x08\
\x10\x20\x40\x80\x00\x01\x02\x04\x08\x10\x20\x40\x80\x40\x04\x01\
\x43\xa5\x1e\x43\xa5\x55\x75\x8e\x90\x69\x6b\x20\x40\x80\x00\x01\
\x02\x04\x08\x10\x20\x40\x80\x00\x01\x02\x04\x0a\x0a\xac\x1a\x6e\
\x38\x4f\xfd\x61\x59\xc1\xdb\xc3\x25\x11\x20\x40\x80\x00\x01\x02\
\x04\x08\x10\x20\x40\x80\x00\x01\x02\x11\x04\x0c\x96\xea\x0f\x96\
\x56\xd4\x38\x42\x96\xad\x81\x00\x01\x02\x04\x08\x10\x20\x40\x80\
\x00\x01\x02\x04\x08\x10\x28\x2c\xb0\x62\xc0\xe1\x1c\xb5\x07\x65\
\x85\x6f\x0f\x97\x46\x80\x00\x01\x02\x04\x08\x10\x20\x40\x80\x00\
\x01\x02\x04\x08\x44\x10\x30\x5c\xaa\x3d\x5c\x9a\x5d\xdf\x08\x19\
\xb6\x06\x02\x04\x08\x10\x20\x40\x80\x00\x01\x02\x04\x08\x10\x20\
\x40\xa0\x81\xc0\xec\x21\x87\xe3\xd7\x1c\x92\x35\xb8\x35\x5c\x22\
\x01\x02\x04\x08\x10\x20\x40\x80\x00\x01\x02\x04\x08\x10\x20\x10\
\x49\xc0\x90\xa9\xe6\x90\x69\x66\x5d\x23\xe5\xd7\x5a\x08\x10\x20\
\x40\x80\x00\x01\x02\x04\x08\x10\x20\x40\x80\x00\x81\x06\x02\x33\
\x07\x1d\x8e\x5d\x6f\x38\xd6\xe0\x96\x70\x89\x04\x08\x10\x20\x40\
\x80\x00\x01\x02\x04\x08\x10\x20\x40\x80\x40\x44\x01\x83\xa6\x7a\
\x83\xa6\x59\x35\x8d\x98\x5f\x6b\x22\x40\x80\x00\x01\x02\x04\x08\
\x10\x20\x40\x80\x00\x01\x02\x04\x1a\x08\xcc\x1a\x76\x38\x6e\xad\
\xc1\x58\x83\x5b\xc1\x25\x12\x20\x40\x80\x00\x01\x02\x04\x08\x10\
\x20\x40\x80\x00\x01\x02\x91\x05\x0c\x9b\x6a\x0d\x9b\x46\xd7\x33\
\x72\x76\xad\x8d\x00\x01\x02\x04\x08\x10\x20\x40\x80\x00\x01\x02\
\x04\x08\x10\x68\x24\x30\x7a\xe8\xe1\x78\x75\x86\x62\x8d\x6e\x03\
\x97\x4a\x80\x00\x01\x02\x04\x08\x10\x20\x40\x80\x00\x01\x02\x04\
\x08\x44\x16\x30\x70\xaa\x33\x70\x1a\x59\xcb\xc8\x99\xb5\x36\x02\
\x04\x08\x10\x20\x40\x80\x00\x01\x02\x04\x08\x10\x20\x40\xa0\xa1\
\xc0\xc8\xc1\x87\x63\xd5\x18\x88\x35\xbc\x0d\x5c\x32\x01\x02\x04\
\x08\x10\x20\x40\x80\x00\x01\x02\x04\x08\x10\x20\x10\x59\xc0\xd0\
\xa9\xc6\xd0\x69\x54\x1d\x23\x67\xd5\xda\x08\x10\x20\x40\x80\x00\
\x01\x02\x04\x08\x10\x20\x40\x80\x00\x81\xc6\x02\xa3\x86\x1f\x8e\
\x93\x7f\x18\xd6\xf8\x36\x70\xe9\x04\x08\x10\x20\x40\x80\x00\x01\
\x02\x04\x08\x10\x20\x40\x80\x40\x64\x01\x83\xa7\xfc\x83\xa7\x11\
\x35\x8c\x9c\x51\x6b\x23\x40\x80\x00\x01\x02\x04\x08\x10\x20\x40\
\x80\x00\x01\x02\x04\x08\xfc\x1a\x31\x00\x71\x8c\xbc\x83\x30\xb7\
\x00\x01\x02\x04\x08\x10\x20\x40\x80\x00\x01\x02\x04\x08\x10\x20\
\x40\x20\xbc\x80\xe1\x53\xde\xe1\xd3\x88\xda\x85\x0f\xa8\x05\x12\
\x20\x40\x80\x00\x01\x02\x04\x08\x10\x20\x40\x80\x00\x01\x02\x04\
\x7e\x0b\x8c\x18\x84\x38\x46\xbe\x41\x98\xf4\x13\x20\x40\x80\x00\
\x01\x02\x04\x08\x10\x20\x40\x80\x00\x01\x02\x04\x52\x09\x18\x40\
\xe5\x1b\x40\xdd\xad\x59\xaa\x80\x5a\x2c\x01\x02\x04\x08\x10\x20\
\x40\x80\x00\x01\x02\x04\x08\x10\x20\x40\xe0\xee\x30\xc4\xf7\x73\
\x0d\xc0\x24\x9e\x00\x01\x02\x04\x08\x10\x20\x40\x80\x00\x01\x02\
\x04\x08\x10\x20\x90\x52\xc0\x10\x2a\xd7\x10\xea\x6a\xbd\x52\x86\
\xd3\xa2\x09\x10\x20\x40\x80\x00\x01\x02\x04\x08\x10\x20\x40\x80\
\x00\x01\x02\xbf\x05\xae\x0e\x44\x7c\x2f\xd7\xe0\x4b\xda\x09\x10\
\x20\x40\x80\x00\x01\x02\x04\x08\x10\x20\x40\x80\x00\x01\x02\xa9\
\x05\x0c\xa3\x72\x0d\xa3\xce\xd6\x2b\x75\x38\x2d\x9e\x00\x01\x02\
\x04\x08\x10\x20\x40\x80\x00\x01\x02\x04\x08\x10\x20\xf0\x5b\xe0\
\xec\x40\xc4\xe7\x73\x0d\xbc\xa4\x9c\x00\x01\x02\x04\x08\x10\x20\
\x40\x80\x00\x01\x02\x04\x08\x10\x20\x50\x42\xc0\x50\x2a\xd7\x50\
\xea\x68\xbd\x4a\x84\xd3\x45\x10\x20\x40\x80\x00\x01\x02\x04\x08\
\x10\x20\x40\x80\x00\x01\x02\x04\x1e\x02\x47\x87\x22\x3e\x97\x67\
\xd8\xf5\xa8\xad\x7f\x09\x10\x20\x40\x80\x00\x01\x02\x04\x08\x10\
\x20\x40\x80\x00\x01\x02\x25\x04\x0c\xa6\xf2\x0c\xa6\x8e\xd4\xaa\
\x44\x28\x5d\x04\x01\x02\x04\x08\x10\x20\x40\x80\x00\x01\x02\x04\
\x08\x10\x20\x40\xe0\x59\xe0\xc8\x60\xc4\x67\xe2\x0f\xba\x9e\xeb\
\xea\x67\x02\x04\x08\x10\x20\x40\x80\x00\x01\x02\x04\x08\x10\x20\
\x40\x80\x40\x19\x01\xc3\xa9\xf8\xc3\xa9\x23\x35\x2a\x13\x48\x17\
\x42\x80\x00\x01\x02\x04\x08\x10\x20\x40\x80\x00\x01\x02\x04\x08\
\x10\x78\x25\x70\x64\x40\xe2\x33\x71\x07\x5d\xaf\x6a\xea\x77\x04\
\x08\x10\x20\x40\x80\x00\x01\x02\x04\x08\x10\x20\x40\x80\x00\x81\
\x72\x02\x06\x54\x71\x07\x54\xdf\x6a\x53\x2e\x8c\x2e\x88\x00\x01\
\x02\x04\x08\x10\x20\x40\x80\x00\x01\x02\x04\x08\x10\x20\xf0\x4a\
\xe0\xdb\x90\xc4\xdf\x63\x0e\xb8\x5e\xd5\xd2\xef\x08\x10\x20\x40\
\x80\x00\x01\x02\x04\x08\x10\x20\x40\x80\x00\x01\x02\x65\x05\x0c\
\xa9\x62\x0e\xa9\x3e\xd5\xa5\x6c\x18\x5d\x18\x01\x02\x04\x08\x10\
\x20\x40\x80\x00\x01\x02\x04\x08\x10\x20\x40\xe0\x95\xc0\xa7\x41\
\x89\xbf\xc5\x1b\x6e\xbd\xaa\xa1\xdf\x11\x20\x40\x80\x00\x01\x02\
\x04\x08\x10\x20\x40\x80\x00\x01\x02\x04\xca\x0b\x18\x54\xc5\x1b\
\x54\xbd\xaa\x49\xf9\x20\xba\x40\x02\x04\x08\x10\x20\x40\x80\x00\
\x01\x02\x04\x08\x10\x20\x40\x80\xc0\x27\x81\x57\x03\x13\xbf\x8b\
\x35\xd8\xfa\x54\x3f\x7f\x23\x40\x80\x00\x01\x02\x04\x08\x10\x20\
\x40\x80\x00\x01\x02\x04\x08\x94\x17\x30\xac\x8a\x35\xac\x7a\xae\
\x47\xf9\x00\xba\x40\x02\x04\x08\x10\x20\x40\x80\x00\x01\x02\x04\
\x08\x10\x20\x40\x80\xc0\x11\x81\xe7\xa1\x89\x9f\xe3\x0c\xb5\x8e\
\xd4\xcf\x67\x08\x10\x20\x40\x80\x00\x01\x02\x04\x08\x10\x20\x40\
\x80\x00\x01\x02\xe5\x05\x0c\xac\xe2\x0c\xac\x7e\xd6\xa2\x7c\xf0\
\x5c\x20\x01\x02\x04\x08\x10\x20\x40\x80\x00\x01\x02\x04\x08\x10\
\x20\x40\xe0\x8c\xc0\xcf\xc1\x89\xff\xc7\x18\x68\x9d\xa9\x9f\xcf\
\x12\x20\x40\x80\x00\x01\x02\x04\x08\x10\x20\x40\x80\x00\x01\x02\
\x04\xca\x0b\x18\x5a\xc5\x18\x5a\x3d\xea\x50\x3e\x70\x2e\x90\x00\
\x01\x02\x04\x08\x10\x20\x40\x80\x00\x01\x02\x04\x08\x10\x20\x70\
\x45\xe0\x31\x3c\xf1\xef\xfe\x61\xd6\x95\xfa\xf9\x0e\x01\x02\x04\
\x08\x10\x20\x40\x80\x00\x01\x02\x04\x08\x10\x20\x40\xa0\xbc\x80\
\xc1\xd5\xfe\xc1\xd5\xef\x1a\x94\x0f\x9a\x0b\x24\x40\x80\x00\x01\
\x02\x04\x08\x10\x20\x40\x80\x00\x01\x02\x04\x08\xdc\x11\x30\xc4\
\xda\x3b\xc4\xba\x53\x3b\xdf\x25\x40\x80\x00\x01\x02\x04\x08\x10\
\x20\x40\x80\x00\x01\x02\x04\x08\xb4\x11\x30\xc4\xda\x37\xc4\x6a\
\x13\x32\x17\x4a\x80\x00\x01\x02\x04\x08\x10\x20\x40\x80\x00\x01\
\x02\x04\x08\x10\xb8\x23\x60\x80\xb5\x67\x80\x75\xa7\x66\xbe\x4b\
\x80\x00\x01\x02\x04\x08\x10\x20\x40\x80\x00\x01\x02\x04\x08\x10\
\x68\x27\x60\x88\xb5\x7e\x88\xd5\x2e\x64\x2e\x98\x00\x01\x02\x04\
\x08\x10\x20\x40\x80\x00\x01\x02\x04\x08\x10\x20\x70\x47\xc0\x00\
\x6b\xed\x00\xeb\x4e\xad\x7c\x97\x00\x01\x02\x04\x08\x10\x20\x40\
\x80\x00\x01\x02\x04\x08\x10\x20\xd0\x56\xc0\x10\x6b\xcd\x10\xab\
\x6d\xc0\x5c\x38\x01\x02\x04\x08\x10\x20\x40\x80\x00\x01\x02\x04\
\x08\x10\x20\x40\x60\x84\x80\x21\xd6\xfc\x21\xd6\x88\x3a\x39\x06\
\x01\x02\x04\x08\x10\x20\x40\x80\x00\x01\x02\x04\x08\x10\x20\x40\
\xa0\xad\x80\x01\xd6\xdc\x01\x56\xdb\x60\xb9\x70\x02\x04\x08\x10\
\x20\x40\x80\x00\x01\x02\x04\x08\x10\x20\x40\x80\xc0\x48\x01\x43\
\xac\x79\x43\xac\x91\x75\x72\x2c\x02\x04\x08\x10\x20\x40\x80\x00\
\x01\x02\x04\x08\x10\x20\x40\x80\x40\x5b\x01\x03\xac\x39\x03\xac\
\xb6\x81\x72\xe1\x04\x08\x10\x20\x40\x80\x00\x01\x02\x04\x08\x10\
\x20\x40\x80\x00\x81\x19\x02\x86\x58\xe3\x87\x58\x33\xea\xe4\x98\
\x04\x08\x10\x20\x40\x80\x00\x01\x02\x04\x08\x10\x20\x40\x80\x00\
\x81\xb6\x02\x06\x58\x63\x07\x58\x6d\x83\xe4\xc2\x09\x10\x20\x40\
\x80\x00\x01\x02\x04\x08\x10\x20\x40\x80\x00\x01\x02\x33\x05\x0c\
\xb1\xc6\x0d\xb1\x66\xd6\xc9\xb1\x09\x10\x20\x40\x80\x00\x01\x02\
\x04\x08\x10\x20\x40\x80\x00\x01\x02\xad\x05\x0c\xb1\xee\x0f\xb1\
\x5a\x07\xc8\xc5\x13\x20\x40\x80\x00\x01\x02\x04\x08\x10\x20\x40\
\x80\x00\x01\x02\x04\x66\x0b\x18\x60\xdd\x1b\x60\xcd\xae\x8f\xe3\
\x13\x20\x40\x80\x00\x01\x02\x04\x08\x10\x20\x40\x80\x00\x01\x02\
\x04\x08\xfc\xfa\xf5\xcb\x10\xeb\xfa\x10\x4b\x80\x08\x10\x20\x40\
\x80\x00\x01\x02\x04\x08\x10\x20\x40\x80\x00\x01\x02\x04\x16\x08\
\x18\x60\x5d\x1b\x60\x2d\x28\x8d\x53\x10\x20\x40\x80\x00\x01\x02\
\x04\x08\x10\x20\x40\x80\x00\x01\x02\x04\x08\x3c\x04\x0c\xb1\xce\
\x0d\xb1\x1e\x6e\xfe\x25\x40\x80\x00\x01\x02\x04\x08\x10\x20\x40\
\x80\x00\x01\x02\x04\x08\x10\x58\x28\x60\x88\x75\x7c\x88\xb5\xb0\
\x2c\x4e\x45\x80\x00\x01\x02\x04\x08\x10\x20\x40\x80\x00\x01\x02\
\x04\x08\x10\x20\xf0\x53\xc0\x10\xeb\xfb\x10\xeb\xa7\x97\xff\x13\
\x20\x40\x80\x00\x01\x02\x04\x08\x10\x20\x40\x80\x00\x01\x02\x04\
\x08\x2c\x16\x30\xc0\xfa\x3c\xc0\x5a\x5c\x0e\xa7\x23\x40\x80\x00\
\x01\x02\x04\x08\x10\x20\x40\x80\x00\x01\x02\x04\x08\x10\x78\x25\
\x60\x88\xf5\x7a\x88\xf5\xca\xca\xef\x08\x10\x20\x40\x80\x00\x01\
\x02\x04\x08\x10\x20\x40\x80\x00\x01\x02\x04\x36\x09\x18\x62\xfd\
\x3d\xc4\xda\x54\x06\xa7\x25\x40\x80\x00\x01\x02\x04\x08\x10\x20\
\x40\x80\x00\x01\x02\x04\x08\x10\xf8\x24\x60\x88\xf5\xcf\x10\xeb\
\x93\x91\xbf\x11\x20\x40\x80\x00\x01\x02\x04\x08\x10\x20\x40\x80\
\x00\x01\x02\x04\x08\x6c\x16\xe8\x3e\xc4\xda\xcc\xef\xf4\x04\x08\
\x10\x20\x40\x80\x00\x01\x02\x04\x08\x10\x20\x40\x80\x00\x01\x02\
\x47\x04\xba\x0e\xb1\x8e\xd8\xf8\x0c\x01\x02\x04\x08\x10\x20\x40\
\x80\x00\x01\x02\x04\x08\x10\x20\x40\x80\x40\x10\x81\x6e\x43\xac\
\x20\xec\x96\x41\x80\x00\x01\x02\x04\x08\x10\x20\x40\x80\x00\x01\
\x02\x04\x08\x10\x20\x70\x56\xa0\xc3\x20\xeb\xac\x89\xcf\x13\x20\
\x40\x80\x00\x01\x02\x04\x08\x10\x20\x40\x80\x00\x01\x02\x04\x08\
\x04\x13\xa8\x3a\xc4\x0a\xc6\x6c\x39\x04\x08\x10\x20\x40\x80\x00\
\x01\x02\x04\x08\x10\x20\x40\x80\x00\x01\x02\x77\x04\xaa\x0d\xb1\
\xee\x58\xf8\x2e\x01\x02\x04\x08\x10\x20\x40\x80\x00\x01\x02\x04\
\x08\x10\x20\x40\x80\x40\x60\x81\xec\x83\xac\xc0\xb4\x96\x46\x80\
\x00\x01\x02\x04\x08\x10\x20\x40\xa7\x39\xe3\x34\x00\x00\x00\xbd\
\x49\x44\x41\x54\x80\x00\x01\x02\x04\x08\x10\x20\x30\x52\x20\xe3\
\x20\x6b\xe4\xf5\x3b\x16\x01\x02\x04\x08\x10\x20\x40\x80\x00\x01\
\x02\x04\x08\x10\x20\x40\x80\x40\x12\x81\x0c\x83\xac\x24\x94\x96\
\x49\x80\x00\x01\x02\x04\x08\x10\x20\x40\x80\x00\x01\x02\x04\x08\
\x10\x20\x30\x53\x20\xe2\x20\x6b\xe6\xf5\x3a\x36\x01\x02\x04\x08\
\x10\x20\x40\x80\x00\x01\x02\x04\x08\x10\x20\x40\x80\x40\x52\x81\
\xdd\x83\xac\xa4\x6c\x96\x4d\x80\x00\x01\x02\x04\x08\x10\x20\x40\
\x80\x00\x01\x02\x04\x08\x10\x20\xb0\x43\x60\xd5\x30\x6b\xc7\xb5\
\x39\x27\x01\x02\x04\x08\x10\x20\x40\x80\x00\x01\x02\x04\x08\x10\
\x20\x40\x80\x40\x41\x81\x51\x03\xad\x82\x34\x2e\x89\x00\x01\x02\
\x04\x08\x10\x20\x40\x80\x00\x01\x02\x04\x08\x10\x20\x40\x80\x00\
\x01\x02\x04\x08\x10\x20\x40\x80\xc0\x7a\x81\xff\x01\xc7\xfb\xe3\
\x82\x9f\x5a\x2b\xf6\x00\x00\x00\x00\x49\x45\x4e\x44\xae\x42\x60\
\x82\
\x00\x00\x03\x63\
\x3c\
\x73\x76\x67\x20\x74\x3d\x22\x31\x37\x33\x30\x36\x34\x35\x36\x37\
\x35\x36\x33\x31\x22\x20\x63\x6c\x61\x73\x73\x3d\x22\x69\x63\x6f\
\x6e\x22\x20\x76\x69\x65\x77\x42\x6f\x78\x3d\x22\x30\x20\x30\x20\
\x31\x30\x32\x34\x20\x31\x30\x32\x34\x22\x20\x76\x65\x72\x73\x69\
\x6f\x6e\x3d\x22\x31\x2e\x31\x22\x20\x78\x6d\x6c\x6e\x73\x3d\x22\
\x68\x74\x74\x70\x3a\x2f\x2f\x77\x77\x77\x2e\x77\x33\x2e\x6f\x72\
\x67\x2f\x32\x30\x30\x30\x2f\x73\x76\x67\x22\x20\x70\x2d\x69\x64\
\x3d\x22\x34\x37\x37\x39\x22\x20\x77\x69\x64\x74\x68\x3d\x22\x32\
\x30\x30\x30\x30\x22\x20\x68\x65\x69\x67\x68\x74\x3d\x22\x32\x30\
\x30\x30\x30\x22\x3e\x3c\x70\x61\x74\x68\x20\x64\x3d\x22\x4d\x34\
\x38\x39\x2e\x34\x37\x32\x20\x36\x30\x31\x2e\x30\x38\x38\x6c\x2d\
\x38\x32\x2e\x39\x34\x34\x2d\x31\x34\x39\x2e\x35\x30\x34\x68\x2d\
\x37\x39\x2e\x38\x37\x32\x6c\x2d\x33\x30\x2e\x37\x32\x2d\x33\x30\
\x2e\x37\x32\x56\x39\x37\x2e\x32\x38\x6c\x33\x30\x2e\x37\x32\x2d\
\x33\x30\x2e\x37\x32\x68\x33\x37\x38\x2e\x38\x38\x6c\x33\x30\x2e\
\x37\x32\x20\x33\x30\x2e\x37\x32\x76\x33\x32\x34\x2e\x36\x30\x38\
\x6c\x2d\x33\x30\x2e\x37\x32\x20\x33\x30\x2e\x37\x32\x68\x2d\x37\
\x39\x2e\x38\x37\x32\x4c\x35\x34\x32\x2e\x37\x32\x20\x36\x30\x32\
\x2e\x31\x31\x32\x68\x2d\x35\x33\x2e\x32\x34\x38\x7a\x4d\x33\x35\
\x37\x2e\x33\x37\x36\x20\x33\x39\x31\x2e\x31\x36\x38\x68\x36\x37\
\x2e\x35\x38\x34\x6c\x32\x36\x2e\x36\x32\x34\x20\x31\x35\x2e\x33\
\x36\x20\x36\x34\x2e\x35\x31\x32\x20\x31\x31\x36\x2e\x37\x33\x36\
\x20\x36\x34\x2e\x35\x31\x32\x2d\x31\x31\x36\x2e\x37\x33\x36\x20\
\x32\x36\x2e\x36\x32\x34\x2d\x31\x35\x2e\x33\x36\x48\x36\x37\x35\
\x2e\x38\x34\x56\x31\x32\x38\x48\x33\x35\x38\x2e\x34\x76\x32\x36\
\x33\x2e\x31\x36\x38\x7a\x22\x20\x66\x69\x6c\x6c\x3d\x22\x23\x32\
\x63\x32\x63\x32\x63\x22\x20\x70\x2d\x69\x64\x3d\x22\x34\x37\x38\
\x30\x22\x3e\x3c\x2f\x70\x61\x74\x68\x3e\x3c\x70\x61\x74\x68\x20\
\x64\x3d\x22\x4d\x34\x35\x35\x2e\x36\x38\x20\x32\x30\x37\x2e\x38\
\x37\x32\x68\x31\x32\x30\x2e\x38\x33\x32\x76\x31\x32\x30\x2e\x38\
\x33\x32\x48\x34\x35\x35\x2e\x36\x38\x7a\x22\x20\x66\x69\x6c\x6c\
\x3d\x22\x23\x32\x63\x32\x63\x32\x63\x22\x20\x70\x2d\x69\x64\x3d\
\x22\x34\x37\x38\x31\x22\x3e\x3c\x2f\x70\x61\x74\x68\x3e\x3c\x70\
\x61\x74\x68\x20\x64\x3d\x22\x4d\x36\x34\x31\x2e\x30\x32\x34\x20\
\x39\x35\x37\x2e\x34\x34\x6c\x2d\x32\x37\x2e\x36\x34\x38\x2d\x31\
\x2e\x30\x32\x34\x2d\x33\x30\x39\x2e\x32\x34\x38\x2d\x31\x32\x32\
\x2e\x38\x38\x4c\x37\x30\x2e\x36\x35\x36\x20\x39\x33\x39\x2e\x30\
\x30\x38\x20\x31\x32\x2e\x32\x38\x38\x20\x39\x30\x31\x2e\x31\x32\
\x56\x32\x37\x32\x2e\x33\x38\x34\x6c\x33\x32\x2e\x37\x36\x38\x2d\
\x34\x30\x2e\x39\x36\x20\x31\x35\x39\x2e\x37\x34\x34\x2d\x33\x30\
\x2e\x37\x32\x20\x31\x35\x2e\x33\x36\x20\x37\x39\x2e\x38\x37\x32\
\x2d\x31\x32\x35\x2e\x39\x35\x32\x20\x32\x35\x2e\x36\x76\x35\x33\
\x32\x2e\x34\x38\x6c\x31\x39\x31\x2e\x34\x38\x38\x2d\x38\x37\x2e\
\x30\x34\x20\x33\x32\x2e\x37\x36\x38\x2d\x31\x2e\x30\x32\x34\x20\
\x33\x31\x31\x2e\x32\x39\x36\x20\x31\x32\x33\x2e\x39\x30\x34\x20\
\x33\x30\x30\x2e\x30\x33\x32\x2d\x39\x35\x2e\x32\x33\x32\x56\x31\
\x38\x30\x2e\x32\x32\x34\x6c\x2d\x31\x30\x38\x2e\x35\x34\x34\x20\
\x31\x38\x2e\x34\x33\x32\x2d\x31\x34\x2e\x33\x33\x36\x2d\x38\x30\
\x2e\x38\x39\x36\x20\x31\x35\x36\x2e\x36\x37\x32\x2d\x32\x36\x2e\
\x36\x32\x34\x20\x34\x38\x2e\x31\x32\x38\x20\x33\x39\x2e\x39\x33\
\x36\x56\x38\x30\x38\x2e\x39\x36\x4c\x39\x38\x33\x2e\x30\x34\x20\
\x38\x34\x38\x2e\x38\x39\x36\x7a\x22\x20\x66\x69\x6c\x6c\x3d\x22\
\x23\x32\x63\x32\x63\x32\x63\x22\x20\x70\x2d\x69\x64\x3d\x22\x34\
\x37\x38\x32\x22\x3e\x3c\x2f\x70\x61\x74\x68\x3e\x3c\x2f\x73\x76\
\x67\x3e\
\x00\x00\x01\xfc\
\x3c\
\x73\x76\x67\x20\x74\x3d\x22\x31\x37\x33\x30\x36\x38\x32\x33\x36\
\x32\x37\x39\x36\x22\x20\x63\x6c\x61\x73\x73\x3d\x22\x69\x63\x6f\
\x6e\x22\x20\x76\x69\x65\x77\x42\x6f\x78\x3d\x22\x30\x20\x30\x20\
\x31\x30\x32\x34\x20\x31\x30\x32\x34\x22\x20\x76\x65\x72\x73\x69\
\x6f\x6e\x3d\x22\x31\x2e\x31\x22\x20\x78\x6d\x6c\x6e\x73\x3d\x22\
\x68\x74\x74\x70\x3a\x2f\x2f\x77\x77\x77\x2e\x77\x33\x2e\x6f\x72\
\x67\x2f\x32\x30\x30\x30\x2f\x73\x76\x67\x22\x20\x70\x2d\x69\x64\
\x3d\x22\x34\x34\x37\x30\x22\x20\x77\x69\x64\x74\x68\x3d\x22\x32\
\x30\x30\x30\x30\x22\x20\x68\x65\x69\x67\x68\x74\x3d\x22\x32\x30\
\x30\x30\x30\x22\x3e\x3c\x70\x61\x74\x68\x20\x64\x3d\x22\x4d\x33\
\x33\x36\x2e\x31\x34\x31\x34\x35\x20\x32\x32\x2e\x31\x32\x38\x31\
\x30\x36\x6c\x39\x38\x2e\x34\x35\x30\x31\x39\x39\x20\x39\x39\x36\
\x2e\x32\x36\x39\x33\x32\x34\x20\x31\x39\x33\x2e\x31\x35\x39\x37\
\x31\x37\x2d\x33\x34\x31\x2e\x33\x30\x38\x39\x36\x39\x20\x33\x38\
\x32\x2e\x38\x38\x34\x35\x33\x32\x20\x38\x34\x2e\x38\x33\x37\x39\
\x39\x38\x7a\x22\x20\x66\x69\x6c\x6c\x3d\x22\x23\x30\x30\x36\x42\
\x46\x44\x22\x20\x70\x2d\x69\x64\x3d\x22\x34\x34\x37\x31\x22\x3e\
\x3c\x2f\x70\x61\x74\x68\x3e\x3c\x70\x61\x74\x68\x20\x64\x3d\x22\
\x4d\x39\x34\x34\x2e\x37\x32\x35\x35\x33\x34\x20\x31\x33\x34\x2e\
\x38\x32\x32\x34\x34\x35\x4c\x37\x37\x34\x2e\x31\x31\x36\x39\x31\
\x35\x20\x34\x32\x34\x2e\x38\x37\x37\x39\x39\x31\x6c\x2d\x31\x33\
\x37\x2e\x32\x36\x33\x35\x36\x39\x2d\x31\x35\x32\x2e\x39\x38\x35\
\x36\x33\x35\x20\x33\x30\x37\x2e\x38\x36\x37\x30\x39\x31\x2d\x31\
\x33\x37\x2e\x30\x36\x39\x39\x31\x31\x7a\x4d\x33\x32\x30\x2e\x32\
\x33\x30\x38\x32\x32\x20\x34\x31\x32\x2e\x38\x36\x30\x39\x33\x31\
\x6c\x32\x31\x2e\x37\x35\x36\x30\x37\x37\x20\x32\x30\x33\x2e\x35\
\x36\x36\x33\x34\x38\x2d\x33\x32\x38\x2e\x34\x30\x35\x31\x35\x34\
\x2d\x36\x37\x2e\x30\x33\x36\x36\x34\x35\x20\x33\x30\x36\x2e\x36\
\x34\x39\x30\x37\x37\x2d\x31\x33\x36\x2e\x35\x32\x39\x37\x30\x33\
\x7a\x22\x20\x66\x69\x6c\x6c\x3d\x22\x23\x43\x32\x44\x43\x46\x46\
\x22\x20\x70\x2d\x69\x64\x3d\x22\x34\x34\x37\x32\x22\x3e\x3c\x2f\
\x70\x61\x74\x68\x3e\x3c\x2f\x73\x76\x67\x3e\
\x00\x00\x01\xfc\
\x3c\
\x73\x76\x67\x20\x74\x3d\x22\x31\x37\x33\x30\x36\x38\x32\x33\x36\
\x32\x37\x39\x36\x22\x20\x63\x6c\x61\x73\x73\x3d\x22\x69\x63\x6f\
\x6e\x22\x20\x76\x69\x65\x77\x42\x6f\x78\x3d\x22\x30\x20\x30\x20\
\x31\x30\x32\x34\x20\x31\x30\x32\x34\x22\x20\x76\x65\x72\x73\x69\
\x6f\x6e\x3d\x22\x31\x2e\x31\x22\x20\x78\x6d\x6c\x6e\x73\x3d\x22\
\x68\x74\x74\x70\x3a\x2f\x2f\x77\x77\x77\x2e\x77\x33\x2e\x6f\x72\
\x67\x2f\x32\x30\x30\x30\x2f\x73\x76\x67\x22\x20\x70\x2d\x69\x64\
\x3d\x22\x34\x34\x37\x30\x22\x20\x77\x69\x64\x74\x68\x3d\x22\x32\
\x30\x30\x30\x30\x22\x20\x68\x65\x69\x67\x68\x74\x3d\x22\x32\x30\
\x30\x30\x30\x22\x3e\x3c\x70\x61\x74\x68\x20\x64\x3d\x22\x4d\x33\
\x33\x36\x2e\x31\x34\x31\x34\x35\x20\x32\x32\x2e\x31\x32\x38\x31\
\x30\x36\x6c\x39\x38\x2e\x34\x35\x30\x31\x39\x39\x20\x39\x39\x36\
\x2e\x32\x36\x39\x33\x32\x34\x20\x31\x39\x33\x2e\x31\x35\x39\x37\
\x31\x37\x2d\x33\x34\x31\x2e\x33\x30\x38\x39\x36\x39\x20\x33\x38\
\x32\x2e\x38\x38\x34\x35\x33\x32\x20\x38\x34\x2e\x38\x33\x37\x39\
\x39\x38\x7a\x22\x20\x66\x69\x6c\x6c\x3d\x22\x23\x30\x30\x36\x42\
\x46\x44\x22\x20\x70\x2d\x69\x64\x3d\x22\x34\x34\x37\x31\x22\x3e\
\x3c\x2f\x70\x61\x74\x68\x3e\x3c\x70\x61\x74\x68\x20\x64\x3d\x22\
\x4d\x39\x34\x34\x2e\x37\x32\x35\x35\x33\x34\x20\x31\x33\x34\x2e\
\x38\x32\x32\x34\x34\x35\x4c\x37\x37\x34\x2e\x31\x31\x36\x39\x31\
\x35\x20\x34\x32\x34\x2e\x38\x37\x37\x39\x39\x31\x6c\x2d\x31\x33\
\x37\x2e\x32\x36\x33\x35\x36\x39\x2d\x31\x35\x32\x2e\x39\x38\x35\
\x36\x33\x35\x20\x33\x30\x37\x2e\x38\x36\x37\x30\x39\x31\x2d\x31\
\x33\x37\x2e\x30\x36\x39\x39\x31\x31\x7a\x4d\x33\x32\x30\x2e\x32\
\x33\x30\x38\x32\x32\x20\x34\x31\x32\x2e\x38\x36\x30\x39\x33\x31\
\x6c\x32\x31\x2e\x37\x35\x36\x30\x37\x37\x20\x32\x30\x33\x2e\x35\
\x36\x36\x33\x34\x38\x2d\x33\x32\x38\x2e\x34\x30\x35\x31\x35\x34\
\x2d\x36\x37\x2e\x30\x33\x36\x36\x34\x35\x20\x33\x30\x36\x2e\x36\
\x34\x39\x30\x37\x37\x2d\x31\x33\x36\x2e\x35\x32\x39\x37\x30\x33\
\x7a\x22\x20\x66\x69\x6c\x6c\x3d\x22\x23\x43\x32\x44\x43\x46\x46\
\x22\x20\x70\x2d\x69\x64\x3d\x22\x34\x34\x37\x32\x22\x3e\x3c\x2f\
\x70\x61\x74\x68\x3e\x3c\x2f\x73\x76\x67\x3e\
\x00\x00\x03\x63\
\x3c\
\x73\x76\x67\x20\x74\x3d\x22\x31\x37\x33\x30\x36\x34\x33\x34\x33\
\x36\x31\x35\x38\x22\x20\x63\x6c\x61\x73\x73\x3d\x22\x69\x63\x6f\
\x6e\x22\x20\x76\x69\x65\x77\x42\x6f\x78\x3d\x22\x30\x20\x30\x20\
\x31\x30\x32\x34\x20\x31\x30\x32\x34\x22\x20\x76\x65\x72\x73\x69\
\x6f\x6e\x3d\x22\x31\x2e\x31\x22\x20\x78\x6d\x6c\x6e\x73\x3d\x22\
\x68\x74\x74\x70\x3a\x2f\x2f\x77\x77\x77\x2e\x77\x33\x2e\x6f\x72\
\x67\x2f\x32\x30\x30\x30\x2f\x73\x76\x67\x22\x20\x70\x2d\x69\x64\
\x3d\x22\x34\x33\x37\x35\x22\x20\x77\x69\x64\x74\x68\x3d\x22\x32\
\x30\x30\x30\x30\x22\x20\x68\x65\x69\x67\x68\x74\x3d\x22\x32\x30\
\x30\x30\x30\x22\x3e\x3c\x70\x61\x74\x68\x20\x64\x3d\x22\x4d\x34\
\x38\x39\x2e\x34\x37\x32\x20\x36\x30\x31\x2e\x30\x38\x38\x6c\x2d\
\x38\x32\x2e\x39\x34\x34\x2d\x31\x34\x39\x2e\x35\x30\x34\x68\x2d\
\x37\x39\x2e\x38\x37\x32\x6c\x2d\x33\x30\x2e\x37\x32\x2d\x33\x30\
\x2e\x37\x32\x56\x39\x37\x2e\x32\x38\x6c\x33\x30\x2e\x37\x32\x2d\
\x33\x30\x2e\x37\x32\x68\x33\x37\x38\x2e\x38\x38\x6c\x33\x30\x2e\
\x37\x32\x20\x33\x30\x2e\x37\x32\x76\x33\x32\x34\x2e\x36\x30\x38\
\x6c\x2d\x33\x30\x2e\x37\x32\x20\x33\x30\x2e\x37\x32\x68\x2d\x37\
\x39\x2e\x38\x37\x32\x4c\x35\x34\x32\x2e\x37\x32\x20\x36\x30\x32\
\x2e\x31\x31\x32\x68\x2d\x35\x33\x2e\x32\x34\x38\x7a\x4d\x33\x35\
\x37\x2e\x33\x37\x36\x20\x33\x39\x31\x2e\x31\x36\x38\x68\x36\x37\
\x2e\x35\x38\x34\x6c\x32\x36\x2e\x36\x32\x34\x20\x31\x35\x2e\x33\
\x36\x20\x36\x34\x2e\x35\x31\x32\x20\x31\x31\x36\x2e\x37\x33\x36\
\x20\x36\x34\x2e\x35\x31\x32\x2d\x31\x31\x36\x2e\x37\x33\x36\x20\
\x32\x36\x2e\x36\x32\x34\x2d\x31\x35\x2e\x33\x36\x48\x36\x37\x35\
\x2e\x38\x34\x56\x31\x32\x38\x48\x33\x35\x38\x2e\x34\x76\x32\x36\
\x33\x2e\x31\x36\x38\x7a\x22\x20\x66\x69\x6c\x6c\x3d\x22\x23\x66\
\x66\x66\x66\x66\x66\x22\x20\x70\x2d\x69\x64\x3d\x22\x34\x33\x37\
\x36\x22\x3e\x3c\x2f\x70\x61\x74\x68\x3e\x3c\x70\x61\x74\x68\x20\
\x64\x3d\x22\x4d\x34\x35\x35\x2e\x36\x38\x20\x32\x30\x37\x2e\x38\
\x37\x32\x68\x31\x32\x30\x2e\x38\x33\x32\x76\x31\x32\x30\x2e\x38\
\x33\x32\x48\x34\x35\x35\x2e\x36\x38\x7a\x22\x20\x66\x69\x6c\x6c\
\x3d\x22\x23\x66\x66\x66\x66\x66\x66\x22\x20\x70\x2d\x69\x64\x3d\
\x22\x34\x33\x37\x37\x22\x3e\x3c\x2f\x70\x61\x74\x68\x3e\x3c\x70\
\x61\x74\x68\x20\x64\x3d\x22\x4d\x36\x34\x31\x2e\x30\x32\x34\x20\
\x39\x35\x37\x2e\x34\x34\x6c\x2d\x32\x37\x2e\x36\x34\x38\x2d\x31\
\x2e\x30\x32\x34\x2d\x33\x30\x39\x2e\x32\x34\x38\x2d\x31\x32\x32\
\x2e\x38\x38\x4c\x37\x30\x2e\x36\x35\x36\x20\x39\x33\x39\x2e\x30\
\x30\x38\x20\x31\x32\x2e\x32\x38\x38\x20\x39\x30\x31\x2e\x31\x32\
\x56\x32\x37\x32\x2e\x33\x38\x34\x6c\x33\x32\x2e\x37\x36\x38\x2d\
\x34\x30\x2e\x39\x36\x20\x31\x35\x39\x2e\x37\x34\x34\x2d\x33\x30\
\x2e\x37\x32\x20\x31\x35\x2e\x33\x36\x20\x37\x39\x2e\x38\x37\x32\
\x2d\x31\x32\x35\x2e\x39\x35\x32\x20\x32\x35\x2e\x36\x76\x35\x33\
\x32\x2e\x34\x38\x6c\x31\x39\x31\x2e\x34\x38\x38\x2d\x38\x37\x2e\
\x30\x34\x20\x33\x32\x2e\x37\x36\x38\x2d\x31\x2e\x30\x32\x34\x20\
\x33\x31\x31\x2e\x32\x39\x36\x20\x31\x32\x33\x2e\x39\x30\x34\x20\
\x33\x30\x30\x2e\x30\x33\x32\x2d\x39\x35\x2e\x32\x33\x32\x56\x31\
\x38\x30\x2e\x32\x32\x34\x6c\x2d\x31\x30\x38\x2e\x35\x34\x34\x20\
\x31\x38\x2e\x34\x33\x32\x2d\x31\x34\x2e\x33\x33\x36\x2d\x38\x30\
\x2e\x38\x39\x36\x20\x31\x35\x36\x2e\x36\x37\x32\x2d\x32\x36\x2e\
\x36\x32\x34\x20\x34\x38\x2e\x31\x32\x38\x20\x33\x39\x2e\x39\x33\
\x36\x56\x38\x30\x38\x2e\x39\x36\x4c\x39\x38\x33\x2e\x30\x34\x20\
\x38\x34\x38\x2e\x38\x39\x36\x7a\x22\x20\x66\x69\x6c\x6c\x3d\x22\
\x23\x66\x66\x66\x66\x66\x66\x22\x20\x70\x2d\x69\x64\x3d\x22\x34\
\x33\x37\x38\x22\x3e\x3c\x2f\x70\x61\x74\x68\x3e\x3c\x2f\x73\x76\
\x67\x3e\
\x00\x00\x08\xd3\
\x3c\
\x3f\x78\x6d\x6c\x20\x76\x65\x72\x73\x69\x6f\x6e\x3d\x22\x31\x2e\
\x30\x22\x20\x65\x6e\x63\x6f\x64\x69\x6e\x67\x3d\x22\x75\x74\x66\
\x2d\x38\x22\x3f\x3e\x0d\x0a\x3c\x73\x76\x67\x20\x69\x64\x3d\x22\
\x69\x63\x5f\x66\x6c\x75\x65\x6e\x74\x5f\x73\x65\x74\x74\x69\x6e\
\x67\x73\x5f\x32\x30\x5f\x72\x65\x67\x75\x6c\x61\x72\x22\x20\x77\
\x69\x64\x74\x68\x3d\x22\x31\x36\x22\x20\x68\x65\x69\x67\x68\x74\
\x3d\x22\x31\x36\x22\x20\x73\x74\x79\x6c\x65\x3d\x22\x77\x69\x64\
\x74\x68\x3a\x31\x36\x70\x78\x3b\x68\x65\x69\x67\x68\x74\x3a\x31\
\x36\x70\x78\x3b\x22\x0d\x0a\x20\x20\x20\x20\x76\x65\x72\x73\x69\
\x6f\x6e\x3d\x22\x31\x2e\x31\x22\x20\x78\x6d\x6c\x6e\x73\x3d\x22\
\x68\x74\x74\x70\x3a\x2f\x2f\x77\x77\x77\x2e\x77\x33\x2e\x6f\x72\
\x67\x2f\x32\x30\x30\x30\x2f\x73\x76\x67\x22\x20\x76\x69\x65\x77\
\x42\x6f\x78\x3d\x22\x30\x20\x30\x20\x35\x30\x30\x20\x35\x30\x30\
\x22\x0d\x0a\x20\x20\x20\x20\x65\x6e\x61\x62\x6c\x65\x2d\x62\x61\
\x63\x6b\x67\x72\x6f\x75\x6e\x64\x3d\x22\x6e\x65\x77\x20\x30\x20\
\x30\x20\x35\x30\x30\x20\x35\x30\x30\x22\x20\x78\x6d\x6c\x3a\x73\
\x70\x61\x63\x65\x3d\x22\x70\x72\x65\x73\x65\x72\x76\x65\x22\x3e\
\x3c\x70\x61\x74\x68\x20\x66\x69\x6c\x6c\x3d\x22\x23\x30\x30\x30\
\x30\x30\x30\x22\x20\x64\x3d\x22\x4d\x31\x32\x2e\x33\x35\x20\x31\
\x37\x33\x2e\x35\x33\x20\x71\x31\x36\x2e\x34\x37\x20\x2d\x35\x31\
\x2e\x37\x37\x20\x35\x31\x2e\x37\x37\x20\x2d\x39\x30\x2e\x35\x39\
\x20\x71\x37\x2e\x30\x36\x20\x2d\x38\x2e\x32\x33\x20\x31\x36\x2e\
\x34\x37\x20\x2d\x34\x2e\x37\x20\x6c\x35\x36\x2e\x34\x37\x20\x32\
\x30\x20\x71\x31\x32\x2e\x39\x34\x20\x34\x2e\x37\x20\x32\x34\x2e\
\x37\x20\x2d\x31\x2e\x37\x37\x20\x71\x31\x31\x2e\x37\x37\x20\x2d\
\x36\x2e\x34\x37\x20\x31\x34\x2e\x31\x32\x20\x2d\x32\x30\x2e\x35\
\x39\x20\x6c\x31\x30\x2e\x35\x39\x20\x2d\x35\x38\x2e\x38\x32\x20\
\x71\x31\x2e\x31\x38\x20\x2d\x39\x2e\x34\x31\x20\x31\x31\x2e\x37\
\x37\x20\x2d\x31\x31\x2e\x37\x37\x20\x71\x35\x31\x2e\x37\x36\x20\
\x2d\x31\x30\x2e\x35\x38\x20\x31\x30\x33\x2e\x35\x32\x20\x30\x20\
\x71\x31\x30\x2e\x35\x39\x20\x32\x2e\x33\x36\x20\x31\x31\x2e\x37\
\x37\x20\x31\x31\x2e\x37\x37\x20\x6c\x31\x30\x2e\x35\x39\x20\x35\
\x38\x2e\x38\x32\x20\x71\x32\x2e\x33\x35\x20\x31\x34\x2e\x31\x32\
\x20\x31\x34\x2e\x31\x32\x20\x32\x30\x2e\x35\x39\x20\x71\x31\x31\
\x2e\x37\x36\x20\x36\x2e\x34\x37\x20\x32\x34\x2e\x37\x20\x31\x2e\
\x37\x37\x20\x6c\x35\x36\x2e\x34\x37\x20\x2d\x32\x30\x20\x71\x39\
\x2e\x34\x31\x20\x2d\x33\x2e\x35\x33\x20\x31\x36\x2e\x34\x37\x20\
\x34\x2e\x37\x20\x71\x33\x35\x2e\x33\x20\x33\x38\x2e\x38\x32\x20\
\x35\x31\x2e\x37\x37\x20\x39\x30\x2e\x35\x39\x20\x71\x33\x2e\x35\
\x33\x20\x39\x2e\x34\x31\x20\x2d\x34\x2e\x37\x31\x20\x31\x35\x2e\
\x32\x39\x20\x6c\x2d\x34\x34\x2e\x37\x20\x33\x38\x2e\x38\x33\x20\
\x71\x2d\x31\x30\x2e\x35\x39\x20\x38\x2e\x32\x33\x20\x2d\x31\x30\
\x2e\x35\x39\x20\x32\x32\x2e\x33\x35\x20\x71\x30\x20\x31\x34\x2e\
\x31\x32\x20\x31\x30\x2e\x35\x39\x20\x32\x32\x2e\x33\x35\x20\x6c\
\x34\x34\x2e\x37\x20\x33\x38\x2e\x38\x33\x20\x71\x38\x2e\x32\x34\
\x20\x35\x2e\x38\x38\x20\x34\x2e\x37\x31\x20\x31\x35\x2e\x32\x39\
\x20\x71\x2d\x31\x36\x2e\x34\x37\x20\x35\x31\x2e\x37\x37\x20\x2d\
\x35\x31\x2e\x37\x37\x20\x39\x30\x2e\x35\x39\x20\x71\x2d\x37\x2e\
\x30\x36\x20\x38\x2e\x32\x33\x20\x2d\x31\x36\x2e\x34\x37\x20\x34\
\x2e\x37\x20\x6c\x2d\x35\x36\x2e\x34\x37\x20\x2d\x32\x30\x20\x71\
\x2d\x31\x32\x2e\x39\x34\x20\x2d\x34\x2e\x37\x20\x2d\x32\x34\x2e\
\x37\x20\x31\x2e\x37\x37\x20\x71\x2d\x31\x31\x2e\x37\x36\x20\x36\
\x2e\x34\x37\x20\x2d\x31\x34\x2e\x31\x32\x20\x32\x30\x2e\x35\x39\
\x20\x6c\x2d\x31\x30\x2e\x35\x39\x20\x35\x38\x2e\x38\x32\x20\x71\
\x2d\x31\x2e\x31\x38\x20\x39\x2e\x34\x31\x20\x2d\x31\x31\x2e\x37\
\x37\x20\x31\x31\x2e\x37\x37\x20\x71\x2d\x35\x31\x2e\x37\x36\x20\
\x31\x30\x2e\x35\x38\x20\x2d\x31\x30\x33\x2e\x35\x32\x20\x30\x20\
\x71\x2d\x31\x30\x2e\x35\x39\x20\x2d\x32\x2e\x33\x36\x20\x2d\x31\
\x31\x2e\x37\x37\x20\x2d\x31\x31\x2e\x37\x37\x20\x6c\x2d\x31\x30\
\x2e\x35\x39\x20\x2d\x35\x38\x2e\x38\x32\x20\x71\x2d\x32\x2e\x33\
\x35\x20\x2d\x31\x34\x2e\x31\x32\x20\x2d\x31\x34\x2e\x31\x32\x20\
\x2d\x32\x30\x2e\x35\x39\x20\x71\x2d\x31\x31\x2e\x37\x36\x20\x2d\
\x36\x2e\x34\x37\x20\x2d\x32\x34\x2e\x37\x20\x2d\x31\x2e\x37\x37\
\x20\x6c\x2d\x35\x36\x2e\x34\x37\x20\x32\x30\x20\x71\x2d\x39\x2e\
\x34\x31\x20\x33\x2e\x35\x33\x20\x2d\x31\x36\x2e\x34\x37\x20\x2d\
\x34\x2e\x37\x20\x71\x2d\x33\x35\x2e\x33\x20\x2d\x33\x38\x2e\x38\
\x32\x20\x2d\x35\x31\x2e\x37\x37\x20\x2d\x39\x30\x2e\x35\x39\x20\
\x71\x2d\x33\x2e\x35\x33\x20\x2d\x39\x2e\x34\x31\x20\x34\x2e\x37\
\x31\x20\x2d\x31\x35\x2e\x32\x39\x20\x6c\x34\x34\x2e\x37\x20\x2d\
\x33\x38\x2e\x38\x33\x20\x71\x31\x30\x2e\x35\x39\x20\x2d\x38\x2e\
\x32\x33\x20\x31\x30\x2e\x35\x39\x20\x2d\x32\x32\x2e\x33\x35\x20\
\x71\x30\x20\x2d\x31\x34\x2e\x31\x32\x20\x2d\x31\x30\x2e\x35\x39\
\x20\x2d\x32\x32\x2e\x33\x35\x20\x6c\x2d\x34\x34\x2e\x37\x20\x2d\
\x33\x38\x2e\x38\x33\x20\x71\x2d\x38\x2e\x32\x34\x20\x2d\x35\x2e\
\x38\x38\x20\x2d\x34\x2e\x37\x31\x20\x2d\x31\x35\x2e\x32\x39\x20\
\x5a\x4d\x34\x32\x2e\x39\x34\x20\x31\x37\x32\x2e\x33\x35\x20\x6c\
\x33\x38\x2e\x38\x32\x20\x33\x32\x2e\x39\x34\x20\x71\x32\x30\x20\
\x31\x37\x2e\x36\x35\x20\x32\x30\x20\x34\x34\x2e\x37\x31\x20\x71\
\x30\x20\x32\x37\x2e\x30\x36\x20\x2d\x32\x30\x20\x34\x34\x2e\x37\
\x31\x20\x6c\x2d\x33\x38\x2e\x38\x32\x20\x33\x32\x2e\x39\x34\x20\
\x71\x31\x32\x2e\x39\x34\x20\x33\x34\x2e\x31\x31\x20\x33\x36\x2e\
\x34\x37\x20\x36\x32\x2e\x33\x35\x20\x6c\x34\x37\x2e\x30\x36\x20\
\x2d\x31\x36\x2e\x34\x37\x20\x71\x32\x35\x2e\x38\x38\x20\x2d\x39\
\x2e\x34\x31\x20\x34\x39\x2e\x34\x31\x20\x34\x2e\x31\x32\x20\x71\
\x32\x33\x2e\x35\x33\x20\x31\x33\x2e\x35\x33\x20\x32\x38\x2e\x32\
\x34\x20\x34\x30\x2e\x35\x39\x20\x6c\x39\x2e\x34\x31\x20\x34\x39\
\x2e\x34\x31\x20\x71\x33\x36\x2e\x34\x37\x20\x35\x2e\x38\x38\x20\
\x37\x32\x2e\x39\x34\x20\x30\x20\x6c\x39\x2e\x34\x31\x20\x2d\x34\
\x39\x2e\x34\x31\x20\x71\x34\x2e\x37\x31\x20\x2d\x32\x37\x2e\x30\
\x36\x20\x32\x38\x2e\x32\x34\x20\x2d\x34\x30\x2e\x35\x39\x20\x71\
\x32\x33\x2e\x35\x33\x20\x2d\x31\x33\x2e\x35\x33\x20\x34\x39\x2e\
\x34\x31\x20\x2d\x34\x2e\x31\x32\x20\x6c\x34\x37\x2e\x30\x36\x20\
\x31\x36\x2e\x34\x37\x20\x71\x32\x33\x2e\x35\x33\x20\x2d\x32\x38\
\x2e\x32\x34\x20\x33\x36\x2e\x34\x37\x20\x2d\x36\x32\x2e\x33\x35\
\x20\x6c\x2d\x33\x38\x2e\x38\x32\x20\x2d\x33\x32\x2e\x39\x34\x20\
\x71\x2d\x32\x30\x20\x2d\x31\x37\x2e\x36\x35\x20\x2d\x32\x30\x20\
\x2d\x34\x34\x2e\x37\x31\x20\x71\x30\x20\x2d\x32\x37\x2e\x30\x36\
\x20\x32\x30\x20\x2d\x34\x34\x2e\x37\x31\x20\x6c\x33\x38\x2e\x38\
\x32\x20\x2d\x33\x32\x2e\x39\x34\x20\x71\x2d\x31\x32\x2e\x39\x34\
\x20\x2d\x33\x34\x2e\x31\x31\x20\x2d\x33\x36\x2e\x34\x37\x20\x2d\
\x36\x32\x2e\x33\x35\x20\x6c\x2d\x34\x37\x2e\x30\x36\x20\x31\x36\
\x2e\x34\x37\x20\x71\x2d\x32\x35\x2e\x38\x38\x20\x39\x2e\x34\x31\
\x20\x2d\x34\x39\x2e\x34\x31\x20\x2d\x34\x2e\x31\x32\x20\x71\x2d\
\x32\x33\x2e\x35\x33\x20\x2d\x31\x33\x2e\x35\x33\x20\x2d\x32\x38\
\x2e\x32\x34\x20\x2d\x34\x30\x2e\x35\x39\x20\x6c\x2d\x39\x2e\x34\
\x31\x20\x2d\x34\x39\x2e\x34\x31\x20\x71\x2d\x33\x36\x2e\x34\x37\
\x20\x2d\x35\x2e\x38\x38\x20\x2d\x37\x32\x2e\x39\x34\x20\x30\x20\
\x6c\x2d\x39\x2e\x34\x31\x20\x34\x39\x2e\x34\x31\x20\x71\x2d\x34\
\x2e\x37\x31\x20\x32\x37\x2e\x30\x36\x20\x2d\x32\x38\x2e\x32\x34\
\x20\x34\x30\x2e\x35\x39\x20\x71\x2d\x32\x33\x2e\x35\x33\x20\x31\
\x33\x2e\x35\x33\x20\x2d\x34\x39\x2e\x34\x31\x20\x34\x2e\x31\x32\
\x20\x6c\x2d\x34\x37\x2e\x30\x36\x20\x2d\x31\x36\x2e\x34\x37\x20\
\x71\x2d\x32\x33\x2e\x35\x33\x20\x32\x38\x2e\x32\x34\x20\x2d\x33\
\x36\x2e\x34\x37\x20\x36\x32\x2e\x33\x35\x20\x5a\x4d\x31\x37\x37\
\x2e\x30\x36\x20\x32\x35\x30\x20\x71\x30\x20\x2d\x33\x30\x2e\x35\
\x39\x20\x32\x31\x2e\x31\x38\x20\x2d\x35\x31\x2e\x37\x36\x20\x71\
\x32\x31\x2e\x31\x37\x20\x2d\x32\x31\x2e\x31\x38\x20\x35\x31\x2e\
\x37\x36\x20\x2d\x32\x31\x2e\x37\x37\x20\x71\x33\x30\x2e\x35\x39\
\x20\x2d\x30\x2e\x35\x39\x20\x35\x32\x2e\x33\x36\x20\x32\x31\x2e\
\x31\x37\x20\x71\x32\x31\x2e\x37\x36\x20\x32\x31\x2e\x37\x37\x20\
\x32\x31\x2e\x37\x36\x20\x35\x32\x2e\x33\x36\x20\x71\x30\x20\x33\
\x30\x2e\x35\x39\x20\x2d\x32\x31\x2e\x37\x36\x20\x35\x31\x2e\x37\
\x36\x20\x71\x2d\x32\x31\x2e\x37\x37\x20\x32\x31\x2e\x31\x38\x20\
\x2d\x35\x32\x2e\x33\x36\x20\x32\x31\x2e\x37\x36\x20\x71\x2d\x33\
\x30\x2e\x35\x39\x20\x30\x2e\x35\x39\x20\x2d\x35\x31\x2e\x37\x36\
\x20\x2d\x32\x31\x2e\x31\x37\x20\x71\x2d\x32\x31\x2e\x31\x38\x20\
\x2d\x32\x31\x2e\x37\x37\x20\x2d\x32\x31\x2e\x31\x38\x20\x2d\x35\
\x32\x2e\x33\x36\x20\x5a\x4d\x32\x30\x36\x2e\x34\x37\x20\x32\x35\
\x30\x20\x71\x30\x20\x31\x38\x2e\x38\x32\x20\x31\x32\x2e\x39\x34\
\x20\x33\x31\x2e\x31\x37\x20\x71\x31\x32\x2e\x39\x34\x20\x31\x32\
\x2e\x33\x36\x20\x33\x31\x2e\x31\x37\x20\x31\x32\x2e\x33\x36\x20\
\x71\x31\x38\x2e\x32\x34\x20\x30\x20\x33\x31\x2e\x31\x38\x20\x2d\
\x31\x32\x2e\x33\x36\x20\x71\x31\x32\x2e\x39\x34\x20\x2d\x31\x32\
\x2e\x33\x35\x20\x31\x32\x2e\x39\x34\x20\x2d\x33\x31\x2e\x31\x37\
\x20\x71\x30\x20\x2d\x31\x38\x2e\x38\x32\x20\x2d\x31\x32\x2e\x39\
\x34\x20\x2d\x33\x31\x2e\x37\x36\x20\x71\x2d\x31\x32\x2e\x39\x34\
\x20\x2d\x31\x32\x2e\x39\x35\x20\x2d\x33\x31\x2e\x31\x38\x20\x2d\
\x31\x32\x2e\x39\x35\x20\x71\x2d\x31\x38\x2e\x32\x33\x20\x30\x20\
\x2d\x33\x31\x2e\x31\x37\x20\x31\x32\x2e\x39\x35\x20\x71\x2d\x31\
\x32\x2e\x39\x34\x20\x31\x32\x2e\x39\x34\x20\x2d\x31\x32\x2e\x39\
\x34\x20\x33\x31\x2e\x37\x36\x20\x5a\x22\x2f\x3e\x3c\x2f\x73\x76\
\x67\x3e\
\x00\x00\x05\xbf\
\x3c\
\x3f\x78\x6d\x6c\x20\x76\x65\x72\x73\x69\x6f\x6e\x3d\x22\x31\x2e\
\x30\x22\x20\x65\x6e\x63\x6f\x64\x69\x6e\x67\x3d\x22\x75\x74\x66\
\x2d\x38\x22\x3f\x3e\x0d\x0a\x3c\x73\x76\x67\x20\x69\x64\x3d\x22\
\x69\x63\x5f\x66\x6c\x75\x65\x6e\x74\x5f\x73\x65\x74\x74\x69\x6e\
\x67\x73\x5f\x32\x30\x5f\x66\x69\x6c\x6c\x65\x64\x22\x20\x77\x69\
\x64\x74\x68\x3d\x22\x31\x36\x22\x20\x68\x65\x69\x67\x68\x74\x3d\
\x22\x31\x36\x22\x20\x73\x74\x79\x6c\x65\x3d\x22\x77\x69\x64\x74\
\x68\x3a\x31\x36\x70\x78\x3b\x68\x65\x69\x67\x68\x74\x3a\x31\x36\
\x70\x78\x3b\x22\x0d\x0a\x20\x20\x20\x20\x76\x65\x72\x73\x69\x6f\
\x6e\x3d\x22\x31\x2e\x31\x22\x20\x78\x6d\x6c\x6e\x73\x3d\x22\x68\
\x74\x74\x70\x3a\x2f\x2f\x77\x77\x77\x2e\x77\x33\x2e\x6f\x72\x67\
\x2f\x32\x30\x30\x30\x2f\x73\x76\x67\x22\x20\x76\x69\x65\x77\x42\
\x6f\x78\x3d\x22\x30\x20\x30\x20\x35\x30\x30\x20\x35\x30\x30\x22\
\x0d\x0a\x20\x20\x20\x20\x65\x6e\x61\x62\x6c\x65\x2d\x62\x61\x63\
\x6b\x67\x72\x6f\x75\x6e\x64\x3d\x22\x6e\x65\x77\x20\x30\x20\x30\
\x20\x35\x30\x30\x20\x35\x30\x30\x22\x20\x78\x6d\x6c\x3a\x73\x70\
\x61\x63\x65\x3d\x22\x70\x72\x65\x73\x65\x72\x76\x65\x22\x3e\x0d\
\x0a\x20\x20\x20\x20\x3c\x70\x61\x74\x68\x20\x66\x69\x6c\x6c\x3d\
\x22\x23\x66\x66\x66\x66\x66\x66\x22\x20\x64\x3d\x22\x4d\x31\x32\
\x2e\x33\x35\x20\x31\x37\x33\x2e\x35\x33\x20\x71\x31\x36\x2e\x34\
\x37\x20\x2d\x35\x31\x2e\x37\x37\x20\x35\x31\x2e\x37\x37\x20\x2d\
\x39\x30\x2e\x35\x39\x20\x71\x37\x2e\x30\x36\x20\x2d\x38\x2e\x32\
\x33\x20\x31\x36\x2e\x34\x37\x20\x2d\x34\x2e\x37\x20\x6c\x35\x36\
\x2e\x34\x37\x20\x32\x30\x20\x71\x31\x32\x2e\x39\x34\x20\x34\x2e\
\x37\x20\x32\x34\x2e\x37\x20\x2d\x31\x2e\x37\x37\x20\x71\x31\x31\
\x2e\x37\x37\x20\x2d\x36\x2e\x34\x37\x20\x31\x34\x2e\x31\x32\x20\
\x2d\x32\x30\x2e\x35\x39\x20\x6c\x31\x30\x2e\x35\x39\x20\x2d\x35\
\x38\x2e\x38\x32\x20\x71\x31\x2e\x31\x38\x20\x2d\x39\x2e\x34\x31\
\x20\x31\x31\x2e\x37\x37\x20\x2d\x31\x31\x2e\x37\x37\x20\x71\x35\
\x31\x2e\x37\x36\x20\x2d\x31\x30\x2e\x35\x38\x20\x31\x30\x33\x2e\
\x35\x32\x20\x30\x20\x71\x31\x30\x2e\x35\x39\x20\x32\x2e\x33\x36\
\x20\x31\x31\x2e\x37\x37\x20\x31\x31\x2e\x37\x37\x20\x6c\x31\x30\
\x2e\x35\x39\x20\x35\x38\x2e\x38\x32\x20\x71\x32\x2e\x33\x35\x20\
\x31\x34\x2e\x31\x32\x20\x31\x34\x2e\x31\x32\x20\x32\x30\x2e\x35\
\x39\x20\x71\x31\x31\x2e\x37\x36\x20\x36\x2e\x34\x37\x20\x32\x34\
\x2e\x37\x20\x31\x2e\x37\x37\x20\x6c\x35\x36\x2e\x34\x37\x20\x2d\
\x32\x30\x20\x71\x39\x2e\x34\x31\x20\x2d\x33\x2e\x35\x33\x20\x31\
\x36\x2e\x34\x37\x20\x34\x2e\x37\x20\x71\x33\x35\x2e\x33\x20\x33\
\x38\x2e\x38\x32\x20\x35\x31\x2e\x37\x37\x20\x39\x30\x2e\x35\x39\
\x20\x71\x33\x2e\x35\x33\x20\x39\x2e\x34\x31\x20\x2d\x34\x2e\x37\
\x31\x20\x31\x35\x2e\x32\x39\x20\x6c\x2d\x34\x34\x2e\x37\x20\x33\
\x38\x2e\x38\x33\x20\x71\x2d\x31\x30\x2e\x35\x39\x20\x38\x2e\x32\
\x33\x20\x2d\x31\x30\x2e\x35\x39\x20\x32\x32\x2e\x33\x35\x20\x71\
\x30\x20\x31\x34\x2e\x31\x32\x20\x31\x30\x2e\x35\x39\x20\x32\x32\
\x2e\x33\x35\x20\x6c\x34\x34\x2e\x37\x20\x33\x38\x2e\x38\x33\x20\
\x71\x38\x2e\x32\x34\x20\x35\x2e\x38\x38\x20\x34\x2e\x37\x31\x20\
\x31\x35\x2e\x32\x39\x20\x71\x2d\x31\x36\x2e\x34\x37\x20\x35\x31\
\x2e\x37\x37\x20\x2d\x35\x31\x2e\x37\x37\x20\x39\x30\x2e\x35\x39\
\x20\x71\x2d\x37\x2e\x30\x36\x20\x38\x2e\x32\x33\x20\x2d\x31\x36\
\x2e\x34\x37\x20\x34\x2e\x37\x20\x6c\x2d\x35\x36\x2e\x34\x37\x20\
\x2d\x32\x30\x20\x71\x2d\x31\x32\x2e\x39\x34\x20\x2d\x34\x2e\x37\
\x20\x2d\x32\x34\x2e\x37\x20\x31\x2e\x37\x37\x20\x71\x2d\x31\x31\
\x2e\x37\x36\x20\x36\x2e\x34\x37\x20\x2d\x31\x34\x2e\x31\x32\x20\
\x32\x30\x2e\x35\x39\x20\x6c\x2d\x31\x30\x2e\x35\x39\x20\x35\x38\
\x2e\x38\x32\x20\x71\x2d\x31\x2e\x31\x38\x20\x39\x2e\x34\x31\x20\
\x2d\x31\x31\x2e\x37\x37\x20\x31\x31\x2e\x37\x37\x20\x71\x2d\x35\
\x31\x2e\x37\x36\x20\x31\x30\x2e\x35\x38\x20\x2d\x31\x30\x33\x2e\
\x35\x32\x20\x30\x20\x71\x2d\x31\x30\x2e\x35\x39\x20\x2d\x32\x2e\
\x33\x36\x20\x2d\x31\x31\x2e\x37\x37\x20\x2d\x31\x31\x2e\x37\x37\
\x20\x6c\x2d\x31\x30\x2e\x35\x39\x20\x2d\x35\x38\x2e\x38\x32\x20\
\x71\x2d\x32\x2e\x33\x35\x20\x2d\x31\x34\x2e\x31\x32\x20\x2d\x31\
\x34\x2e\x31\x32\x20\x2d\x32\x30\x2e\x35\x39\x20\x71\x2d\x31\x31\
\x2e\x37\x36\x20\x2d\x36\x2e\x34\x37\x20\x2d\x32\x34\x2e\x37\x20\
\x2d\x31\x2e\x37\x37\x20\x6c\x2d\x35\x36\x2e\x34\x37\x20\x32\x30\
\x20\x71\x2d\x39\x2e\x34\x31\x20\x33\x2e\x35\x33\x20\x2d\x31\x36\
\x2e\x34\x37\x20\x2d\x34\x2e\x37\x20\x71\x2d\x33\x35\x2e\x33\x20\
\x2d\x33\x38\x2e\x38\x32\x20\x2d\x35\x31\x2e\x37\x37\x20\x2d\x39\
\x30\x2e\x35\x39\x20\x71\x2d\x33\x2e\x35\x33\x20\x2d\x39\x2e\x34\
\x31\x20\x34\x2e\x37\x31\x20\x2d\x31\x35\x2e\x32\x39\x20\x6c\x34\
\x34\x2e\x37\x20\x2d\x33\x38\x2e\x38\x33\x20\x71\x31\x30\x2e\x35\
\x39\x20\x2d\x38\x2e\x32\x33\x20\x31\x30\x2e\x35\x39\x20\x2d\x32\
\x32\x2e\x33\x35\x20\x71\x30\x20\x2d\x31\x34\x2e\x31\x32\x20\x2d\
\x31\x30\x2e\x35\x39\x20\x2d\x32\x32\x2e\x33\x35\x20\x6c\x2d\x34\
\x34\x2e\x37\x20\x2d\x33\x38\x2e\x38\x33\x20\x71\x2d\x38\x2e\x32\
\x34\x20\x2d\x35\x2e\x38\x38\x20\x2d\x34\x2e\x37\x31\x20\x2d\x31\
\x35\x2e\x32\x39\x20\x5a\x4d\x31\x39\x31\x2e\x31\x38\x20\x32\x35\
\x30\x20\x71\x30\x20\x31\x35\x2e\x32\x39\x20\x37\x2e\x36\x34\x20\
\x32\x39\x2e\x34\x31\x20\x71\x37\x2e\x36\x35\x20\x31\x34\x2e\x31\
\x32\x20\x32\x31\x2e\x37\x37\x20\x32\x31\x2e\x37\x36\x20\x71\x31\
\x34\x2e\x31\x32\x20\x37\x2e\x36\x35\x20\x32\x39\x2e\x34\x31\x20\
\x37\x2e\x36\x35\x20\x71\x31\x35\x2e\x32\x39\x20\x30\x20\x32\x39\
\x2e\x34\x31\x20\x2d\x37\x2e\x36\x35\x20\x71\x31\x34\x2e\x31\x32\
\x20\x2d\x37\x2e\x36\x34\x20\x32\x31\x2e\x37\x36\x20\x2d\x32\x31\
\x2e\x37\x36\x20\x71\x37\x2e\x36\x35\x20\x2d\x31\x34\x2e\x31\x32\
\x20\x37\x2e\x36\x35\x20\x2d\x32\x39\x2e\x34\x31\x20\x71\x30\x20\
\x2d\x32\x34\x2e\x37\x31\x20\x2d\x31\x37\x2e\x30\x36\x20\x2d\x34\
\x31\x2e\x37\x36\x20\x71\x2d\x31\x37\x2e\x30\x36\x20\x2d\x31\x37\
\x2e\x30\x36\x20\x2d\x34\x31\x2e\x37\x36\x20\x2d\x31\x37\x2e\x30\
\x36\x20\x71\x2d\x32\x34\x2e\x37\x31\x20\x30\x20\x2d\x34\x31\x2e\
\x37\x36\x20\x31\x37\x2e\x30\x36\x20\x71\x2d\x31\x37\x2e\x30\x36\
\x20\x31\x37\x2e\x30\x35\x20\x2d\x31\x37\x2e\x30\x36\x20\x34\x31\
\x2e\x37\x36\x20\x5a\x22\x2f\x3e\x3c\x2f\x73\x76\x67\x3e\
\x00\x00\x05\xbf\
\x3c\
\x3f\x78\x6d\x6c\x20\x76\x65\x72\x73\x69\x6f\x6e\x3d\x22\x31\x2e\
\x30\x22\x20\x65\x6e\x63\x6f\x64\x69\x6e\x67\x3d\x22\x75\x74\x66\
\x2d\x38\x22\x3f\x3e\x0d\x0a\x3c\x73\x76\x67\x20\x69\x64\x3d\x22\
\x69\x63\x5f\x66\x6c\x75\x65\x6e\x74\x5f\x73\x65\x74\x74\x69\x6e\
\x67\x73\x5f\x32\x30\x5f\x66\x69\x6c\x6c\x65\x64\x22\x20\x77\x69\
\x64\x74\x68\x3d\x22\x31\x36\x22\x20\x68\x65\x69\x67\x68\x74\x3d\
\x22\x31\x36\x22\x20\x73\x74\x79\x6c\x65\x3d\x22\x77\x69\x64\x74\
\x68\x3a\x31\x36\x70\x78\x3b\x68\x65\x69\x67\x68\x74\x3a\x31\x36\
\x70\x78\x3b\x22\x0d\x0a\x20\x20\x20\x20\x76\x65\x72\x73\x69\x6f\
\x6e\x3d\x22\x31\x2e\x31\x22\x20\x78\x6d\x6c\x6e\x73\x3d\x22\x68\
\x74\x74\x70\x3a\x2f\x2f\x77\x77\x77\x2e\x77\x33\x2e\x6f\x72\x67\
\x2f\x32\x30\x30\x30\x2f\x73\x76\x67\x22\x20\x76\x69\x65\x77\x42\
\x6f\x78\x3d\x22\x30\x20\x30\x20\x35\x30\x30\x20\x35\x30\x30\x22\
\x0d\x0a\x20\x20\x20\x20\x65\x6e\x61\x62\x6c\x65\x2d\x62\x61\x63\
\x6b\x67\x72\x6f\x75\x6e\x64\x3d\x22\x6e\x65\x77\x20\x30\x20\x30\
\x20\x35\x30\x30\x20\x35\x30\x30\x22\x20\x78\x6d\x6c\x3a\x73\x70\
\x61\x63\x65\x3d\x22\x70\x72\x65\x73\x65\x72\x76\x65\x22\x3e\x0d\
\x0a\x20\x20\x20\x20\x3c\x70\x61\x74\x68\x20\x66\x69\x6c\x6c\x3d\
\x22\x23\x30\x30\x30\x30\x30\x30\x22\x20\x64\x3d\x22\x4d\x31\x32\
\x2e\x33\x35\x20\x31\x37\x33\x2e\x35\x33\x20\x71\x31\x36\x2e\x34\
\x37\x20\x2d\x35\x31\x2e\x37\x37\x20\x35\x31\x2e\x37\x37\x20\x2d\
\x39\x30\x2e\x35\x39\x20\x71\x37\x2e\x30\x36\x20\x2d\x38\x2e\x32\
\x33\x20\x31\x36\x2e\x34\x37\x20\x2d\x34\x2e\x37\x20\x6c\x35\x36\
\x2e\x34\x37\x20\x32\x30\x20\x71\x31\x32\x2e\x39\x34\x20\x34\x2e\
\x37\x20\x32\x34\x2e\x37\x20\x2d\x31\x2e\x37\x37\x20\x71\x31\x31\
\x2e\x37\x37\x20\x2d\x36\x2e\x34\x37\x20\x31\x34\x2e\x31\x32\x20\
\x2d\x32\x30\x2e\x35\x39\x20\x6c\x31\x30\x2e\x35\x39\x20\x2d\x35\
\x38\x2e\x38\x32\x20\x71\x31\x2e\x31\x38\x20\x2d\x39\x2e\x34\x31\
\x20\x31\x31\x2e\x37\x37\x20\x2d\x31\x31\x2e\x37\x37\x20\x71\x35\
\x31\x2e\x37\x36\x20\x2d\x31\x30\x2e\x35\x38\x20\x31\x30\x33\x2e\
\x35\x32\x20\x30\x20\x71\x31\x30\x2e\x35\x39\x20\x32\x2e\x33\x36\
\x20\x31\x31\x2e\x37\x37\x20\x31\x31\x2e\x37\x37\x20\x6c\x31\x30\
\x2e\x35\x39\x20\x35\x38\x2e\x38\x32\x20\x71\x32\x2e\x33\x35\x20\
\x31\x34\x2e\x31\x32\x20\x31\x34\x2e\x31\x32\x20\x32\x30\x2e\x35\
\x39\x20\x71\x31\x31\x2e\x37\x36\x20\x36\x2e\x34\x37\x20\x32\x34\
\x2e\x37\x20\x31\x2e\x37\x37\x20\x6c\x35\x36\x2e\x34\x37\x20\x2d\
\x32\x30\x20\x71\x39\x2e\x34\x31\x20\x2d\x33\x2e\x35\x33\x20\x31\
\x36\x2e\x34\x37\x20\x34\x2e\x37\x20\x71\x33\x35\x2e\x33\x20\x33\
\x38\x2e\x38\x32\x20\x35\x31\x2e\x37\x37\x20\x39\x30\x2e\x35\x39\
\x20\x71\x33\x2e\x35\x33\x20\x39\x2e\x34\x31\x20\x2d\x34\x2e\x37\
\x31\x20\x31\x35\x2e\x32\x39\x20\x6c\x2d\x34\x34\x2e\x37\x20\x33\
\x38\x2e\x38\x33\x20\x71\x2d\x31\x30\x2e\x35\x39\x20\x38\x2e\x32\
\x33\x20\x2d\x31\x30\x2e\x35\x39\x20\x32\x32\x2e\x33\x35\x20\x71\
\x30\x20\x31\x34\x2e\x31\x32\x20\x31\x30\x2e\x35\x39\x20\x32\x32\
\x2e\x33\x35\x20\x6c\x34\x34\x2e\x37\x20\x33\x38\x2e\x38\x33\x20\
\x71\x38\x2e\x32\x34\x20\x35\x2e\x38\x38\x20\x34\x2e\x37\x31\x20\
\x31\x35\x2e\x32\x39\x20\x71\x2d\x31\x36\x2e\x34\x37\x20\x35\x31\
\x2e\x37\x37\x20\x2d\x35\x31\x2e\x37\x37\x20\x39\x30\x2e\x35\x39\
\x20\x71\x2d\x37\x2e\x30\x36\x20\x38\x2e\x32\x33\x20\x2d\x31\x36\
\x2e\x34\x37\x20\x34\x2e\x37\x20\x6c\x2d\x35\x36\x2e\x34\x37\x20\
\x2d\x32\x30\x20\x71\x2d\x31\x32\x2e\x39\x34\x20\x2d\x34\x2e\x37\
\x20\x2d\x32\x34\x2e\x37\x20\x31\x2e\x37\x37\x20\x71\x2d\x31\x31\
\x2e\x37\x36\x20\x36\x2e\x34\x37\x20\x2d\x31\x34\x2e\x31\x32\x20\
\x32\x30\x2e\x35\x39\x20\x6c\x2d\x31\x30\x2e\x35\x39\x20\x35\x38\
\x2e\x38\x32\x20\x71\x2d\x31\x2e\x31\x38\x20\x39\x2e\x34\x31\x20\
\x2d\x31\x31\x2e\x37\x37\x20\x31\x31\x2e\x37\x37\x20\x71\x2d\x35\
\x31\x2e\x37\x36\x20\x31\x30\x2e\x35\x38\x20\x2d\x31\x30\x33\x2e\
\x35\x32\x20\x30\x20\x71\x2d\x31\x30\x2e\x35\x39\x20\x2d\x32\x2e\
\x33\x36\x20\x2d\x31\x31\x2e\x37\x37\x20\x2d\x31\x31\x2e\x37\x37\
\x20\x6c\x2d\x31\x30\x2e\x35\x39\x20\x2d\x35\x38\x2e\x38\x32\x20\
\x71\x2d\x32\x2e\x33\x35\x20\x2d\x31\x34\x2e\x31\x32\x20\x2d\x31\
\x34\x2e\x31\x32\x20\x2d\x32\x30\x2e\x35\x39\x20\x71\x2d\x31\x31\
\x2e\x37\x36\x20\x2d\x36\x2e\x34\x37\x20\x2d\x32\x34\x2e\x37\x20\
\x2d\x31\x2e\x37\x37\x20\x6c\x2d\x35\x36\x2e\x34\x37\x20\x32\x30\
\x20\x71\x2d\x39\x2e\x34\x31\x20\x33\x2e\x35\x33\x20\x2d\x31\x36\
\x2e\x34\x37\x20\x2d\x34\x2e\x37\x20\x71\x2d\x33\x35\x2e\x33\x20\
\x2d\x33\x38\x2e\x38\x32\x20\x2d\x35\x31\x2e\x37\x37\x20\x2d\x39\
\x30\x2e\x35\x39\x20\x71\x2d\x33\x2e\x35\x33\x20\x2d\x39\x2e\x34\
\x31\x20\x34\x2e\x37\x31\x20\x2d\x31\x35\x2e\x32\x39\x20\x6c\x34\
\x34\x2e\x37\x20\x2d\x33\x38\x2e\x38\x33\x20\x71\x31\x30\x2e\x35\
\x39\x20\x2d\x38\x2e\x32\x33\x20\x31\x30\x2e\x35\x39\x20\x2d\x32\
\x32\x2e\x33\x35\x20\x71\x30\x20\x2d\x31\x34\x2e\x31\x32\x20\x2d\
\x31\x30\x2e\x35\x39\x20\x2d\x32\x32\x2e\x33\x35\x20\x6c\x2d\x34\
\x34\x2e\x37\x20\x2d\x33\x38\x2e\x38\x33\x20\x71\x2d\x38\x2e\x32\
\x34\x20\x2d\x35\x2e\x38\x38\x20\x2d\x34\x2e\x37\x31\x20\x2d\x31\
\x35\x2e\x32\x39\x20\x5a\x4d\x31\x39\x31\x2e\x31\x38\x20\x32\x35\
\x30\x20\x71\x30\x20\x31\x35\x2e\x32\x39\x20\x37\x2e\x36\x34\x20\
\x32\x39\x2e\x34\x31\x20\x71\x37\x2e\x36\x35\x20\x31\x34\x2e\x31\
\x32\x20\x32\x31\x2e\x37\x37\x20\x32\x31\x2e\x37\x36\x20\x71\x31\
\x34\x2e\x31\x32\x20\x37\x2e\x36\x35\x20\x32\x39\x2e\x34\x31\x20\
\x37\x2e\x36\x35\x20\x71\x31\x35\x2e\x32\x39\x20\x30\x20\x32\x39\
\x2e\x34\x31\x20\x2d\x37\x2e\x36\x35\x20\x71\x31\x34\x2e\x31\x32\
\x20\x2d\x37\x2e\x36\x34\x20\x32\x31\x2e\x37\x36\x20\x2d\x32\x31\
\x2e\x37\x36\x20\x71\x37\x2e\x36\x35\x20\x2d\x31\x34\x2e\x31\x32\
\x20\x37\x2e\x36\x35\x20\x2d\x32\x39\x2e\x34\x31\x20\x71\x30\x20\
\x2d\x32\x34\x2e\x37\x31\x20\x2d\x31\x37\x2e\x30\x36\x20\x2d\x34\
\x31\x2e\x37\x36\x20\x71\x2d\x31\x37\x2e\x30\x36\x20\x2d\x31\x37\
\x2e\x30\x36\x20\x2d\x34\x31\x2e\x37\x36\x20\x2d\x31\x37\x2e\x30\
\x36\x20\x71\x2d\x32\x34\x2e\x37\x31\x20\x30\x20\x2d\x34\x31\x2e\
\x37\x36\x20\x31\x37\x2e\x30\x36\x20\x71\x2d\x31\x37\x2e\x30\x36\
\x20\x31\x37\x2e\x30\x35\x20\x2d\x31\x37\x2e\x30\x36\x20\x34\x31\
\x2e\x37\x36\x20\x5a\x22\x2f\x3e\x3c\x2f\x73\x76\x67\x3e\
\x00\x00\x08\xd3\
\x3c\
\x3f\x78\x6d\x6c\x20\x76\x65\x72\x73\x69\x6f\x6e\x3d\x22\x31\x2e\
\x30\x22\x20\x65\x6e\x63\x6f\x64\x69\x6e\x67\x3d\x22\x75\x74\x66\
\x2d\x38\x22\x3f\x3e\x0d\x0a\x3c\x73\x76\x67\x20\x69\x64\x3d\x22\
\x69\x63\x5f\x66\x6c\x75\x65\x6e\x74\x5f\x73\x65\x74\x74\x69\x6e\
\x67\x73\x5f\x32\x30\x5f\x72\x65\x67\x75\x6c\x61\x72\x22\x20\x77\
\x69\x64\x74\x68\x3d\x22\x31\x36\x22\x20\x68\x65\x69\x67\x68\x74\
\x3d\x22\x31\x36\x22\x20\x73\x74\x79\x6c\x65\x3d\x22\x77\x69\x64\
\x74\x68\x3a\x31\x36\x70\x78\x3b\x68\x65\x69\x67\x68\x74\x3a\x31\
\x36\x70\x78\x3b\x22\x0d\x0a\x20\x20\x20\x20\x76\x65\x72\x73\x69\
\x6f\x6e\x3d\x22\x31\x2e\x31\x22\x20\x78\x6d\x6c\x6e\x73\x3d\x22\
\x68\x74\x74\x70\x3a\x2f\x2f\x77\x77\x77\x2e\x77\x33\x2e\x6f\x72\
\x67\x2f\x32\x30\x30\x30\x2f\x73\x76\x67\x22\x20\x76\x69\x65\x77\
\x42\x6f\x78\x3d\x22\x30\x20\x30\x20\x35\x30\x30\x20\x35\x30\x30\
\x22\x0d\x0a\x20\x20\x20\x20\x65\x6e\x61\x62\x6c\x65\x2d\x62\x61\
\x63\x6b\x67\x72\x6f\x75\x6e\x64\x3d\x22\x6e\x65\x77\x20\x30\x20\
\x30\x20\x35\x30\x30\x20\x35\x30\x30\x22\x20\x78\x6d\x6c\x3a\x73\
\x70\x61\x63\x65\x3d\x22\x70\x72\x65\x73\x65\x72\x76\x65\x22\x3e\
\x3c\x70\x61\x74\x68\x20\x66\x69\x6c\x6c\x3d\x22\x23\x66\x66\x66\
\x66\x66\x66\x22\x20\x64\x3d\x22\x4d\x31\x32\x2e\x33\x35\x20\x31\
\x37\x33\x2e\x35\x33\x20\x71\x31\x36\x2e\x34\x37\x20\x2d\x35\x31\
\x2e\x37\x37\x20\x35\x31\x2e\x37\x37\x20\x2d\x39\x30\x2e\x35\x39\
\x20\x71\x37\x2e\x30\x36\x20\x2d\x38\x2e\x32\x33\x20\x31\x36\x2e\
\x34\x37\x20\x2d\x34\x2e\x37\x20\x6c\x35\x36\x2e\x34\x37\x20\x32\
\x30\x20\x71\x31\x32\x2e\x39\x34\x20\x34\x2e\x37\x20\x32\x34\x2e\
\x37\x20\x2d\x31\x2e\x37\x37\x20\x71\x31\x31\x2e\x37\x37\x20\x2d\
\x36\x2e\x34\x37\x20\x31\x34\x2e\x31\x32\x20\x2d\x32\x30\x2e\x35\
\x39\x20\x6c\x31\x30\x2e\x35\x39\x20\x2d\x35\x38\x2e\x38\x32\x20\
\x71\x31\x2e\x31\x38\x20\x2d\x39\x2e\x34\x31\x20\x31\x31\x2e\x37\
\x37\x20\x2d\x31\x31\x2e\x37\x37\x20\x71\x35\x31\x2e\x37\x36\x20\
\x2d\x31\x30\x2e\x35\x38\x20\x31\x30\x33\x2e\x35\x32\x20\x30\x20\
\x71\x31\x30\x2e\x35\x39\x20\x32\x2e\x33\x36\x20\x31\x31\x2e\x37\
\x37\x20\x31\x31\x2e\x37\x37\x20\x6c\x31\x30\x2e\x35\x39\x20\x35\
\x38\x2e\x38\x32\x20\x71\x32\x2e\x33\x35\x20\x31\x34\x2e\x31\x32\
\x20\x31\x34\x2e\x31\x32\x20\x32\x30\x2e\x35\x39\x20\x71\x31\x31\
\x2e\x37\x36\x20\x36\x2e\x34\x37\x20\x32\x34\x2e\x37\x20\x31\x2e\
\x37\x37\x20\x6c\x35\x36\x2e\x34\x37\x20\x2d\x32\x30\x20\x71\x39\
\x2e\x34\x31\x20\x2d\x33\x2e\x35\x33\x20\x31\x36\x2e\x34\x37\x20\
\x34\x2e\x37\x20\x71\x33\x35\x2e\x33\x20\x33\x38\x2e\x38\x32\x20\
\x35\x31\x2e\x37\x37\x20\x39\x30\x2e\x35\x39\x20\x71\x33\x2e\x35\
\x33\x20\x39\x2e\x34\x31\x20\x2d\x34\x2e\x37\x31\x20\x31\x35\x2e\
\x32\x39\x20\x6c\x2d\x34\x34\x2e\x37\x20\x33\x38\x2e\x38\x33\x20\
\x71\x2d\x31\x30\x2e\x35\x39\x20\x38\x2e\x32\x33\x20\x2d\x31\x30\
\x2e\x35\x39\x20\x32\x32\x2e\x33\x35\x20\x71\x30\x20\x31\x34\x2e\
\x31\x32\x20\x31\x30\x2e\x35\x39\x20\x32\x32\x2e\x33\x35\x20\x6c\
\x34\x34\x2e\x37\x20\x33\x38\x2e\x38\x33\x20\x71\x38\x2e\x32\x34\
\x20\x35\x2e\x38\x38\x20\x34\x2e\x37\x31\x20\x31\x35\x2e\x32\x39\
\x20\x71\x2d\x31\x36\x2e\x34\x37\x20\x35\x31\x2e\x37\x37\x20\x2d\
\x35\x31\x2e\x37\x37\x20\x39\x30\x2e\x35\x39\x20\x71\x2d\x37\x2e\
\x30\x36\x20\x38\x2e\x32\x33\x20\x2d\x31\x36\x2e\x34\x37\x20\x34\
\x2e\x37\x20\x6c\x2d\x35\x36\x2e\x34\x37\x20\x2d\x32\x30\x20\x71\
\x2d\x31\x32\x2e\x39\x34\x20\x2d\x34\x2e\x37\x20\x2d\x32\x34\x2e\
\x37\x20\x31\x2e\x37\x37\x20\x71\x2d\x31\x31\x2e\x37\x36\x20\x36\
\x2e\x34\x37\x20\x2d\x31\x34\x2e\x31\x32\x20\x32\x30\x2e\x35\x39\
\x20\x6c\x2d\x31\x30\x2e\x35\x39\x20\x35\x38\x2e\x38\x32\x20\x71\
\x2d\x31\x2e\x31\x38\x20\x39\x2e\x34\x31\x20\x2d\x31\x31\x2e\x37\
\x37\x20\x31\x31\x2e\x37\x37\x20\x71\x2d\x35\x31\x2e\x37\x36\x20\
\x31\x30\x2e\x35\x38\x20\x2d\x31\x30\x33\x2e\x35\x32\x20\x30\x20\
\x71\x2d\x31\x30\x2e\x35\x39\x20\x2d\x32\x2e\x33\x36\x20\x2d\x31\
\x31\x2e\x37\x37\x20\x2d\x31\x31\x2e\x37\x37\x20\x6c\x2d\x31\x30\
\x2e\x35\x39\x20\x2d\x35\x38\x2e\x38\x32\x20\x71\x2d\x32\x2e\x33\
\x35\x20\x2d\x31\x34\x2e\x31\x32\x20\x2d\x31\x34\x2e\x31\x32\x20\
\x2d\x32\x30\x2e\x35\x39\x20\x71\x2d\x31\x31\x2e\x37\x36\x20\x2d\
\x36\x2e\x34\x37\x20\x2d\x32\x34\x2e\x37\x20\x2d\x31\x2e\x37\x37\
\x20\x6c\x2d\x35\x36\x2e\x34\x37\x20\x32\x30\x20\x71\x2d\x39\x2e\
\x34\x31\x20\x33\x2e\x35\x33\x20\x2d\x31\x36\x2e\x34\x37\x20\x2d\
\x34\x2e\x37\x20\x71\x2d\x33\x35\x2e\x33\x20\x2d\x33\x38\x2e\x38\
\x32\x20\x2d\x35\x31\x2e\x37\x37\x20\x2d\x39\x30\x2e\x35\x39\x20\
\x71\x2d\x33\x2e\x35\x33\x20\x2d\x39\x2e\x34\x31\x20\x34\x2e\x37\
\x31\x20\x2d\x31\x35\x2e\x32\x39\x20\x6c\x34\x34\x2e\x37\x20\x2d\
\x33\x38\x2e\x38\x33\x20\x71\x31\x30\x2e\x35\x39\x20\x2d\x38\x2e\
\x32\x33\x20\x31\x30\x2e\x35\x39\x20\x2d\x32\x32\x2e\x33\x35\x20\
\x71\x30\x20\x2d\x31\x34\x2e\x31\x32\x20\x2d\x31\x30\x2e\x35\x39\
\x20\x2d\x32\x32\x2e\x33\x35\x20\x6c\x2d\x34\x34\x2e\x37\x20\x2d\
\x33\x38\x2e\x38\x33\x20\x71\x2d\x38\x2e\x32\x34\x20\x2d\x35\x2e\
\x38\x38\x20\x2d\x34\x2e\x37\x31\x20\x2d\x31\x35\x2e\x32\x39\x20\
\x5a\x4d\x34\x32\x2e\x39\x34\x20\x31\x37\x32\x2e\x33\x35\x20\x6c\
\x33\x38\x2e\x38\x32\x20\x33\x32\x2e\x39\x34\x20\x71\x32\x30\x20\
\x31\x37\x2e\x36\x35\x20\x32\x30\x20\x34\x34\x2e\x37\x31\x20\x71\
\x30\x20\x32\x37\x2e\x30\x36\x20\x2d\x32\x30\x20\x34\x34\x2e\x37\
\x31\x20\x6c\x2d\x33\x38\x2e\x38\x32\x20\x33\x32\x2e\x39\x34\x20\
\x71\x31\x32\x2e\x39\x34\x20\x33\x34\x2e\x31\x31\x20\x33\x36\x2e\
\x34\x37\x20\x36\x32\x2e\x33\x35\x20\x6c\x34\x37\x2e\x30\x36\x20\
\x2d\x31\x36\x2e\x34\x37\x20\x71\x32\x35\x2e\x38\x38\x20\x2d\x39\
\x2e\x34\x31\x20\x34\x39\x2e\x34\x31\x20\x34\x2e\x31\x32\x20\x71\
\x32\x33\x2e\x35\x33\x20\x31\x33\x2e\x35\x33\x20\x32\x38\x2e\x32\
\x34\x20\x34\x30\x2e\x35\x39\x20\x6c\x39\x2e\x34\x31\x20\x34\x39\
\x2e\x34\x31\x20\x71\x33\x36\x2e\x34\x37\x20\x35\x2e\x38\x38\x20\
\x37\x32\x2e\x39\x34\x20\x30\x20\x6c\x39\x2e\x34\x31\x20\x2d\x34\
\x39\x2e\x34\x31\x20\x71\x34\x2e\x37\x31\x20\x2d\x32\x37\x2e\x30\
\x36\x20\x32\x38\x2e\x32\x34\x20\x2d\x34\x30\x2e\x35\x39\x20\x71\
\x32\x33\x2e\x35\x33\x20\x2d\x31\x33\x2e\x35\x33\x20\x34\x39\x2e\
\x34\x31\x20\x2d\x34\x2e\x31\x32\x20\x6c\x34\x37\x2e\x30\x36\x20\
\x31\x36\x2e\x34\x37\x20\x71\x32\x33\x2e\x35\x33\x20\x2d\x32\x38\
\x2e\x32\x34\x20\x33\x36\x2e\x34\x37\x20\x2d\x36\x32\x2e\x33\x35\
\x20\x6c\x2d\x33\x38\x2e\x38\x32\x20\x2d\x33\x32\x2e\x39\x34\x20\
\x71\x2d\x32\x30\x20\x2d\x31\x37\x2e\x36\x35\x20\x2d\x32\x30\x20\
\x2d\x34\x34\x2e\x37\x31\x20\x71\x30\x20\x2d\x32\x37\x2e\x30\x36\
\x20\x32\x30\x20\x2d\x34\x34\x2e\x37\x31\x20\x6c\x33\x38\x2e\x38\
\x32\x20\x2d\x33\x32\x2e\x39\x34\x20\x71\x2d\x31\x32\x2e\x39\x34\
\x20\x2d\x33\x34\x2e\x31\x31\x20\x2d\x33\x36\x2e\x34\x37\x20\x2d\
\x36\x32\x2e\x33\x35\x20\x6c\x2d\x34\x37\x2e\x30\x36\x20\x31\x36\
\x2e\x34\x37\x20\x71\x2d\x32\x35\x2e\x38\x38\x20\x39\x2e\x34\x31\
\x20\x2d\x34\x39\x2e\x34\x31\x20\x2d\x34\x2e\x31\x32\x20\x71\x2d\
\x32\x33\x2e\x35\x33\x20\x2d\x31\x33\x2e\x35\x33\x20\x2d\x32\x38\
\x2e\x32\x34\x20\x2d\x34\x30\x2e\x35\x39\x20\x6c\x2d\x39\x2e\x34\
\x31\x20\x2d\x34\x39\x2e\x34\x31\x20\x71\x2d\x33\x36\x2e\x34\x37\
\x20\x2d\x35\x2e\x38\x38\x20\x2d\x37\x32\x2e\x39\x34\x20\x30\x20\
\x6c\x2d\x39\x2e\x34\x31\x20\x34\x39\x2e\x34\x31\x20\x71\x2d\x34\
\x2e\x37\x31\x20\x32\x37\x2e\x30\x36\x20\x2d\x32\x38\x2e\x32\x34\
\x20\x34\x30\x2e\x35\x39\x20\x71\x2d\x32\x33\x2e\x35\x33\x20\x31\
\x33\x2e\x35\x33\x20\x2d\x34\x39\x2e\x34\x31\x20\x34\x2e\x31\x32\
\x20\x6c\x2d\x34\x37\x2e\x30\x36\x20\x2d\x31\x36\x2e\x34\x37\x20\
\x71\x2d\x32\x33\x2e\x35\x33\x20\x32\x38\x2e\x32\x34\x20\x2d\x33\
\x36\x2e\x34\x37\x20\x36\x32\x2e\x33\x35\x20\x5a\x4d\x31\x37\x37\
\x2e\x30\x36\x20\x32\x35\x30\x20\x71\x30\x20\x2d\x33\x30\x2e\x35\
\x39\x20\x32\x31\x2e\x31\x38\x20\x2d\x35\x31\x2e\x37\x36\x20\x71\
\x32\x31\x2e\x31\x37\x20\x2d\x32\x31\x2e\x31\x38\x20\x35\x31\x2e\
\x37\x36\x20\x2d\x32\x31\x2e\x37\x37\x20\x71\x33\x30\x2e\x35\x39\
\x20\x2d\x30\x2e\x35\x39\x20\x35\x32\x2e\x33\x36\x20\x32\x31\x2e\
\x31\x37\x20\x71\x32\x31\x2e\x37\x36\x20\x32\x31\x2e\x37\x37\x20\
\x32\x31\x2e\x37\x36\x20\x35\x32\x2e\x33\x36\x20\x71\x30\x20\x33\
\x30\x2e\x35\x39\x20\x2d\x32\x31\x2e\x37\x36\x20\x35\x31\x2e\x37\
\x36\x20\x71\x2d\x32\x31\x2e\x37\x37\x20\x32\x31\x2e\x31\x38\x20\
\x2d\x35\x32\x2e\x33\x36\x20\x32\x31\x2e\x37\x36\x20\x71\x2d\x33\
\x30\x2e\x35\x39\x20\x30\x2e\x35\x39\x20\x2d\x35\x31\x2e\x37\x36\
\x20\x2d\x32\x31\x2e\x31\x37\x20\x71\x2d\x32\x31\x2e\x31\x38\x20\
\x2d\x32\x31\x2e\x37\x37\x20\x2d\x32\x31\x2e\x31\x38\x20\x2d\x35\
\x32\x2e\x33\x36\x20\x5a\x4d\x32\x30\x36\x2e\x34\x37\x20\x32\x35\
\x30\x20\x71\x30\x20\x31\x38\x2e\x38\x32\x20\x31\x32\x2e\x39\x34\
\x20\x33\x31\x2e\x31\x37\x20\x71\x31\x32\x2e\x39\x34\x20\x31\x32\
\x2e\x33\x36\x20\x33\x31\x2e\x31\x37\x20\x31\x32\x2e\x33\x36\x20\
\x71\x31\x38\x2e\x32\x34\x20\x30\x20\x33\x31\x2e\x31\x38\x20\x2d\
\x31\x32\x2e\x33\x36\x20\x71\x31\x32\x2e\x39\x34\x20\x2d\x31\x32\
\x2e\x33\x35\x20\x31\x32\x2e\x39\x34\x20\x2d\x33\x31\x2e\x31\x37\
\x20\x71\x30\x20\x2d\x31\x38\x2e\x38\x32\x20\x2d\x31\x32\x2e\x39\
\x34\x20\x2d\x33\x31\x2e\x37\x36\x20\x71\x2d\x31\x32\x2e\x39\x34\
\x20\x2d\x31\x32\x2e\x39\x35\x20\x2d\x33\x31\x2e\x31\x38\x20\x2d\
\x31\x32\x2e\x39\x35\x20\x71\x2d\x31\x38\x2e\x32\x33\x20\x30\x20\
\x2d\x33\x31\x2e\x31\x37\x20\x31\x32\x2e\x39\x35\x20\x71\x2d\x31\
\x32\x2e\x39\x34\x20\x31\x32\x2e\x39\x34\x20\x2d\x31\x32\x2e\x39\
\x34\x20\x33\x31\x2e\x37\x36\x20\x5a\x22\x2f\x3e\x3c\x2f\x73\x76\
\x67\x3e\
\x00\x00\x08\xf8\
\x3c\
\xb8\x64\x18\xca\xef\x9c\x95\xcd\x21\x1c\xbf\x60\xa1\xbd\xdd\xa7\
\x00\x00\x00\x05\x7a\x68\x5f\x48\x4b\x42\x00\x00\x00\xe0\x00\x04\
\xa8\x8b\x00\x00\x02\xeb\x00\x04\xec\x30\x00\x00\x03\xba\x00\x47\
\x96\xc4\x00\x00\x00\x2b\x00\x52\xfd\xf4\x00\x00\x04\xdd\x01\xe7\
\xf5\x54\x00\x00\x02\x54\x03\x16\xd0\x0b\x00\x00\x03\xe7\x03\x58\
\x11\x75\x00\x00\x02\x1b\x05\x22\x3f\xe9\x00\x00\x05\xf9\x05\xe7\
\x0c\x35\x00\x00\x05\x43\x06\x7a\x76\xa3\x00\x00\x00\x97\x06\xef\
\x32\x94\x00\x00\x05\x0b\x07\x45\x88\x3b\x00\x00\x05\xbc\x07\x9a\
\x80\xd3\x00\x00\x01\xb7\x08\x08\xb7\x94\x00\x00\x02\xb5\x08\x4e\
\xb2\xf5\x00\x00\x04\xac\x09\x51\xe9\xd3\x00\x00\x01\x5a\x09\x98\
\xfa\xc4\x00\x00\x03\x18\x0a\x7b\x7a\x85\x00\x00\x06\x83\x0a\xae\
\xbe\xae\x00\x00\x05\x82\x0b\x9e\x96\x59\x00\x00\x07\x3c\x0c\xa8\
\x68\x87\x00\x00\x07\x7d\x0c\xbb\x01\x73\x00\x00\x00\x00\x0c\xbb\
\x01\x73\x00\x00\x06\x52\x0c\xc9\xa0\x0e\x00\x00\x07\xc0\x0c\xdc\
\x9d\x2d\x00\x00\x04\x71\x0d\xaa\x85\x5e\x00\x00\x00\xfe\x0e\x60\
\x6f\xf3\x00\x00\x06\xbf\x0f\xaa\x33\xb5\x00\x00\x00\x59\x69\x00\
\x00\x07\xf4\x03\x00\x00\x00\x04\x8a\x2d\x7f\x6e\x08\x00\x00\x00\
\x00\x06\x00\x00\x00\x08\x53\x65\x74\x74\x69\x6e\x67\x73\x07\x00\
\x00\x00\x0a\x4d\x61\x69\x6e\x57\x69\x6e\x64\x6f\x77\x01\x03\x00\
\x00\x00\x04\x95\xdc\x65\xbc\x08\x00\x00\x00\x00\x06\x00\x00\x00\
\x05\x41\x62\x6f\x75\x74\x07\x00\x00\x00\x10\x53\x65\x74\x74\x69\
\x6e\x67\x49\x6e\x74\x65\x72\x66\x61\x63\x65\x01\x03\x00\x00\x00\
\x08\x61\xc9\x75\x28\x4e\x3b\x98\x4c\x08\x00\x00\x00\x00\x06\x00\
\x00\x00\x11\x41\x70\x70\x6c\x69\x63\x61\x74\x69\x6f\x6e\x20\x74\
\x68\x65\x6d\x65\x07\x00\x00\x00\x10\x53\x65\x74\x74\x69\x6e\x67\
\x49\x6e\x74\x65\x72\x66\x61\x63\x65\x01\x03\x00\x00\x00\x14\x7a\
\x97\x53\xe3\x54\x8c\x88\x68\x9e\xb5\x54\x48\x73\xfe\x53\x4a\x90\
\x0f\x66\x0e\x08\x00\x00\x00\x00\x06\x00\x00\x00\x2e\x41\x70\x70\
\x6c\x79\x20\x73\x65\x6d\x69\x20\x74\x72\x61\x6e\x73\x70\x61\x72\
\x65\x6e\x74\x20\x74\x6f\x20\x77\x69\x6e\x64\x6f\x77\x73\x20\x61\
\x6e\x64\x20\x73\x75\x72\x66\x61\x63\x65\x73\x07\x00\x00\x00\x10\
\x53\x65\x74\x74\x69\x6e\x67\x49\x6e\x74\x65\x72\x66\x61\x63\x65\
\x01\x03\x00\x00\x00\x0e\x8a\xbf\x65\x74\x61\xc9\x75\x28\x76\x84\
\x59\x16\x89\xc0\x08\x00\x00\x00\x00\x06\x00\x00\x00\x29\x43\x68\
\x61\x6e\x67\x65\x20\x74\x68\x65\x20\x61\x70\x70\x65\x61\x72\x61\
\x6e\x63\x65\x20\x6f\x66\x20\x79\x6f\x75\x72\x20\x61\x70\x70\x6c\
\x69\x63\x61\x74\x69\x6f\x6e\x07\x00\x00\x00\x10\x53\x65\x74\x74\
\x69\x6e\x67\x49\x6e\x74\x65\x72\x66\x61\x63\x65\x01\x03\x00\x00\
\x00\x14\x8a\xbf\x65\x74\x7d\x44\x4e\xf6\x54\x8c\x5b\x57\x9a\xd4\
\x76\x84\x59\x27\x5c\x0f\x08\x00\x00\x00\x00\x06\x00\x00\x00\x24\
\x43\x68\x61\x6e\x67\x65\x20\x74\x68\x65\x20\x73\x69\x7a\x65\x20\
\x6f\x66\x20\x77\x69\x64\x67\x65\x74\x73\x20\x61\x6e\x64\x20\x66\
\x6f\x6e\x74\x73\x07\x00\x00\x00\x10\x53\x65\x74\x74\x69\x6e\x67\
\x49\x6e\x74\x65\x72\x66\x61\x63\x65\x01\x03\x00\x00\x00\x12\x8e\
\xdf\x4e\xf6\x55\x5f\x52\xd5\x66\x42\x6a\xa2\x67\xe5\x66\xf4\x65\
\xb0\x08\x00\x00\x00\x00\x06\x00\x00\x00\x2d\x43\x68\x65\x63\x6b\
\x20\x66\x6f\x72\x20\x75\x70\x64\x61\x74\x65\x73\x20\x77\x68\x65\
\x6e\x20\x74\x68\x65\x20\x61\x70\x70\x6c\x69\x63\x61\x74\x69\x6f\
\x6e\x20\x73\x74\x61\x72\x74\x73\x07\x00\x00\x00\x10\x53\x65\x74\
\x74\x69\x6e\x67\x49\x6e\x74\x65\x72\x66\x61\x63\x65\x01\x03\x00\
\x00\x00\x08\x6a\xa2\x67\xe5\x66\xf4\x65\xb0\x08\x00\x00\x00\x00\
\x06\x00\x00\x00\x0c\x43\x68\x65\x63\x6b\x20\x75\x70\x64\x61\x74\
\x65\x07\x00\x00\x00\x10\x53\x65\x74\x74\x69\x6e\x67\x49\x6e\x74\
\x65\x72\x66\x61\x63\x65\x01\x03\x00\x00\x00\x14\x91\x4d\x7f\x6e\
\x57\x28\x91\xcd\x55\x5f\x8e\xdf\x4e\xf6\x5f\x8c\x75\x1f\x65\x48\
\x08\x00\x00\x00\x00\x06\x00\x00\x00\x28\x43\x6f\x6e\x66\x69\x67\
\x75\x72\x61\x74\x69\x6f\x6e\x20\x74\x61\x6b\x65\x73\x20\x65\x66\
\x66\x65\x63\x74\x20\x61\x66\x74\x65\x72\x20\x72\x65\x73\x74\x61\
\x72\x74\x07\x00\x00\x00\x10\x53\x65\x74\x74\x69\x6e\x67\x49\x6e\
\x74\x65\x72\x66\x61\x63\x65\x01\x03\x00\x00\x00\x08\x72\x48\x6b\
\x0a\x62\x40\x67\x09\x08\x00\x00\x00\x00\x06\x00\x00\x00\x09\x43\
\x6f\x70\x79\x72\x69\x67\x68\x74\x07\x00\x00\x00\x10\x53\x65\x74\
\x74\x69\x6e\x67\x49\x6e\x74\x65\x72\x66\x61\x63\x65\x01\x03\x00\
\x00\x00\x04\x6d\xf1\x82\x72\x08\x00\x00\x00\x00\x06\x00\x00\x00\
\x04\x44\x61\x72\x6b\x07\x00\x00\x00\x10\x53\x65\x74\x74\x69\x6e\
\x67\x49\x6e\x74\x65\x72\x66\x61\x63\x65\x01\x03\x00\x00\x00\x3e\
\x9a\xee\x73\xfe\x4e\x26\x4e\x86\x89\xe3\x95\xdc\x65\xbc\x00\x20\
\x00\x46\x00\x6c\x00\x75\x00\x65\x00\x6e\x00\x74\x00\x20\x00\x43\
\x00\x6c\x00\x69\x00\x65\x00\x6e\x00\x74\x00\x20\x76\x84\x65\xb0\
\x72\x79\x60\x27\x54\x8c\x67\x00\x4f\x73\x5b\xe6\x8e\x10\x08\x00\
\x00\x00\x00\x06\x00\x00\x00\x3f\x44\x69\x73\x63\x6f\x76\x65\x72\
\x20\x6e\x65\x77\x20\x66\x65\x61\x74\x75\x72\x65\x73\x20\x61\x6e\
\x64\x20\x6c\x65\x61\x72\x6e\x20\x75\x73\x65\x66\x75\x6c\x20\x74\
\x69\x70\x73\x20\x61\x62\x6f\x75\x74\x20\x46\x6c\x75\x65\x6e\x74\
\x20\x43\x6c\x69\x65\x6e\x74\x07\x00\x00\x00\x10\x53\x65\x74\x74\
\x69\x6e\x67\x49\x6e\x74\x65\x72\x66\x61\x63\x65\x01\x03\x00\x00\
\x00\x04\x5e\x6b\x52\xa9\x08\x00\x00\x00\x00\x06\x00\x00\x00\x04\
\x48\x65\x6c\x70\x07\x00\x00\x00\x10\x53\x65\x74\x74\x69\x6e\x67\
\x49\x6e\x74\x65\x72\x66\x61\x63\x65\x01\x03\x00\x00\x00\x32\x63\
\xd0\x4f\x9b\x53\xcd\x99\x4b\x4e\xe5\x5e\x6b\x52\xa9\x62\x11\x50\
\x11\x65\x39\x55\x84\x00\x20\x00\x46\x00\x6c\x00\x75\x00\x65\x00\
\x6e\x00\x74\x00\x20\x00\x43\x00\x6c\x00\x69\x00\x65\x00\x6e\x00\
\x74\x08\x00\x00\x00\x00\x06\x00\x00\x00\x33\x48\x65\x6c\x70\x20\
\x75\x73\x20\x69\x6d\x70\x72\x6f\x76\x65\x20\x46\x6c\x75\x65\x6e\
\x74\x20\x43\x6c\x69\x65\x6e\x74\x20\x62\x79\x20\x70\x72\x6f\x76\
\x69\x64\x69\x6e\x67\x20\x66\x65\x65\x64\x62\x61\x63\x6b\x07\x00\
\x00\x00\x10\x53\x65\x74\x74\x69\x6e\x67\x49\x6e\x74\x65\x72\x66\
\x61\x63\x65\x01\x03\x00\x00\x00\x08\x75\x4c\x9e\xb5\x7e\x2e\x65\
\x3e\x08\x00\x00\x00\x00\x06\x00\x00\x00\x0e\x49\x6e\x74\x65\x72\
\x66\x61\x63\x65\x20\x7a\x6f\x6f\x6d\x07\x00\x00\x00\x10\x53\x65\
\x74\x74\x69\x6e\x67\x49\x6e\x74\x65\x72\x66\x61\x63\x65\x01\x03\
\x00\x00\x00\x04\x8a\x9e\x8a\x00\x08\x00\x00\x00\x00\x06\x00\x00\
\x00\x08\x4c\x61\x6e\x67\x75\x61\x67\x65\x07\x00\x00\x00\x10\x53\
\x65\x74\x74\x69\x6e\x67\x49\x6e\x74\x65\x72\x66\x61\x63\x65\x01\
\x03\x00\x00\x00\x04\x6d\xfa\x82\x72\x08\x00\x00\x00\x00\x06\x00\
\x00\x00\x05\x4c\x69\x67\x68\x74\x07\x00\x00\x00\x10\x53\x65\x74\
\x74\x69\x6e\x67\x49\x6e\x74\x65\x72\x66\x61\x63\x65\x01\x03\x00\
\x00\x00\x08\x96\xf2\x6b\xcd\x65\x48\x67\x9c\x08\x00\x00\x00\x00\
\x06\x00\x00\x00\x0b\x4d\x69\x63\x61\x20\x65\x66\x66\x65\x63\x74\
\x07\x00\x00\x00\x10\x53\x65\x74\x74\x69\x6e\x67\x49\x6e\x74\x65\
\x72\x66\x61\x63\x65\x01\x03\x00\x00\x00\x0c\x62\x53\x95\x8b\x5e\
\x6b\x52\xa9\x98\x01\x9e\xb5\x08\x00\x00\x00\x00\x06\x00\x00\x00\
\x0e\x4f\x70\x65\x6e\x20\x68\x65\x6c\x70\x20\x70\x61\x67\x65\x07\
\x00\x00\x00\x10\x53\x65\x74\x74\x69\x6e\x67\x49\x6e\x74\x65\x72\
\x66\x61\x63\x65\x01\x03\x00\x00\x00\x06\x50\x0b\x60\x27\x53\x16\
\x08\x00\x00\x00\x00\x06\x00\x00\x00\x0f\x50\x65\x72\x73\x6f\x6e\
\x61\x6c\x69\x7a\x61\x74\x69\x6f\x6e\x07\x00\x00\x00\x10\x53\x65\
\x74\x74\x69\x6e\x67\x49\x6e\x74\x65\x72\x66\x61\x63\x65\x01\x03\
\x00\x00\x00\x08\x63\xd0\x4f\x9b\x53\xcd\x99\x4b\x08\x00\x00\x00\
\x00\x06\x00\x00\x00\x10\x50\x72\x6f\x76\x69\x64\x65\x20\x66\x65\
\x65\x64\x62\x61\x63\x6b\x07\x00\x00\x00\x10\x53\x65\x74\x74\x69\
\x6e\x67\x49\x6e\x74\x65\x72\x66\x61\x63\x65\x01\x03\x00\x00\x00\
\x12\x8a\x2d\x7f\x6e\x75\x4c\x9e\xb5\x76\x84\x99\x96\x90\x78\x8a\
\x9e\x8a\x00\x08\x00\x00\x00\x00\x06\x00\x00\x00\x22\x53\x65\x74\
\x20\x79\x6f\x75\x72\x20\x70\x72\x65\x66\x65\x72\x72\x65\x64\x20\
\x6c\x61\x6e\x67\x75\x61\x67\x65\x20\x66\x6f\x72\x20\x55\x49\x07\
\x00\x00\x00\x10\x53\x65\x74\x74\x69\x6e\x67\x49\x6e\x74\x65\x72\
\x66\x61\x63\x65\x01\x03\x00\x00\x00\x04\x8a\x2d\x7f\x6e\x08\x00\
\x00\x00\x00\x06\x00\x00\x00\x08\x53\x65\x74\x74\x69\x6e\x67\x73\
\x07\x00\x00\x00\x10\x53\x65\x74\x74\x69\x6e\x67\x49\x6e\x74\x65\
\x72\x66\x61\x63\x65\x01\x03\x00\x00\x00\x08\x8e\xdf\x4e\xf6\x66\
\xf4\x65\xb0\x08\x00\x00\x00\x00\x06\x00\x00\x00\x0f\x53\x6f\x66\
\x74\x77\x61\x72\x65\x20\x75\x70\x64\x61\x74\x65\x07\x00\x00\x00\
\x10\x53\x65\x74\x74\x69\x6e\x67\x49\x6e\x74\x65\x72\x66\x61\x63\
\x65\x01\x03\x00\x00\x00\x1e\x65\xb0\x72\x48\x67\x2c\x66\xf4\x52\
\xa0\x7a\x69\x5b\x9a\x4e\x14\x64\xc1\x67\x09\x66\xf4\x59\x1a\x65\
\xb0\x72\x79\x60\x27\x08\x00\x00\x00\x00\x06\x00\x00\x00\x3a\x54\
\x68\x65\x20\x6e\x65\x77\x20\x76\x65\x72\x73\x69\x6f\x6e\x20\x77\
\x69\x6c\x6c\x20\x62\x65\x20\x6d\x6f\x72\x65\x20\x73\x74\x61\x62\
\x6c\x65\x20\x61\x6e\x64\x20\x68\x61\x76\x65\x20\x6d\x6f\x72\x65\
\x20\x66\x65\x61\x74\x75\x72\x65\x73\x07\x00\x00\x00\x10\x53\x65\
\x74\x74\x69\x6e\x67\x49\x6e\x74\x65\x72\x66\x61\x63\x65\x01\x03\
\x00\x00\x00\x08\x66\xf4\x65\xb0\x62\x10\x52\x9f\x08\x00\x00\x00\
\x00\x06\x00\x00\x00\x14\x55\x70\x64\x61\x74\x65\x64\x20\x73\x75\
\x63\x63\x65\x73\x73\x66\x75\x6c\x6c\x79\x07\x00\x00\x00\x10\x53\
\x65\x74\x74\x69\x6e\x67\x49\x6e\x74\x65\x72\x66\x61\x63\x65\x01\
\x03\x00\x00\x00\x0c\x8d\xdf\x96\xa8\x7e\x6b\x7d\x71\x8a\x2d\x7f\
\x6e\x08\x00\x00\x00\x00\x06\x00\x00\x00\x12\x55\x73\x65\x20\x73\
\x79\x73\x74\x65\x6d\x20\x73\x65\x74\x74\x69\x6e\x67\x07\x00\x00\
\x00\x10\x53\x65\x74\x74\x69\x6e\x67\x49\x6e\x74\x65\x72\x66\x61\
\x63\x65\x01\x03\x00\x00\x00\x08\x75\x76\x52\x4d\x72\x48\x67\x2c\
\x08\x00\x00\x00\x00\x06\x00\x00\x00\x07\x56\x65\x72\x73\x69\x6f\
\x6e\x07\x00\x00\x00\x10\x53\x65\x74\x74\x69\x6e\x67\x49\x6e\x74\
\x65\x72\x66\x61\x63\x65\x01\
\x00\x00\x08\xf8\
\x3c\
\xb8\x64\x18\xca\xef\x9c\x95\xcd\x21\x1c\xbf\x60\xa1\xbd\xdd\xa7\
\x00\x00\x00\x05\x7a\x68\x5f\x43\x4e\x42\x00\x00\x00\xe0\x00\x04\
\xa8\x8b\x00\x00\x02\xeb\x00\x04\xec\x30\x00\x00\x03\xba\x00\x47\
\x96\xc4\x00\x00\x00\x2b\x00\x52\xfd\xf4\x00\x00\x04\xdd\x01\xe7\
\xf5\x54\x00\x00\x02\x54\x03\x16\xd0\x0b\x00\x00\x03\xe7\x03\x58\
\x11\x75\x00\x00\x02\x1b\x05\x22\x3f\xe9\x00\x00\x05\xf9\x05\xe7\
\x0c\x35\x00\x00\x05\x43\x06\x7a\x76\xa3\x00\x00\x00\x97\x06\xef\
\x32\x94\x00\x00\x05\x0b\x07\x45\x88\x3b\x00\x00\x05\xbc\x07\x9a\
\x80\xd3\x00\x00\x01\xb7\x08\x08\xb7\x94\x00\x00\x02\xb5\x08\x4e\
\xb2\xf5\x00\x00\x04\xac\x09\x51\xe9\xd3\x00\x00\x01\x5a\x09\x98\
\xfa\xc4\x00\x00\x03\x18\x0a\x7b\x7a\x85\x00\x00\x06\x83\x0a\xae\
\xbe\xae\x00\x00\x05\x82\x0b\x9e\x96\x59\x00\x00\x07\x3c\x0c\xa8\
\x68\x87\x00\x00\x07\x7d\x0c\xbb\x01\x73\x00\x00\x00\x00\x0c\xbb\
\x01\x73\x00\x00\x06\x52\x0c\xc9\xa0\x0e\x00\x00\x07\xc0\x0c\xdc\
\x9d\x2d\x00\x00\x04\x71\x0d\xaa\x85\x5e\x00\x00\x00\xfe\x0e\x60\
\x6f\xf3\x00\x00\x06\xbf\x0f\xaa\x33\xb5\x00\x00\x00\x59\x69\x00\
\x00\x07\xf4\x03\x00\x00\x00\x04\x8b\xbe\x7f\x6e\x08\x00\x00\x00\
\x00\x06\x00\x00\x00\x08\x53\x65\x74\x74\x69\x6e\x67\x73\x07\x00\
\x00\x00\x0a\x4d\x61\x69\x6e\x57\x69\x6e\x64\x6f\x77\x01\x03\x00\
\x00\x00\x04\x51\x73\x4e\x8e\x08\x00\x00\x00\x00\x06\x00\x00\x00\
\x05\x41\x62\x6f\x75\x74\x07\x00\x00\x00\x10\x53\x65\x74\x74\x69\
\x6e\x67\x49\x6e\x74\x65\x72\x66\x61\x63\x65\x01\x03\x00\x00\x00\
\x08\x5e\x94\x75\x28\x4e\x3b\x98\x98\x08\x00\x00\x00\x00\x06\x00\
\x00\x00\x11\x41\x70\x70\x6c\x69\x63\x61\x74\x69\x6f\x6e\x20\x74\
\x68\x65\x6d\x65\x07\x00\x00\x00\x10\x53\x65\x74\x74\x69\x6e\x67\
\x49\x6e\x74\x65\x72\x66\x61\x63\x65\x01\x03\x00\x00\x00\x14\x7a\
\x97\x53\xe3\x54\x8c\x88\x68\x97\x62\x54\x48\x73\xb0\x53\x4a\x90\
\x0f\x66\x0e\x08\x00\x00\x00\x00\x06\x00\x00\x00\x2e\x41\x70\x70\
\x6c\x79\x20\x73\x65\x6d\x69\x20\x74\x72\x61\x6e\x73\x70\x61\x72\
\x65\x6e\x74\x20\x74\x6f\x20\x77\x69\x6e\x64\x6f\x77\x73\x20\x61\
\x6e\x64\x20\x73\x75\x72\x66\x61\x63\x65\x73\x07\x00\x00\x00\x10\
\x53\x65\x74\x74\x69\x6e\x67\x49\x6e\x74\x65\x72\x66\x61\x63\x65\
\x01\x03\x00\x00\x00\x0e\x8c\x03\x65\x74\x5e\x94\x75\x28\x76\x84\
\x59\x16\x89\xc2\x08\x00\x00\x00\x00\x06\x00\x00\x00\x29\x43\x68\
\x61\x6e\x67\x65\x20\x74\x68\x65\x20\x61\x70\x70\x65\x61\x72\x61\
\x6e\x63\x65\x20\x6f\x66\x20\x79\x6f\x75\x72\x20\x61\x70\x70\x6c\
\x69\x63\x61\x74\x69\x6f\x6e\x07\x00\x00\x00\x10\x53\x65\x74\x74\
\x69\x6e\x67\x49\x6e\x74\x65\x72\x66\x61\x63\x65\x01\x03\x00\x00\
\x00\x14\x8c\x03\x65\x74\x7e\xc4\x4e\xf6\x54\x8c\x5b\x57\x4f\x53\
\x76\x84\x59\x27\x5c\x0f\x08\x00\x00\x00\x00\x06\x00\x00\x00\x24\
\x43\x68\x61\x6e\x67\x65\x20\x74\x68\x65\x20\x73\x69\x7a\x65\x20\
\x6f\x66\x20\x77\x69\x64\x67\x65\x74\x73\x20\x61\x6e\x64\x20\x66\
\x6f\x6e\x74\x73\x07\x00\x00\x00\x10\x53\x65\x74\x74\x69\x6e\x67\
\x49\x6e\x74\x65\x72\x66\x61\x63\x65\x01\x03\x00\x00\x00\x12\x8f\
\x6f\x4e\xf6\x54\x2f\x52\xa8\x65\xf6\x68\xc0\x67\xe5\x66\xf4\x65\
\xb0\x08\x00\x00\x00\x00\x06\x00\x00\x00\x2d\x43\x68\x65\x63\x6b\
\x20\x66\x6f\x72\x20\x75\x70\x64\x61\x74\x65\x73\x20\x77\x68\x65\
\x6e\x20\x74\x68\x65\x20\x61\x70\x70\x6c\x69\x63\x61\x74\x69\x6f\
\x6e\x20\x73\x74\x61\x72\x74\x73\x07\x00\x00\x00\x10\x53\x65\x74\
\x74\x69\x6e\x67\x49\x6e\x74\x65\x72\x66\x61\x63\x65\x01\x03\x00\
\x00\x00\x08\x68\xc0\x67\xe5\x66\xf4\x65\xb0\x08\x00\x00\x00\x00\
\x06\x00\x00\x00\x0c\x43\x68\x65\x63\x6b\x20\x75\x70\x64\x61\x74\
\x65\x07\x00\x00\x00\x10\x53\x65\x74\x74\x69\x6e\x67\x49\x6e\x74\
\x65\x72\x66\x61\x63\x65\x01\x03\x00\x00\x00\x14\x91\x4d\x7f\x6e\
\x57\x28\x91\xcd\x54\x2f\x8f\x6f\x4e\xf6\x54\x0e\x75\x1f\x65\x48\
\x08\x00\x00\x00\x00\x06\x00\x00\x00\x28\x43\x6f\x6e\x66\x69\x67\
\x75\x72\x61\x74\x69\x6f\x6e\x20\x74\x61\x6b\x65\x73\x20\x65\x66\
\x66\x65\x63\x74\x20\x61\x66\x74\x65\x72\x20\x72\x65\x73\x74\x61\
\x72\x74\x07\x00\x00\x00\x10\x53\x65\x74\x74\x69\x6e\x67\x49\x6e\
\x74\x65\x72\x66\x61\x63\x65\x01\x03\x00\x00\x00\x08\x72\x48\x67\
\x43\x62\x40\x67\x09\x08\x00\x00\x00\x00\x06\x00\x00\x00\x09\x43\
\x6f\x70\x79\x72\x69\x67\x68\x74\x07\x00\x00\x00\x10\x53\x65\x74\
\x74\x69\x6e\x67\x49\x6e\x74\x65\x72\x66\x61\x63\x65\x01\x03\x00\
\x00\x00\x04\x6d\xf1\x82\x72\x08\x00\x00\x00\x00\x06\x00\x00\x00\
\x04\x44\x61\x72\x6b\x07\x00\x00\x00\x10\x53\x65\x74\x74\x69\x6e\
\x67\x49\x6e\x74\x65\x72\x66\x61\x63\x65\x01\x03\x00\x00\x00\x3e\
\x53\xd1\x73\xb0\x5e\x76\x4e\x86\x89\xe3\x51\x73\x4e\x8e\x00\x20\
\x00\x46\x00\x6c\x00\x75\x00\x65\x00\x6e\x00\x74\x00\x20\x00\x43\
\x00\x6c\x00\x69\x00\x65\x00\x6e\x00\x74\x00\x20\x76\x84\x65\xb0\
\x72\x79\x60\x27\x54\x8c\x67\x00\x4f\x73\x5b\x9e\x8d\xf5\x08\x00\
\x00\x00\x00\x06\x00\x00\x00\x3f\x44\x69\x73\x63\x6f\x76\x65\x72\
\x20\x6e\x65\x77\x20\x66\x65\x61\x74\x75\x72\x65\x73\x20\x61\x6e\
\x64\x20\x6c\x65\x61\x72\x6e\x20\x75\x73\x65\x66\x75\x6c\x20\x74\
\x69\x70\x73\x20\x61\x62\x6f\x75\x74\x20\x46\x6c\x75\x65\x6e\x74\
\x20\x43\x6c\x69\x65\x6e\x74\x07\x00\x00\x00\x10\x53\x65\x74\x74\
\x69\x6e\x67\x49\x6e\x74\x65\x72\x66\x61\x63\x65\x01\x03\x00\x00\
\x00\x04\x5e\x2e\x52\xa9\x08\x00\x00\x00\x00\x06\x00\x00\x00\x04\
\x48\x65\x6c\x70\x07\x00\x00\x00\x10\x53\x65\x74\x74\x69\x6e\x67\
\x49\x6e\x74\x65\x72\x66\x61\x63\x65\x01\x03\x00\x00\x00\x32\x63\
\xd0\x4f\x9b\x53\xcd\x99\x88\x4e\xe5\x5e\x2e\x52\xa9\x62\x11\x4e\
\xec\x65\x39\x55\x84\x00\x20\x00\x46\x00\x6c\x00\x75\x00\x65\x00\
\x6e\x00\x74\x00\x20\x00\x43\x00\x6c\x00\x69\x00\x65\x00\x6e\x00\
\x74\x08\x00\x00\x00\x00\x06\x00\x00\x00\x33\x48\x65\x6c\x70\x20\
\x75\x73\x20\x69\x6d\x70\x72\x6f\x76\x65\x20\x46\x6c\x75\x65\x6e\
\x74\x20\x43\x6c\x69\x65\x6e\x74\x20\x62\x79\x20\x70\x72\x6f\x76\
\x69\x64\x69\x6e\x67\x20\x66\x65\x65\x64\x62\x61\x63\x6b\x07\x00\
\x00\x00\x10\x53\x65\x74\x74\x69\x6e\x67\x49\x6e\x74\x65\x72\x66\
\x61\x63\x65\x01\x03\x00\x00\x00\x08\x75\x4c\x97\x62\x7f\x29\x65\
\x3e\x08\x00\x00\x00\x00\x06\x00\x00\x00\x0e\x49\x6e\x74\x65\x72\
\x66\x61\x63\x65\x20\x7a\x6f\x6f\x6d\x07\x00\x00\x00\x10\x53\x65\
\x74\x74\x69\x6e\x67\x49\x6e\x74\x65\x72\x66\x61\x63\x65\x01\x03\
\x00\x00\x00\x04\x8b\xed\x8a\x00\x08\x00\x00\x00\x00\x06\x00\x00\
\x00\x08\x4c\x61\x6e\x67\x75\x61\x67\x65\x07\x00\x00\x00\x10\x53\
\x65\x74\x74\x69\x6e\x67\x49\x6e\x74\x65\x72\x66\x61\x63\x65\x01\
\x03\x00\x00\x00\x04\x6d\x45\x82\x72\x08\x00\x00\x00\x00\x06\x00\
\x00\x00\x05\x4c\x69\x67\x68\x74\x07\x00\x00\x00\x10\x53\x65\x74\
\x74\x69\x6e\x67\x49\x6e\x74\x65\x72\x66\x61\x63\x65\x01\x03\x00\
\x00\x00\x08\x4e\x91\x6b\xcd\x65\x48\x67\x9c\x08\x00\x00\x00\x00\
\x06\x00\x00\x00\x0b\x4d\x69\x63\x61\x20\x65\x66\x66\x65\x63\x74\
\x07\x00\x00\x00\x10\x53\x65\x74\x74\x69\x6e\x67\x49\x6e\x74\x65\
\x72\x66\x61\x63\x65\x01\x03\x00\x00\x00\x0c\x62\x53\x5f\x00\x5e\
\x2e\x52\xa9\x98\x75\x97\x62\x08\x00\x00\x00\x00\x06\x00\x00\x00\
\x0e\x4f\x70\x65\x6e\x20\x68\x65\x6c\x70\x20\x70\x61\x67\x65\x07\
\x00\x00\x00\x10\x53\x65\x74\x74\x69\x6e\x67\x49\x6e\x74\x65\x72\
\x66\x61\x63\x65\x01\x03\x00\x00\x00\x06\x4e\x2a\x60\x27\x53\x16\
\x08\x00\x00\x00\x00\x06\x00\x00\x00\x0f\x50\x65\x72\x73\x6f\x6e\
\x61\x6c\x69\x7a\x61\x74\x69\x6f\x6e\x07\x00\x00\x00\x10\x53\x65\
\x74\x74\x69\x6e\x67\x49\x6e\x74\x65\x72\x66\x61\x63\x65\x01\x03\
\x00\x00\x00\x08\x63\xd0\x4f\x9b\x53\xcd\x99\x88\x08\x00\x00\x00\
\x00\x06\x00\x00\x00\x10\x50\x72\x6f\x76\x69\x64\x65\x20\x66\x65\
\x65\x64\x62\x61\x63\x6b\x07\x00\x00\x00\x10\x53\x65\x74\x74\x69\
\x6e\x67\x49\x6e\x74\x65\x72\x66\x61\x63\x65\x01\x03\x00\x00\x00\
\x12\x8b\xbe\x7f\x6e\x75\x4c\x97\x62\x76\x84\x99\x96\x90\x09\x8b\
\xed\x8a\x00\x08\x00\x00\x00\x00\x06\x00\x00\x00\x22\x53\x65\x74\
\x20\x79\x6f\x75\x72\x20\x70\x72\x65\x66\x65\x72\x72\x65\x64\x20\
\x6c\x61\x6e\x67\x75\x61\x67\x65\x20\x66\x6f\x72\x20\x55\x49\x07\
\x00\x00\x00\x10\x53\x65\x74\x74\x69\x6e\x67\x49\x6e\x74\x65\x72\
\x66\x61\x63\x65\x01\x03\x00\x00\x00\x04\x8b\xbe\x7f\x6e\x08\x00\
\x00\x00\x00\x06\x00\x00\x00\x08\x53\x65\x74\x74\x69\x6e\x67\x73\
\x07\x00\x00\x00\x10\x53\x65\x74\x74\x69\x6e\x67\x49\x6e\x74\x65\
\x72\x66\x61\x63\x65\x01\x03\x00\x00\x00\x08\x8f\x6f\x4e\xf6\x66\
\xf4\x65\xb0\x08\x00\x00\x00\x00\x06\x00\x00\x00\x0f\x53\x6f\x66\
\x74\x77\x61\x72\x65\x20\x75\x70\x64\x61\x74\x65\x07\x00\x00\x00\
\x10\x53\x65\x74\x74\x69\x6e\x67\x49\x6e\x74\x65\x72\x66\x61\x63\
\x65\x01\x03\x00\x00\x00\x1e\x65\xb0\x72\x48\x67\x2c\x66\xf4\x52\
\xa0\x7a\x33\x5b\x9a\x4e\x14\x62\xe5\x67\x09\x66\xf4\x59\x1a\x65\
\xb0\x72\x79\x60\x27\x08\x00\x00\x00\x00\x06\x00\x00\x00\x3a\x54\
\x68\x65\x20\x6e\x65\x77\x20\x76\x65\x72\x73\x69\x6f\x6e\x20\x77\
\x69\x6c\x6c\x20\x62\x65\x20\x6d\x6f\x72\x65\x20\x73\x74\x61\x62\
\x6c\x65\x20\x61\x6e\x64\x20\x68\x61\x76\x65\x20\x6d\x6f\x72\x65\
\x20\x66\x65\x61\x74\x75\x72\x65\x73\x07\x00\x00\x00\x10\x53\x65\
\x74\x74\x69\x6e\x67\x49\x6e\x74\x65\x72\x66\x61\x63\x65\x01\x03\
\x00\x00\x00\x08\x66\xf4\x65\xb0\x62\x10\x52\x9f\x08\x00\x00\x00\
\x00\x06\x00\x00\x00\x14\x55\x70\x64\x61\x74\x65\x64\x20\x73\x75\
\x63\x63\x65\x73\x73\x66\x75\x6c\x6c\x79\x07\x00\x00\x00\x10\x53\
\x65\x74\x74\x69\x6e\x67\x49\x6e\x74\x65\x72\x66\x61\x63\x65\x01\
\x03\x00\x00\x00\x0c\x8d\xdf\x96\x8f\x7c\xfb\x7e\xdf\x8b\xbe\x7f\
\x6e\x08\x00\x00\x00\x00\x06\x00\x00\x00\x12\x55\x73\x65\x20\x73\
\x79\x73\x74\x65\x6d\x20\x73\x65\x74\x74\x69\x6e\x67\x07\x00\x00\
\x00\x10\x53\x65\x74\x74\x69\x6e\x67\x49\x6e\x74\x65\x72\x66\x61\
\x63\x65\x01\x03\x00\x00\x00\x08\x5f\x53\x52\x4d\x72\x48\x67\x2c\
\x08\x00\x00\x00\x00\x06\x00\x00\x00\x07\x56\x65\x72\x73\x69\x6f\
\x6e\x07\x00\x00\x00\x10\x53\x65\x74\x74\x69\x6e\x67\x49\x6e\x74\
\x65\x72\x66\x61\x63\x65\x01\
\x00\x00\x00\xd7\
\x53\
\x65\x74\x74\x69\x6e\x67\x49\x6e\x74\x65\x72\x66\x61\x63\x65\x2c\
\x20\x23\x73\x63\x72\x6f\x6c\x6c\x57\x69\x64\x67\x65\x74\x20\x7b\
\x0d\x0a\x20\x20\x20\x20\x62\x61\x63\x6b\x67\x72\x6f\x75\x6e\x64\
\x2d\x63\x6f\x6c\x6f\x72\x3a\x20\x74\x72\x61\x6e\x73\x70\x61\x72\
\x65\x6e\x74\x3b\x0d\x0a\x7d\x0d\x0a\x0d\x0a\x51\x53\x63\x72\x6f\
\x6c\x6c\x41\x72\x65\x61\x20\x7b\x0d\x0a\x20\x20\x20\x20\x62\x61\
\x63\x6b\x67\x72\x6f\x75\x6e\x64\x2d\x63\x6f\x6c\x6f\x72\x3a\x20\
\x74\x72\x61\x6e\x73\x70\x61\x72\x65\x6e\x74\x3b\x0d\x0a\x20\x20\
\x20\x20\x62\x6f\x72\x64\x65\x72\x3a\x20\x6e\x6f\x6e\x65\x3b\x0d\
\x0a\x7d\x0d\x0a\x0d\x0a\x0d\x0a\x51\x4c\x61\x62\x65\x6c\x23\x73\
\x65\x74\x74\x69\x6e\x67\x4c\x61\x62\x65\x6c\x20\x7b\x0d\x0a\x20\
\x20\x20\x20\x62\x61\x63\x6b\x67\x72\x6f\x75\x6e\x64\x2d\x63\x6f\
\x6c\x6f\x72\x3a\x20\x74\x72\x61\x6e\x73\x70\x61\x72\x65\x6e\x74\
\x3b\x0d\x0a\x7d\x0d\x0a\
\x00\x00\x00\x00\
\
\x00\x00\x00\xec\
\x53\
\x65\x74\x74\x69\x6e\x67\x49\x6e\x74\x65\x72\x66\x61\x63\x65\x2c\
\x20\x23\x73\x63\x72\x6f\x6c\x6c\x57\x69\x64\x67\x65\x74\x20\x7b\
\x0d\x0a\x20\x20\x20\x20\x62\x61\x63\x6b\x67\x72\x6f\x75\x6e\x64\
\x2d\x63\x6f\x6c\x6f\x72\x3a\x20\x74\x72\x61\x6e\x73\x70\x61\x72\
\x65\x6e\x74\x3b\x0d\x0a\x7d\x0d\x0a\x0d\x0a\x51\x53\x63\x72\x6f\
\x6c\x6c\x41\x72\x65\x61\x20\x7b\x0d\x0a\x20\x20\x20\x20\x62\x6f\
\x72\x64\x65\x72\x3a\x20\x6e\x6f\x6e\x65\x3b\x0d\x0a\x20\x20\x20\
\x20\x62\x61\x63\x6b\x67\x72\x6f\x75\x6e\x64\x2d\x63\x6f\x6c\x6f\
\x72\x3a\x20\x74\x72\x61\x6e\x73\x70\x61\x72\x65\x6e\x74\x3b\x0d\
\x0a\x7d\x0d\x0a\x0d\x0a\x0d\x0a\x51\x4c\x61\x62\x65\x6c\x23\x73\
\x65\x74\x74\x69\x6e\x67\x4c\x61\x62\x65\x6c\x20\x7b\x0d\x0a\x20\
\x20\x20\x20\x62\x61\x63\x6b\x67\x72\x6f\x75\x6e\x64\x2d\x63\x6f\
\x6c\x6f\x72\x3a\x20\x74\x72\x61\x6e\x73\x70\x61\x72\x65\x6e\x74\
\x3b\x0d\x0a\x20\x20\x20\x20\x63\x6f\x6c\x6f\x72\x3a\x20\x77\x68\
\x69\x74\x65\x3b\x0d\x0a\x7d\x0d\x0a\x0d\x0a\
\x00\x00\x00\x02\
\x0d\
\x0a\
"

qt_resource_name = b"\
\x00\x03\
\x00\x00\x68\x70\
\x00\x61\
\x00\x70\x00\x70\
\x00\x03\
\x00\x00\x78\xa3\
\x00\x71\
\x00\x73\x00\x73\
\x00\x04\
\x00\x06\xc4\xee\
\x00\x69\
\x00\x31\x00\x38\x00\x6e\
\x00\x06\
\x07\x03\x7d\xc3\
\x00\x69\
\x00\x6d\x00\x61\x00\x67\x00\x65\x00\x73\
\x00\x05\
\x00\x6f\xa6\x53\
\x00\x69\
\x00\x63\x00\x6f\x00\x6e\x00\x73\
\x00\x11\
\x0e\x28\x3c\x87\
\x00\x6c\
\x00\x6f\x00\x63\x00\x61\x00\x74\x00\x69\x00\x6f\x00\x6e\x00\x20\x00\x69\x00\x63\x00\x6f\x00\x6e\x00\x2e\x00\x70\x00\x6e\x00\x67\
\
\x00\x0d\
\x00\x92\xe9\x47\
\x00\x6d\
\x00\x61\x00\x70\x00\x5f\x00\x62\x00\x6c\x00\x61\x00\x63\x00\x6b\x00\x2e\x00\x73\x00\x76\x00\x67\
\x00\x0e\
\x03\x56\xf3\x67\
\x00\x69\
\x00\x63\x00\x6f\x00\x6e\x00\x5f\x00\x62\x00\x6c\x00\x61\x00\x63\x00\x6b\x00\x2e\x00\x73\x00\x76\x00\x67\
\x00\x0e\
\x04\x70\x9a\xc7\
\x00\x69\
\x00\x63\x00\x6f\x00\x6e\x00\x5f\x00\x77\x00\x68\x00\x69\x00\x74\x00\x65\x00\x2e\x00\x73\x00\x76\x00\x67\
\x00\x0d\
\x07\xac\x80\xe7\
\x00\x6d\
\x00\x61\x00\x70\x00\x5f\x00\x77\x00\x68\x00\x69\x00\x74\x00\x65\x00\x2e\x00\x73\x00\x76\x00\x67\
\x00\x12\
\x08\x3e\x04\xa7\
\x00\x53\
\x00\x65\x00\x74\x00\x74\x00\x69\x00\x6e\x00\x67\x00\x73\x00\x5f\x00\x62\x00\x6c\x00\x61\x00\x63\x00\x6b\x00\x2e\x00\x73\x00\x76\
\x00\x67\
\x00\x18\
\x0a\xaa\x69\x87\
\x00\x53\
\x00\x65\x00\x74\x00\x74\x00\x69\x00\x6e\x00\x67\x00\x73\x00\x46\x00\x69\x00\x6c\x00\x6c\x00\x65\x00\x64\x00\x5f\x00\x77\x00\x68\
\x00\x69\x00\x74\x00\x65\x00\x2e\x00\x73\x00\x76\x00\x67\
\x00\x18\
\x0d\x94\x00\x27\
\x00\x53\
\x00\x65\x00\x74\x00\x74\x00\x69\x00\x6e\x00\x67\x00\x73\x00\x46\x00\x69\x00\x6c\x00\x6c\x00\x65\x00\x64\x00\x5f\x00\x62\x00\x6c\
\x00\x61\x00\x63\x00\x6b\x00\x2e\x00\x73\x00\x76\x00\x67\
\x00\x12\
\x0f\x08\x6d\x07\
\x00\x53\
\x00\x65\x00\x74\x00\x74\x00\x69\x00\x6e\x00\x67\x00\x73\x00\x5f\x00\x77\x00\x68\x00\x69\x00\x74\x00\x65\x00\x2e\x00\x73\x00\x76\
\x00\x67\
\x00\x0c\
\x03\x32\xc9\x7d\
\x00\x61\
\x00\x70\x00\x70\x00\x2e\x00\x7a\x00\x68\x00\x5f\x00\x48\x00\x4b\x00\x2e\x00\x71\x00\x6d\
\x00\x0c\
\x03\x3a\x79\x7d\
\x00\x61\
\x00\x70\x00\x70\x00\x2e\x00\x7a\x00\x68\x00\x5f\x00\x43\x00\x4e\x00\x2e\x00\x71\x00\x6d\
\x00\x04\
\x00\x06\xa8\x8b\
\x00\x64\
\x00\x61\x00\x72\x00\x6b\
\x00\x05\
\x00\x72\xfd\xf4\
\x00\x6c\
\x00\x69\x00\x67\x00\x68\x00\x74\
\x00\x15\
\x01\xe3\x32\x03\
\x00\x73\
\x00\x65\x00\x74\x00\x74\x00\x69\x00\x6e\x00\x67\x00\x5f\x00\x69\x00\x6e\x00\x74\x00\x65\x00\x72\x00\x66\x00\x61\x00\x63\x00\x65\
\x00\x2e\x00\x71\x00\x73\x00\x73\
\x00\x11\
\x06\xef\xd0\xa3\
\x00\x6d\
\x00\x61\x00\x70\x00\x5f\x00\x69\x00\x6e\x00\x74\x00\x65\x00\x72\x00\x66\x00\x61\x00\x63\x00\x65\x00\x2e\x00\x71\x00\x73\x00\x73\
\
"

qt_resource_struct_v1 = b"\
\x00\x00\x00\x00\x00\x02\x00\x00\x00\x01\x00\x00\x00\x01\
\x00\x00\x00\x00\x00\x02\x00\x00\x00\x03\x00\x00\x00\x02\
\x00\x00\x00\x0c\x00\x02\x00\x00\x00\x02\x00\x00\x00\x11\
\x00\x00\x00\x18\x00\x02\x00\x00\x00\x02\x00\x00\x00\x0f\
\x00\x00\x00\x26\x00\x02\x00\x00\x00\x02\x00\x00\x00\x05\
\x00\x00\x00\x38\x00\x02\x00\x00\x00\x08\x00\x00\x00\x07\
\x00\x00\x00\x48\x00\x00\x00\x00\x00\x01\x00\x00\x00\x00\
\x00\x00\x00\x70\x00\x00\x00\x00\x00\x01\x00\x00\xa1\x36\
\x00\x00\x00\x90\x00\x00\x00\x00\x00\x01\x00\x00\xa4\x9d\
\x00\x00\x00\xb2\x00\x00\x00\x00\x00\x01\x00\x00\xa6\x9d\
\x00\x00\x00\xd4\x00\x00\x00\x00\x00\x01\x00\x00\xa8\x9d\
\x00\x00\x00\xf4\x00\x00\x00\x00\x00\x01\x00\x00\xac\x04\
\x00\x00\x01\x1e\x00\x00\x00\x00\x00\x01\x00\x00\xb4\xdb\
\x00\x00\x01\x54\x00\x00\x00\x00\x00\x01\x00\x00\xba\x9e\
\x00\x00\x01\x8a\x00\x00\x00\x00\x00\x01\x00\x00\xc0\x61\
\x00\x00\x01\xb4\x00\x00\x00\x00\x00\x01\x00\x00\xc9\x38\
\x00\x00\x01\xd2\x00\x00\x00\x00\x00\x01\x00\x00\xd2\x34\
\x00\x00\x01\xf0\x00\x02\x00\x00\x00\x02\x00\x00\x00\x15\
\x00\x00\x01\xfe\x00\x02\x00\x00\x00\x02\x00\x00\x00\x13\
\x00\x00\x02\x0e\x00\x00\x00\x00\x00\x01\x00\x00\xdb\x30\
\x00\x00\x02\x3e\x00\x00\x00\x00\x00\x01\x00\x00\xdc\x0b\
\x00\x00\x02\x0e\x00\x00\x00\x00\x00\x01\x00\x00\xdc\x0f\
\x00\x00\x02\x3e\x00\x00\x00\x00\x00\x01\x00\x00\xdc\xff\
"

qt_resource_struct_v2 = b"\
\x00\x00\x00\x00\x00\x02\x00\x00\x00\x01\x00\x00\x00\x01\
\x00\x00\x00\x00\x00\x00\x00\x00\
\x00\x00\x00\x00\x00\x02\x00\x00\x00\x03\x00\x00\x00\x02\
\x00\x00\x00\x00\x00\x00\x00\x00\
\x00\x00\x00\x0c\x00\x02\x00\x00\x00\x02\x00\x00\x00\x11\
\x00\x00\x00\x00\x00\x00\x00\x00\
\x00\x00\x00\x18\x00\x02\x00\x00\x00\x02\x00\x00\x00\x0f\
\x00\x00\x00\x00\x00\x00\x00\x00\
\x00\x00\x00\x26\x00\x02\x00\x00\x00\x02\x00\x00\x00\x05\
\x00\x00\x00\x00\x00\x00\x00\x00\
\x00\x00\x00\x38\x00\x02\x00\x00\x00\x08\x00\x00\x00\x07\
\x00\x00\x00\x00\x00\x00\x00\x00\
\x00\x00\x00\x48\x00\x00\x00\x00\x00\x01\x00\x00\x00\x00\
\x00\x00\x01\x92\xf1\xfa\xd4\x5b\
\x00\x00\x00\x70\x00\x00\x00\x00\x00\x01\x00\x00\xa1\x36\
\x00\x00\x01\x92\xf2\x85\x75\x4d\
\x00\x00\x00\x90\x00\x00\x00\x00\x00\x01\x00\x00\xa4\x9d\
\x00\x00\x01\x92\xf4\xb5\x5f\xe9\
\x00\x00\x00\xb2\x00\x00\x00\x00\x00\x01\x00\x00\xa6\x9d\
\x00\x00\x01\x92\xf4\xb5\x62\xa1\
\x00\x00\x00\xd4\x00\x00\x00\x00\x00\x01\x00\x00\xa8\x9d\
\x00\x00\x01\x92\xf2\x84\x97\xfd\
\x00\x00\x00\xf4\x00\x00\x00\x00\x00\x01\x00\x00\xac\x04\
\x00\x00\x01\x8a\xd5\x9e\xf8\xc0\
\x00\x00\x01\x1e\x00\x00\x00\x00\x00\x01\x00\x00\xb4\xdb\
\x00\x00\x01\x8a\xd5\x9c\x7f\xf0\
\x00\x00\x01\x54\x00\x00\x00\x00\x00\x01\x00\x00\xba\x9e\
\x00\x00\x01\x8a\xd5\x9b\xa5\x30\
\x00\x00\x01\x8a\x00\x00\x00\x00\x00\x01\x00\x00\xc0\x61\
\x00\x00\x01\x8a\xd5\x9f\x5e\x50\
\x00\x00\x01\xb4\x00\x00\x00\x00\x00\x01\x00\x00\xc9\x38\
\x00\x00\x01\x8f\x23\x8b\xde\x00\
\x00\x00\x01\xd2\x00\x00\x00\x00\x00\x01\x00\x00\xd2\x34\
\x00\x00\x01\x8f\x23\x8b\x49\x90\
\x00\x00\x01\xf0\x00\x02\x00\x00\x00\x02\x00\x00\x00\x15\
\x00\x00\x00\x00\x00\x00\x00\x00\
\x00\x00\x01\xfe\x00\x02\x00\x00\x00\x02\x00\x00\x00\x13\
\x00\x00\x00\x00\x00\x00\x00\x00\
\x00\x00\x02\x0e\x00\x00\x00\x00\x00\x01\x00\x00\xdb\x30\
\x00\x00\x01\x8a\xd5\xa5\x32\x80\
\x00\x00\x02\x3e\x00\x00\x00\x00\x00\x01\x00\x00\xdc\x0b\
\x00\x00\x01\x92\xf2\x81\x0d\x95\
\x00\x00\x02\x0e\x00\x00\x00\x00\x00\x01\x00\x00\xdc\x0f\
\x00\x00\x01\x8f\x23\x4e\x86\xe0\
\x00\x00\x02\x3e\x00\x00\x00\x00\x00\x01\x00\x00\xdc\xff\
\x00\x00\x01\x92\xf2\x83\x44\x2b\
"

qt_version = [int(v) for v in QtCore.qVersion().split('.')]
if qt_version < [5, 8, 0]:
    rcc_version = 1
    qt_resource_struct = qt_resource_struct_v1
else:
    rcc_version = 2
    qt_resource_struct = qt_resource_struct_v2

def qInitResources():
    QtCore.qRegisterResourceData(rcc_version, qt_resource_struct, qt_resource_name, qt_resource_data)

def qCleanupResources():
    QtCore.qUnregisterResourceData(rcc_version, qt_resource_struct, qt_resource_name, qt_resource_data)

qInitResources()
